column,class,n_missing,prop_missing,n_distinct
player_id,numeric,0,0,2860
match_id,numeric,0,0,4153
competition_id,numeric,0,0,1
season_id,numeric,0,0,12
round_id,numeric,0,0,12
total_matches,numeric,0,0,2
total_matches_in_start,numeric,0,0,2
total_matches_substituted,numeric,0,0,2
total_matches_coming_off,numeric,0,0,2
total_minutes_on_field,numeric,0,0,120
total_minutes_tagged,numeric,0,0,120
total_goals,numeric,0,0,6
total_assists,numeric,0,0,4
total_shots,numeric,0,0,15
total_head_shots,numeric,0,0,8
total_yellow_cards,numeric,0,0,2
total_red_cards,numeric,0,0,2
total_direct_red_cards,numeric,0,0,2
total_penalties,numeric,0,0,4
total_linkup_plays,numeric,0,0,38
total_duels,numeric,0,0,65
total_duels_won,numeric,0,0,33
total_defensive_duels,numeric,0,0,30
total_defensive_duels_won,numeric,0,0,12
total_offensive_duels,numeric,0,0,46
total_offensive_duels_won,numeric,0,0,29
total_aerial_duels,numeric,0,0,33
total_aerial_duels_won,numeric,0,0,20
total_fouls,numeric,0,0,10
total_passes,numeric,0,0,138
total_successful_passes,numeric,0,0,133
total_smart_passes,numeric,0,0,22
total_successful_smart_passes,numeric,0,0,16
total_passes_to_final_third,numeric,0,0,39
total_successful_passes_to_final_third,numeric,0,0,37
total_crosses,numeric,0,0,22
total_successful_crosses,numeric,0,0,11
total_forward_passes,numeric,0,0,60
total_successful_forward_passes,numeric,0,0,53
total_back_passes,numeric,0,0,36
total_successful_back_passes,numeric,0,0,35
total_through_passes,numeric,0,0,16
total_successful_through_passes,numeric,0,0,10
total_key_passes,numeric,0,0,8
total_successful_key_passes,numeric,0,0,8
total_vertical_passes,numeric,0,0,81
total_successful_vertical_passes,numeric,0,0,81
total_long_passes,numeric,0,0,33
total_successful_long_passes,numeric,0,0,25
total_dribbles,numeric,0,0,32
total_successful_dribbles,numeric,0,0,25
total_interceptions,numeric,0,0,23
total_defensive_actions,numeric,0,0,41
total_successful_defensive_actions,numeric,0,0,33
total_attacking_actions,numeric,0,0,49
total_successful_attacking_actions,numeric,0,0,29
total_free_kicks,numeric,0,0,11
total_free_kicks_on_target,numeric,0,0,8
total_direct_free_kicks,numeric,0,0,6
total_direct_free_kicks_on_target,numeric,0,0,5
total_corners,numeric,0,0,15
total_successful_penalties,numeric,0,0,4
total_successful_linkup_plays,numeric,0,0,32
total_accelerations,numeric,0,0,11
total_pressing_duels,numeric,0,0,31
total_pressing_duels_won,numeric,0,0,1
total_loose_ball_duels,numeric,0,0,26
total_loose_ball_duels_won,numeric,0,0,11
total_missed_balls,numeric,0,0,9
total_shot_assists,numeric,0,0,11
total_shot_on_target_assists,numeric,0,0,8
total_recoveries,numeric,0,0,34
total_opponent_half_recoveries,numeric,0,0,16
total_dangerous_opponent_half_recoveries,numeric,0,0,7
total_losses,numeric,0,0,38
total_own_half_losses,numeric,0,0,20
total_dangerous_own_half_losses,numeric,0,0,8
total_xg_shot,numeric,117183,0.7021781466279174,235
total_xg_assist,numeric,130366,0.7811726638104084,155
total_xg_save,numeric,158803,0.9515714414117507,474
total_received_pass,numeric,0,0,124
total_touch_in_box,numeric,0,0,20
total_progressive_run,numeric,0,0,21
total_offsides,numeric,0,0,9
total_clearances,numeric,0,0,20
total_second_assists,numeric,0,0,4
total_third_assists,numeric,0,0,4
total_shots_blocked,numeric,0,0,7
total_fouls_suffered,numeric,0,0,11
total_progressive_passes,numeric,0,0,35
total_counterpressing_recoveries,numeric,0,0,25
total_sliding_tackles,numeric,0,0,9
total_goal_kicks,numeric,0,0,24
total_dribbles_against,numeric,0,0,22
total_dribbles_against_won,numeric,0,0,13
total_goal_kicks_short,numeric,0,0,17
total_goal_kicks_long,numeric,0,0,23
total_shots_on_target,numeric,0,0,8
total_successful_progressive_passes,numeric,0,0,32
total_successful_sliding_tackles,numeric,0,0,7
total_successful_goal_kicks,numeric,0,0,22
total_field_aerial_duels,numeric,0,0,33
total_field_aerial_duels_won,numeric,0,0,20
total_gk_clean_sheets,numeric,0,0,2
total_gk_conceded_goals,numeric,0,0,11
total_gk_shots_against,numeric,0,0,18
total_gk_exits,numeric,0,0,10
total_gk_successful_exits,numeric,0,0,1
total_gk_aerial_duels,numeric,0,0,7
total_gk_aerial_duels_won,numeric,0,0,7
total_gk_saves,numeric,0,0,16
total_new_duels_won,numeric,0,0,36
total_new_defensive_duels_won,numeric,0,0,22
total_new_offensive_duels_won,numeric,0,0,24
total_new_successful_dribbles,numeric,0,0,20
total_lateral_passes,numeric,0,0,81
total_successful_lateral_passes,numeric,0,0,81
average_pass_length,numeric,46781,0.28031878239506247,4828
average_long_pass_length,numeric,76544,0.4586631512718339,5675
average_dribble_distance_from_opponent_goal,numeric,102145,0.612068190670222,748
average_ball_recoveries,numeric,78641,0.4712286904155556,937
average_duels,numeric,81971,0.49118255085837553,1910
average_defensive_duels,numeric,85071,0.5097582167360757,840
average_offensive_duels,numeric,91272,0.5469155406417593,1154
average_aerial_duels,numeric,92218,0.5525841148095995,875
average_fouls,numeric,111707,0.6693651316775024,323
average_goals,numeric,158755,0.9512838181981604,151
average_assists,numeric,161377,0.9669952362405249,120
average_passes,numeric,78574,0.470827216346586,3535
average_smart_passes,numeric,137694,0.8250831410851784,388
average_passes_to_final_third,numeric,83415,0.49983521586721397,983
average_crosses,numeric,122067,0.73144380861072,547
average_dribbles,numeric,108566,0.650543787638194,749
average_shots,numeric,122936,0.7366509872067591,369
average_head_shots,numeric,155937,0.9343979387003026,167
average_interceptions,numeric,84032,0.5035323725919046,640
average_successful_defensive_actions,numeric,79368,0.47558498367139046,984
average_yellow_cards,numeric,149183,0.8939269556880487,67
average_red_cards,numeric,166211,0.9959612907091709,60
average_direct_red_cards,numeric,166628,0.9984600173772358,57
average_successful_attacking_actions,numeric,105967,0.6349701890523415,685
average_free_kicks,numeric,155214,0.9300656140456003,272
average_direct_free_kicks,numeric,163475,0.9795667675345298,114
average_corners,numeric,153673,0.9208317104592983,428
average_penalties,numeric,165717,0.9930011684693052,83
average_accelerations,numeric,139161,0.8338736255505288,304
average_loose_ball_duels,numeric,90528,0.5424573808311113,657
average_missed_balls,numeric,140866,0.844090241783264,230
average_forward_passes,numeric,78049,0.4676813374479432,1559
average_back_passes,numeric,86931,0.5209036162626959,959
average_through_passes,numeric,132333,0.7929592234173233,344
average_key_passes,numeric,148581,0.890319681217605,207
average_vertical_passes,numeric,77739,0.4658237708601732,2019
average_long_passes,numeric,88007,0.5273511699673428,766
average_shot_assists,numeric,133879,0.8022230877550409,294
average_shot_on_target_assists,numeric,148581,0.890319681217605,207
average_linkup_plays,numeric,146750,0.8793480540491956,821
average_opponent_half_recoveries,numeric,97735,0.5856428079216227,496
average_dangerous_opponent_half_recoveries,numeric,146691,0.8789945171824909,189
average_ball_losses,numeric,160050,0.9590436528148126,151
average_losses,numeric,77267,0.4629954759265362,1090
average_own_half_losses,numeric,84627,0.5070977020103664,546
average_dangerous_own_half_losses,numeric,139867,0.838104083650418,206
average_duels_won,numeric,81755,0.4898882463972196,948
average_defensive_duels_won,numeric,116375,0.6973364891991491,326
average_offensive_duels_won,numeric,99309,0.5950744524672679,748
average_successful_passes,numeric,78250,0.46888575965485213,3386
average_successful_smart_passes,numeric,150441,0.901465080744225,261
average_successful_crosses,numeric,142177,0.8519459508044461,287
average_successful_forward_passes,numeric,79061,0.47374539353446987,1378
average_successful_back_passes,numeric,87456,0.5240494951613387,942
average_successful_through_passes,numeric,152568,0.9142103843964406,203
average_successful_key_passes,numeric,148924,0.8923749887647182,206
average_successful_vertical_passes,numeric,78379,0.4696587470413758,1963
average_successful_long_passes,numeric,98896,0.5925996944003356,573
average_successful_dribbles,numeric,115403,0.6915121191239476,592
average_defensive_actions,numeric,78621,0.47110884740989306,1882
average_attacking_actions,numeric,93718,0.561572340234293,1958
average_free_kicks_on_target,numeric,160327,0.9607034784432393,187
average_direct_free_kicks_on_target,numeric,165813,0.9935764148964856,79
average_successful_penalties,numeric,165985,0.9946070647451838,73
average_successful_linkup_plays,numeric,148313,0.8887137849417264,697
average_loose_ball_duels_won,numeric,110351,0.6612397758935794,352
average_successful_passes_to_final_third,numeric,90720,0.543607873685472,871
average_xg_shot,numeric,124817,0.747922221889325,253
average_xg_assist,numeric,135112,0.8096114090541391,161
average_xg_save,numeric,158869,0.9519669233304371,454
average_received_pass,numeric,77991,0.4673337927315217,3136
average_touch_in_box,numeric,117962,0.706846031698475,515
average_progressive_runs,numeric,121545,0.7283159061629265,464
average_offsides,numeric,155115,0.9294723911675705,218
average_clearances,numeric,111921,0.670647451838092,458
average_second_assists,numeric,163764,0.9812984989663541,87
average_third_assists,numeric,164682,0.9867992929262666,76
average_fouls_suffered,numeric,115243,0.690553375078647,329
average_progressive_passes,numeric,79658,0.4773227072534979,956
average_counter_pressing_recoveries,numeric,88309,0.5291607993528478,653
average_sliding_tackles,numeric,141604,0.8485124486922132,241
average_goal_kicks,numeric,157621,0.944488719777092,437
average_shots_blocked,numeric,151194,0.9059771699074213,179
average_shots_on_target,numeric,144940,0.8685022620367319,237
average_successful_progressive_passes,numeric,83028,0.49751625370764296,847
average_successful_sliding_tackles,numeric,153378,0.9190640261257752,174
average_successful_goal_kicks,numeric,157641,0.9446085627827546,383
average_dribbles_against,numeric,99606,0.5968541211013573,540
average_dribbles_against_won,numeric,117666,0.7050723552146688,343
average_goal_kicks_short,numeric,159849,0.9578392306079037,259
average_goal_kicks_long,numeric,158929,0.9523264523474249,350
average_field_aerial_duels,numeric,94788,0.5679839410372413,875
average_field_aerial_duels_won,numeric,112351,0.6732240764598376,522
average_gk_conceded_goals,numeric,160957,0.9644785331216107,159
average_gk_shots_against,numeric,158784,0.9514575905563711,287
average_gk_exits,numeric,160808,0.9635857027294245,172
average_gk_aerial_duels,numeric,164315,0.9846001737723582,81
average_gk_saves,numeric,159194,0.9539143721724541,245
average_gk_successful_exits,numeric,0,0,1
average_gk_aerial_duels_won,numeric,164563,0.9860862270425742,75
average_new_duels_won,numeric,81594,0.4889235102016359,1031
average_newdefensive_duels_won,numeric,89893,0.5386523654013242,591
average_newoffensive_duels_won,numeric,101735,0.6096114090541391,643
average_newsuccessful_dribbles,numeric,120932,0.7246427180393684,493
average_lateral_passes,numeric,77739,0.4658237708601732,2019
average_successful_lateral_passes,numeric,78379,0.4696587470413758,1963
percent_duels_won,numeric,90780,0.5439674027024598,471
percent_defensive_duels_won,numeric,136397,0.81731132216796,100
percent_offensive_duels_won,numeric,130961,0.7847379932288702,223
percent_aerial_duels_won,numeric,147123,0.8815831261048027,130
percent_successful_passes,numeric,87167,0.5223177637295143,1129
percent_successful_smart_passes,numeric,164224,0.9840548880965935,41
percent_successful_passes_to_final_third,numeric,138897,0.8322916978757827,142
percent_successful_crosses,numeric,159631,0.9565329418461815,57
percent_successful_dribbles,numeric,153595,0.9203643227372142,97
percent_shots_on_target,numeric,162735,0.9751325763250143,24
percent_head_shots_on_target,numeric,166708,0.9989393893998861,2
percent_goal_conversion,numeric,164798,0.9874943823591096,17
percent_direct_free_kicks_on_target,numeric,166866,0.9998861491446206,2
percent_penalties_conversion,numeric,1,5.992150283129101e-6,3
percent_win,numeric,0,0,2
percent_successful_forward_passes,numeric,109176,0.6541989993109028,334
percent_successful_back_passes,numeric,151700,0.9090091979506846,66
percent_successful_through_passes,numeric,164590,0.9862480151002188,30
percent_successful_key_passes,numeric,166841,0.9997363453875423,3
percent_successful_vertical_passes,numeric,121257,0.7265901668813853,286
percent_successful_long_passes,numeric,140661,0.8428618509752225,133
percent_successful_shot_assists,numeric,164581,0.9861940857476705,14
percent_successful_linkup_plays,numeric,160801,0.9635437576774426,128
percent_yellow_cards_per_foul,numeric,163973,0.982550858375528,5
percent_successful_progressive_passes,numeric,130067,0.7793810108757527,128
percent_successful_sliding_tackles,numeric,165821,0.9936243520987507,9
percent_successful_goal_kicks,numeric,163350,0.9788177487491386,65
percent_dribbles_against_won,numeric,153172,0.9178296431674506,56
percent_field_aerial_duels_won,numeric,147152,0.8817568984630134,130
percent_gk_saves,numeric,164327,0.9846720795757558,44
percent_gk_successful_exits,numeric,0,0,1
percent_gk_aerial_duels_won,numeric,166856,0.9998262276417893,2
percent_new_duels_won,numeric,102209,0.6124516882883423,494
percent_new_defensive_duels_won,numeric,131603,0.7885849537106391,114
percent_new_offensive_duels_won,numeric,135408,0.8113850855379453,213
percent_new_successful_dribbles,numeric,154011,0.922857057254996,107
_last_modified_at,character,89681,0.5373820295413009,787
_last_imported_at,character,0,0,104
player_name,character,622,0.003727117476106301,2773
