player_id,player_index,n_observed_seasons,first_season_index,last_season_index,span_seasons,n_missing_within_span,has_gap,gap_count,recurrence_class
12,1,2,5,6,2,0,FALSE,0,consecutive-repeat
33,2,4,6,11,6,2,TRUE,1,repeated-with-gap
38,3,3,10,12,3,0,FALSE,0,consecutive-repeat
99,4,2,1,3,3,1,TRUE,1,repeated-with-gap
118,5,2,8,10,3,1,TRUE,1,repeated-with-gap
145,6,1,8,8,1,0,FALSE,0,one-season
151,7,4,2,5,4,0,FALSE,0,consecutive-repeat
253,8,1,5,5,1,0,FALSE,0,one-season
254,9,6,1,6,6,0,FALSE,0,consecutive-repeat
267,10,3,6,8,3,0,FALSE,0,consecutive-repeat
312,11,7,6,12,7,0,FALSE,0,consecutive-repeat
1720,12,2,10,11,2,0,FALSE,0,consecutive-repeat
1751,13,1,4,4,1,0,FALSE,0,one-season
3266,14,3,1,3,3,0,FALSE,0,consecutive-repeat
3267,15,5,1,11,11,6,TRUE,2,repeated-with-gap
3269,16,9,1,9,9,0,FALSE,0,consecutive-repeat
3270,17,7,1,8,8,1,TRUE,1,repeated-with-gap
3274,18,3,1,3,3,0,FALSE,0,consecutive-repeat
3275,19,1,2,2,1,0,FALSE,0,one-season
3276,20,2,2,3,2,0,FALSE,0,consecutive-repeat
3277,21,8,1,9,9,1,TRUE,1,repeated-with-gap
3280,22,5,1,6,6,1,TRUE,1,repeated-with-gap
3281,23,1,11,11,1,0,FALSE,0,one-season
3282,24,9,1,9,9,0,FALSE,0,consecutive-repeat
3284,25,2,1,2,2,0,FALSE,0,consecutive-repeat
3285,26,1,2,2,1,0,FALSE,0,one-season
3286,27,11,1,11,11,0,FALSE,0,consecutive-repeat
3287,28,9,4,12,9,0,FALSE,0,consecutive-repeat
3290,29,5,1,5,5,0,FALSE,0,consecutive-repeat
3291,30,7,1,8,8,1,TRUE,1,repeated-with-gap
3293,31,5,1,5,5,0,FALSE,0,consecutive-repeat
3294,32,5,2,8,7,2,TRUE,1,repeated-with-gap
3296,33,3,2,4,3,0,FALSE,0,consecutive-repeat
3297,34,1,1,1,1,0,FALSE,0,one-season
3299,35,7,3,9,7,0,FALSE,0,consecutive-repeat
3300,36,6,6,11,6,0,FALSE,0,consecutive-repeat
3301,37,1,1,1,1,0,FALSE,0,one-season
3304,38,10,1,10,10,0,FALSE,0,consecutive-repeat
3305,39,3,1,3,3,0,FALSE,0,consecutive-repeat
3306,40,8,1,10,10,2,TRUE,1,repeated-with-gap
3309,41,7,1,7,7,0,FALSE,0,consecutive-repeat
3310,42,8,1,8,8,0,FALSE,0,consecutive-repeat
3313,43,1,10,10,1,0,FALSE,0,one-season
3317,44,6,1,6,6,0,FALSE,0,consecutive-repeat
3321,45,9,1,9,9,0,FALSE,0,consecutive-repeat
3322,46,4,1,4,4,0,FALSE,0,consecutive-repeat
3324,47,5,3,10,8,3,TRUE,2,repeated-with-gap
3325,48,5,1,5,5,0,FALSE,0,consecutive-repeat
3326,49,4,1,5,5,1,TRUE,1,repeated-with-gap
3327,50,6,3,10,8,2,TRUE,1,repeated-with-gap
3330,51,3,1,5,5,2,TRUE,1,repeated-with-gap
3334,52,3,1,8,8,5,TRUE,1,repeated-with-gap
3335,53,9,1,12,12,3,TRUE,2,repeated-with-gap
3336,54,2,1,2,2,0,FALSE,0,consecutive-repeat
3337,55,4,1,4,4,0,FALSE,0,consecutive-repeat
3338,56,10,1,11,11,1,TRUE,1,repeated-with-gap
3339,57,5,2,9,8,3,TRUE,1,repeated-with-gap
3340,58,2,4,5,2,0,FALSE,0,consecutive-repeat
3341,59,8,1,8,8,0,FALSE,0,consecutive-repeat
3344,60,4,1,8,8,4,TRUE,3,repeated-with-gap
3346,61,9,1,9,9,0,FALSE,0,consecutive-repeat
3347,62,8,2,10,9,1,TRUE,1,repeated-with-gap
3348,63,1,4,4,1,0,FALSE,0,one-season
3349,64,3,1,3,3,0,FALSE,0,consecutive-repeat
3351,65,5,3,12,10,5,TRUE,1,repeated-with-gap
3352,66,1,1,1,1,0,FALSE,0,one-season
3353,67,4,1,4,4,0,FALSE,0,consecutive-repeat
3355,68,4,1,4,4,0,FALSE,0,consecutive-repeat
3357,69,3,1,3,3,0,FALSE,0,consecutive-repeat
3358,70,5,4,8,5,0,FALSE,0,consecutive-repeat
3359,71,7,1,7,7,0,FALSE,0,consecutive-repeat
3360,72,1,1,1,1,0,FALSE,0,one-season
3361,73,1,12,12,1,0,FALSE,0,one-season
3366,74,2,2,3,2,0,FALSE,0,consecutive-repeat
3368,75,1,1,1,1,0,FALSE,0,one-season
3372,76,2,2,3,2,0,FALSE,0,consecutive-repeat
3374,77,2,1,2,2,0,FALSE,0,consecutive-repeat
3375,78,3,1,3,3,0,FALSE,0,consecutive-repeat
3378,79,3,1,3,3,0,FALSE,0,consecutive-repeat
3380,80,1,1,1,1,0,FALSE,0,one-season
3381,81,2,1,5,5,3,TRUE,1,repeated-with-gap
3384,82,7,4,10,7,0,FALSE,0,consecutive-repeat
3394,83,1,3,3,1,0,FALSE,0,one-season
3397,84,3,3,10,8,5,TRUE,1,repeated-with-gap
3398,85,1,4,4,1,0,FALSE,0,one-season
3399,86,5,1,5,5,0,FALSE,0,consecutive-repeat
3400,87,1,3,3,1,0,FALSE,0,one-season
3403,88,1,1,1,1,0,FALSE,0,one-season
3404,89,1,1,1,1,0,FALSE,0,one-season
3407,90,2,4,5,2,0,FALSE,0,consecutive-repeat
3408,91,2,3,4,2,0,FALSE,0,consecutive-repeat
3409,92,5,1,5,5,0,FALSE,0,consecutive-repeat
3412,93,2,1,2,2,0,FALSE,0,consecutive-repeat
3413,94,2,9,10,2,0,FALSE,0,consecutive-repeat
3414,95,4,1,4,4,0,FALSE,0,consecutive-repeat
3418,96,5,8,12,5,0,FALSE,0,consecutive-repeat
3419,97,2,6,7,2,0,FALSE,0,consecutive-repeat
3420,98,5,1,5,5,0,FALSE,0,consecutive-repeat
3421,99,11,1,11,11,0,FALSE,0,consecutive-repeat
3423,100,6,1,7,7,1,TRUE,1,repeated-with-gap
3424,101,1,2,2,1,0,FALSE,0,one-season
3425,102,10,1,10,10,0,FALSE,0,consecutive-repeat
3426,103,1,3,3,1,0,FALSE,0,one-season
3428,104,8,1,9,9,1,TRUE,1,repeated-with-gap
3429,105,7,5,12,8,1,TRUE,1,repeated-with-gap
3431,106,1,1,1,1,0,FALSE,0,one-season
3433,107,5,1,5,5,0,FALSE,0,consecutive-repeat
3434,108,4,2,5,4,0,FALSE,0,consecutive-repeat
3436,109,2,10,11,2,0,FALSE,0,consecutive-repeat
3440,110,3,1,3,3,0,FALSE,0,consecutive-repeat
3441,111,4,1,4,4,0,FALSE,0,consecutive-repeat
3442,112,2,3,6,4,2,TRUE,1,repeated-with-gap
3443,113,12,1,12,12,0,FALSE,0,consecutive-repeat
3446,114,4,1,8,8,4,TRUE,3,repeated-with-gap
3447,115,5,1,5,5,0,FALSE,0,consecutive-repeat
3448,116,3,1,3,3,0,FALSE,0,consecutive-repeat
3450,117,3,8,10,3,0,FALSE,0,consecutive-repeat
3451,118,5,2,7,6,1,TRUE,1,repeated-with-gap
3455,119,1,1,1,1,0,FALSE,0,one-season
3458,120,5,1,8,8,3,TRUE,1,repeated-with-gap
3459,121,2,2,3,2,0,FALSE,0,consecutive-repeat
3460,122,6,1,7,7,1,TRUE,1,repeated-with-gap
3464,123,4,2,5,4,0,FALSE,0,consecutive-repeat
3465,124,4,1,4,4,0,FALSE,0,consecutive-repeat
3466,125,4,1,4,4,0,FALSE,0,consecutive-repeat
3468,126,5,1,8,8,3,TRUE,2,repeated-with-gap
3470,127,6,4,11,8,2,TRUE,1,repeated-with-gap
3474,128,8,4,11,8,0,FALSE,0,consecutive-repeat
3476,129,10,1,10,10,0,FALSE,0,consecutive-repeat
3477,130,3,1,3,3,0,FALSE,0,consecutive-repeat
3479,131,1,1,1,1,0,FALSE,0,one-season
3483,132,5,1,9,9,4,TRUE,1,repeated-with-gap
3484,133,1,2,2,1,0,FALSE,0,one-season
3486,134,4,2,7,6,2,TRUE,2,repeated-with-gap
3488,135,3,2,5,4,1,TRUE,1,repeated-with-gap
3493,136,1,3,3,1,0,FALSE,0,one-season
3496,137,5,4,8,5,0,FALSE,0,consecutive-repeat
3501,138,2,2,3,2,0,FALSE,0,consecutive-repeat
3503,139,10,1,10,10,0,FALSE,0,consecutive-repeat
3505,140,1,3,3,1,0,FALSE,0,one-season
3510,141,4,3,7,5,1,TRUE,1,repeated-with-gap
3511,142,4,3,8,6,2,TRUE,1,repeated-with-gap
3519,143,5,3,8,6,1,TRUE,1,repeated-with-gap
3520,144,2,1,2,2,0,FALSE,0,consecutive-repeat
3523,145,7,3,12,10,3,TRUE,1,repeated-with-gap
3526,146,3,1,3,3,0,FALSE,0,consecutive-repeat
3527,147,2,5,6,2,0,FALSE,0,consecutive-repeat
3529,148,8,1,8,8,0,FALSE,0,consecutive-repeat
3534,149,9,1,10,10,1,TRUE,1,repeated-with-gap
3536,150,11,1,12,12,1,TRUE,1,repeated-with-gap
3537,151,1,2,2,1,0,FALSE,0,one-season
3538,152,5,2,6,5,0,FALSE,0,consecutive-repeat
3539,153,4,2,5,4,0,FALSE,0,consecutive-repeat
3541,154,3,1,3,3,0,FALSE,0,consecutive-repeat
3542,155,9,1,9,9,0,FALSE,0,consecutive-repeat
3548,156,2,2,3,2,0,FALSE,0,consecutive-repeat
3553,157,3,1,3,3,0,FALSE,0,consecutive-repeat
3554,158,4,1,6,6,2,TRUE,2,repeated-with-gap
3556,159,1,3,3,1,0,FALSE,0,one-season
3557,160,2,1,2,2,0,FALSE,0,consecutive-repeat
3560,161,2,6,7,2,0,FALSE,0,consecutive-repeat
3561,162,2,1,2,2,0,FALSE,0,consecutive-repeat
3562,163,1,1,1,1,0,FALSE,0,one-season
3563,164,10,1,11,11,1,TRUE,1,repeated-with-gap
3565,165,2,1,2,2,0,FALSE,0,consecutive-repeat
3566,166,3,1,3,3,0,FALSE,0,consecutive-repeat
3567,167,3,5,12,8,5,TRUE,1,repeated-with-gap
3568,168,7,1,7,7,0,FALSE,0,consecutive-repeat
3571,169,8,2,9,8,0,FALSE,0,consecutive-repeat
3572,170,5,2,9,8,3,TRUE,3,repeated-with-gap
3576,171,9,1,11,11,2,TRUE,2,repeated-with-gap
3577,172,1,12,12,1,0,FALSE,0,one-season
3581,173,1,1,1,1,0,FALSE,0,one-season
3582,174,1,11,11,1,0,FALSE,0,one-season
3585,175,2,1,2,2,0,FALSE,0,consecutive-repeat
3588,176,2,1,2,2,0,FALSE,0,consecutive-repeat
3594,177,2,1,2,2,0,FALSE,0,consecutive-repeat
3595,178,5,1,5,5,0,FALSE,0,consecutive-repeat
3598,179,1,3,3,1,0,FALSE,0,one-season
3602,180,4,1,8,8,4,TRUE,2,repeated-with-gap
3603,181,1,6,6,1,0,FALSE,0,one-season
3604,182,2,2,3,2,0,FALSE,0,consecutive-repeat
3605,183,6,2,8,7,1,TRUE,1,repeated-with-gap
3608,184,1,2,2,1,0,FALSE,0,one-season
3629,185,2,1,3,3,1,TRUE,1,repeated-with-gap
3642,186,6,1,6,6,0,FALSE,0,consecutive-repeat
3644,187,9,2,12,11,2,TRUE,1,repeated-with-gap
3645,188,4,1,4,4,0,FALSE,0,consecutive-repeat
3650,189,7,1,8,8,1,TRUE,1,repeated-with-gap
3651,190,4,8,11,4,0,FALSE,0,consecutive-repeat
3653,191,1,2,2,1,0,FALSE,0,one-season
3655,192,2,1,2,2,0,FALSE,0,consecutive-repeat
3656,193,1,7,7,1,0,FALSE,0,one-season
3657,194,1,1,1,1,0,FALSE,0,one-season
3662,195,6,1,10,10,4,TRUE,1,repeated-with-gap
3665,196,2,1,2,2,0,FALSE,0,consecutive-repeat
3667,197,3,1,4,4,1,TRUE,1,repeated-with-gap
3670,198,3,1,3,3,0,FALSE,0,consecutive-repeat
3671,199,11,1,11,11,0,FALSE,0,consecutive-repeat
3672,200,3,1,3,3,0,FALSE,0,consecutive-repeat
3674,201,3,1,4,4,1,TRUE,1,repeated-with-gap
3675,202,2,1,2,2,0,FALSE,0,consecutive-repeat
3676,203,6,1,9,9,3,TRUE,1,repeated-with-gap
3677,204,4,1,5,5,1,TRUE,1,repeated-with-gap
3678,205,4,1,4,4,0,FALSE,0,consecutive-repeat
3680,206,4,2,5,4,0,FALSE,0,consecutive-repeat
3681,207,2,1,2,2,0,FALSE,0,consecutive-repeat
3682,208,12,1,12,12,0,FALSE,0,consecutive-repeat
3685,209,3,1,3,3,0,FALSE,0,consecutive-repeat
3687,210,1,3,3,1,0,FALSE,0,one-season
3688,211,2,1,2,2,0,FALSE,0,consecutive-repeat
3691,212,1,1,1,1,0,FALSE,0,one-season
3692,213,5,2,9,8,3,TRUE,2,repeated-with-gap
3695,214,5,1,5,5,0,FALSE,0,consecutive-repeat
3704,215,6,2,7,6,0,FALSE,0,consecutive-repeat
3705,216,4,1,4,4,0,FALSE,0,consecutive-repeat
3708,217,1,4,4,1,0,FALSE,0,one-season
3714,218,6,1,11,11,5,TRUE,2,repeated-with-gap
3719,219,3,4,7,4,1,TRUE,1,repeated-with-gap
3735,220,4,1,4,4,0,FALSE,0,consecutive-repeat
3738,221,1,2,2,1,0,FALSE,0,one-season
3746,222,1,1,1,1,0,FALSE,0,one-season
3750,223,8,1,8,8,0,FALSE,0,consecutive-repeat
3779,224,2,1,3,3,1,TRUE,1,repeated-with-gap
3780,225,2,1,2,2,0,FALSE,0,consecutive-repeat
3781,226,2,1,2,2,0,FALSE,0,consecutive-repeat
3783,227,1,1,1,1,0,FALSE,0,one-season
3784,228,3,7,9,3,0,FALSE,0,consecutive-repeat
3785,229,4,1,8,8,4,TRUE,2,repeated-with-gap
3787,230,2,1,2,2,0,FALSE,0,consecutive-repeat
3788,231,2,4,5,2,0,FALSE,0,consecutive-repeat
3790,232,5,3,9,7,2,TRUE,1,repeated-with-gap
3791,233,5,2,6,5,0,FALSE,0,consecutive-repeat
3795,234,3,1,5,5,2,TRUE,1,repeated-with-gap
3797,235,6,1,6,6,0,FALSE,0,consecutive-repeat
3798,236,4,1,6,6,2,TRUE,1,repeated-with-gap
3801,237,2,1,2,2,0,FALSE,0,consecutive-repeat
3802,238,4,4,8,5,1,TRUE,1,repeated-with-gap
3803,239,9,1,12,12,3,TRUE,2,repeated-with-gap
3804,240,2,1,2,2,0,FALSE,0,consecutive-repeat
3806,241,6,1,6,6,0,FALSE,0,consecutive-repeat
3808,242,2,1,2,2,0,FALSE,0,consecutive-repeat
3812,243,1,2,2,1,0,FALSE,0,one-season
3814,244,1,1,1,1,0,FALSE,0,one-season
3816,245,3,1,5,5,2,TRUE,1,repeated-with-gap
3819,246,1,1,1,1,0,FALSE,0,one-season
3821,247,5,1,5,5,0,FALSE,0,consecutive-repeat
3822,248,6,2,7,6,0,FALSE,0,consecutive-repeat
3823,249,2,2,3,2,0,FALSE,0,consecutive-repeat
3826,250,2,1,2,2,0,FALSE,0,consecutive-repeat
3827,251,9,1,9,9,0,FALSE,0,consecutive-repeat
3828,252,5,1,6,6,1,TRUE,1,repeated-with-gap
3829,253,4,3,8,6,2,TRUE,1,repeated-with-gap
3835,254,1,1,1,1,0,FALSE,0,one-season
3837,255,2,2,7,6,4,TRUE,1,repeated-with-gap
3840,256,11,2,12,11,0,FALSE,0,consecutive-repeat
3843,257,7,1,7,7,0,FALSE,0,consecutive-repeat
3849,258,1,9,9,1,0,FALSE,0,one-season
3856,259,2,2,4,3,1,TRUE,1,repeated-with-gap
3866,260,2,1,4,4,2,TRUE,1,repeated-with-gap
3874,261,10,3,12,10,0,FALSE,0,consecutive-repeat
3875,262,3,2,5,4,1,TRUE,1,repeated-with-gap
3885,263,7,4,12,9,2,TRUE,2,repeated-with-gap
3908,264,1,6,6,1,0,FALSE,0,one-season
3915,265,4,2,5,4,0,FALSE,0,consecutive-repeat
3916,266,5,1,5,5,0,FALSE,0,consecutive-repeat
3918,267,2,1,2,2,0,FALSE,0,consecutive-repeat
3919,268,2,1,2,2,0,FALSE,0,consecutive-repeat
3920,269,4,2,7,6,2,TRUE,2,repeated-with-gap
3922,270,2,1,2,2,0,FALSE,0,consecutive-repeat
3928,271,7,1,8,8,1,TRUE,1,repeated-with-gap
3933,272,2,2,3,2,0,FALSE,0,consecutive-repeat
3934,273,5,1,5,5,0,FALSE,0,consecutive-repeat
3937,274,8,2,10,9,1,TRUE,1,repeated-with-gap
3943,275,6,6,11,6,0,FALSE,0,consecutive-repeat
3963,276,5,2,6,5,0,FALSE,0,consecutive-repeat
3969,277,2,2,3,2,0,FALSE,0,consecutive-repeat
3970,278,3,3,5,3,0,FALSE,0,consecutive-repeat
3972,279,1,2,2,1,0,FALSE,0,one-season
3974,280,9,1,10,10,1,TRUE,1,repeated-with-gap
3975,281,5,2,7,6,1,TRUE,1,repeated-with-gap
3977,282,2,2,3,2,0,FALSE,0,consecutive-repeat
3979,283,1,3,3,1,0,FALSE,0,one-season
3984,284,1,2,2,1,0,FALSE,0,one-season
3987,285,5,5,11,7,2,TRUE,1,repeated-with-gap
3988,286,1,1,1,1,0,FALSE,0,one-season
3993,287,1,1,1,1,0,FALSE,0,one-season
3994,288,5,1,6,6,1,TRUE,1,repeated-with-gap
4000,289,2,1,2,2,0,FALSE,0,consecutive-repeat
4003,290,4,1,4,4,0,FALSE,0,consecutive-repeat
4007,291,1,1,1,1,0,FALSE,0,one-season
4009,292,3,1,4,4,1,TRUE,1,repeated-with-gap
4012,293,2,1,2,2,0,FALSE,0,consecutive-repeat
4013,294,6,1,6,6,0,FALSE,0,consecutive-repeat
4014,295,7,1,7,7,0,FALSE,0,consecutive-repeat
4015,296,5,1,5,5,0,FALSE,0,consecutive-repeat
4017,297,1,2,2,1,0,FALSE,0,one-season
4021,298,1,2,2,1,0,FALSE,0,one-season
4034,299,4,1,9,9,5,TRUE,1,repeated-with-gap
4048,300,6,2,7,6,0,FALSE,0,consecutive-repeat
4056,301,4,5,10,6,2,TRUE,1,repeated-with-gap
4065,302,4,4,8,5,1,TRUE,1,repeated-with-gap
4078,303,2,5,7,3,1,TRUE,1,repeated-with-gap
4084,304,1,1,1,1,0,FALSE,0,one-season
4086,305,4,1,4,4,0,FALSE,0,consecutive-repeat
4093,306,1,1,1,1,0,FALSE,0,one-season
4094,307,7,1,7,7,0,FALSE,0,consecutive-repeat
4102,308,1,1,1,1,0,FALSE,0,one-season
4110,309,1,1,1,1,0,FALSE,0,one-season
4113,310,6,1,7,7,1,TRUE,1,repeated-with-gap
4116,311,1,1,1,1,0,FALSE,0,one-season
4127,312,2,1,2,2,0,FALSE,0,consecutive-repeat
4131,313,6,4,9,6,0,FALSE,0,consecutive-repeat
4180,314,4,1,4,4,0,FALSE,0,consecutive-repeat
4232,315,3,4,7,4,1,TRUE,1,repeated-with-gap
4234,316,3,1,3,3,0,FALSE,0,consecutive-repeat
4238,317,3,1,4,4,1,TRUE,1,repeated-with-gap
4239,318,2,1,2,2,0,FALSE,0,consecutive-repeat
4242,319,1,1,1,1,0,FALSE,0,one-season
4243,320,2,1,2,2,0,FALSE,0,consecutive-repeat
4248,321,1,3,3,1,0,FALSE,0,one-season
4249,322,1,1,1,1,0,FALSE,0,one-season
4252,323,1,1,1,1,0,FALSE,0,one-season
4256,324,9,1,9,9,0,FALSE,0,consecutive-repeat
4257,325,1,1,1,1,0,FALSE,0,one-season
4260,326,2,2,5,4,2,TRUE,1,repeated-with-gap
4268,327,3,1,3,3,0,FALSE,0,consecutive-repeat
4272,328,6,1,8,8,2,TRUE,1,repeated-with-gap
4278,329,5,1,9,9,4,TRUE,3,repeated-with-gap
4285,330,3,1,7,7,4,TRUE,1,repeated-with-gap
4288,331,1,1,1,1,0,FALSE,0,one-season
4303,332,8,3,11,9,1,TRUE,1,repeated-with-gap
4320,333,3,5,7,3,0,FALSE,0,consecutive-repeat
4325,334,2,5,7,3,1,TRUE,1,repeated-with-gap
4326,335,5,1,5,5,0,FALSE,0,consecutive-repeat
4329,336,3,1,3,3,0,FALSE,0,consecutive-repeat
4332,337,4,1,4,4,0,FALSE,0,consecutive-repeat
4336,338,2,1,2,2,0,FALSE,0,consecutive-repeat
4337,339,2,1,2,2,0,FALSE,0,consecutive-repeat
4338,340,3,4,6,3,0,FALSE,0,consecutive-repeat
4342,341,2,1,2,2,0,FALSE,0,consecutive-repeat
4344,342,2,7,8,2,0,FALSE,0,consecutive-repeat
4348,343,1,4,4,1,0,FALSE,0,one-season
4350,344,3,2,4,3,0,FALSE,0,consecutive-repeat
4355,345,3,2,4,3,0,FALSE,0,consecutive-repeat
4358,346,6,3,8,6,0,FALSE,0,consecutive-repeat
4360,347,5,4,11,8,3,TRUE,1,repeated-with-gap
4361,348,1,4,4,1,0,FALSE,0,one-season
4362,349,3,2,4,3,0,FALSE,0,consecutive-repeat
4363,350,3,2,4,3,0,FALSE,0,consecutive-repeat
4365,351,6,2,9,8,2,TRUE,2,repeated-with-gap
4366,352,1,2,2,1,0,FALSE,0,one-season
4371,353,3,2,4,3,0,FALSE,0,consecutive-repeat
4375,354,6,1,6,6,0,FALSE,0,consecutive-repeat
4379,355,4,2,10,9,5,TRUE,1,repeated-with-gap
4422,356,2,8,12,5,3,TRUE,1,repeated-with-gap
4424,357,5,1,12,12,7,TRUE,1,repeated-with-gap
4425,358,4,3,8,6,2,TRUE,1,repeated-with-gap
4440,359,1,4,4,1,0,FALSE,0,one-season
4452,360,11,1,12,12,1,TRUE,1,repeated-with-gap
4476,361,4,3,6,4,0,FALSE,0,consecutive-repeat
4487,362,1,1,1,1,0,FALSE,0,one-season
4488,363,10,1,11,11,1,TRUE,1,repeated-with-gap
4492,364,2,9,11,3,1,TRUE,1,repeated-with-gap
4498,365,11,1,11,11,0,FALSE,0,consecutive-repeat
4501,366,11,1,11,11,0,FALSE,0,consecutive-repeat
4507,367,4,7,10,4,0,FALSE,0,consecutive-repeat
4509,368,6,2,12,11,5,TRUE,1,repeated-with-gap
4511,369,5,1,7,7,2,TRUE,1,repeated-with-gap
4513,370,7,1,8,8,1,TRUE,1,repeated-with-gap
4515,371,4,5,9,5,1,TRUE,1,repeated-with-gap
4580,372,3,1,3,3,0,FALSE,0,consecutive-repeat
4590,373,2,1,2,2,0,FALSE,0,consecutive-repeat
4592,374,1,1,1,1,0,FALSE,0,one-season
4593,375,1,4,4,1,0,FALSE,0,one-season
4597,376,2,1,2,2,0,FALSE,0,consecutive-repeat
4602,377,3,1,3,3,0,FALSE,0,consecutive-repeat
4683,378,2,3,4,2,0,FALSE,0,consecutive-repeat
4720,379,1,6,6,1,0,FALSE,0,one-season
4752,380,1,5,5,1,0,FALSE,0,one-season
4757,381,1,1,1,1,0,FALSE,0,one-season
4778,382,1,1,1,1,0,FALSE,0,one-season
4780,383,4,2,5,4,0,FALSE,0,consecutive-repeat
4785,384,4,5,9,5,1,TRUE,1,repeated-with-gap
4786,385,4,8,11,4,0,FALSE,0,consecutive-repeat
4789,386,2,2,3,2,0,FALSE,0,consecutive-repeat
4790,387,2,2,3,2,0,FALSE,0,consecutive-repeat
4791,388,1,1,1,1,0,FALSE,0,one-season
4804,389,3,1,9,9,6,TRUE,1,repeated-with-gap
4805,390,7,1,7,7,0,FALSE,0,consecutive-repeat
4821,391,3,5,7,3,0,FALSE,0,consecutive-repeat
4879,392,2,3,4,2,0,FALSE,0,consecutive-repeat
4880,393,3,1,6,6,3,TRUE,1,repeated-with-gap
4889,394,1,3,3,1,0,FALSE,0,one-season
4892,395,12,1,12,12,0,FALSE,0,consecutive-repeat
4902,396,5,2,8,7,2,TRUE,1,repeated-with-gap
4908,397,4,6,10,5,1,TRUE,1,repeated-with-gap
4911,398,5,1,5,5,0,FALSE,0,consecutive-repeat
4918,399,1,1,1,1,0,FALSE,0,one-season
4923,400,3,7,9,3,0,FALSE,0,consecutive-repeat
4936,401,3,2,4,3,0,FALSE,0,consecutive-repeat
4969,402,3,2,4,3,0,FALSE,0,consecutive-repeat
4997,403,2,5,6,2,0,FALSE,0,consecutive-repeat
5055,404,4,1,9,9,5,TRUE,2,repeated-with-gap
5112,405,6,7,12,6,0,FALSE,0,consecutive-repeat
5121,406,1,1,1,1,0,FALSE,0,one-season
5138,407,1,1,1,1,0,FALSE,0,one-season
5147,408,6,4,10,7,1,TRUE,1,repeated-with-gap
5167,409,2,5,7,3,1,TRUE,1,repeated-with-gap
5171,410,4,1,7,7,3,TRUE,1,repeated-with-gap
5195,411,2,3,4,2,0,FALSE,0,consecutive-repeat
5210,412,2,6,8,3,1,TRUE,1,repeated-with-gap
5268,413,6,3,9,7,1,TRUE,1,repeated-with-gap
5272,414,1,1,1,1,0,FALSE,0,one-season
5280,415,1,1,1,1,0,FALSE,0,one-season
5281,416,5,1,11,11,6,TRUE,2,repeated-with-gap
5284,417,3,1,3,3,0,FALSE,0,consecutive-repeat
5286,418,1,1,1,1,0,FALSE,0,one-season
5289,419,3,1,3,3,0,FALSE,0,consecutive-repeat
5290,420,5,1,7,7,2,TRUE,1,repeated-with-gap
5291,421,1,3,3,1,0,FALSE,0,one-season
5297,422,1,1,1,1,0,FALSE,0,one-season
5318,423,2,2,3,2,0,FALSE,0,consecutive-repeat
5327,424,1,7,7,1,0,FALSE,0,one-season
5383,425,6,1,7,7,1,TRUE,1,repeated-with-gap
5400,426,11,1,11,11,0,FALSE,0,consecutive-repeat
5406,427,1,1,1,1,0,FALSE,0,one-season
5472,428,6,2,10,9,3,TRUE,1,repeated-with-gap
5481,429,4,2,6,5,1,TRUE,1,repeated-with-gap
5538,430,5,1,7,7,2,TRUE,1,repeated-with-gap
5542,431,10,1,10,10,0,FALSE,0,consecutive-repeat
5586,432,1,3,3,1,0,FALSE,0,one-season
5653,433,3,3,5,3,0,FALSE,0,consecutive-repeat
5677,434,6,2,7,6,0,FALSE,0,consecutive-repeat
5725,435,1,6,6,1,0,FALSE,0,one-season
5791,436,4,2,5,4,0,FALSE,0,consecutive-repeat
5875,437,1,5,5,1,0,FALSE,0,one-season
5901,438,1,1,1,1,0,FALSE,0,one-season
5902,439,3,8,11,4,1,TRUE,1,repeated-with-gap
5907,440,1,3,3,1,0,FALSE,0,one-season
5910,441,6,5,12,8,2,TRUE,1,repeated-with-gap
5911,442,8,3,11,9,1,TRUE,1,repeated-with-gap
6035,443,6,5,10,6,0,FALSE,0,consecutive-repeat
6106,444,4,6,10,5,1,TRUE,1,repeated-with-gap
6165,445,3,1,4,4,1,TRUE,1,repeated-with-gap
6210,446,2,4,5,2,0,FALSE,0,consecutive-repeat
6281,447,10,1,10,10,0,FALSE,0,consecutive-repeat
6286,448,1,1,1,1,0,FALSE,0,one-season
6287,449,2,6,7,2,0,FALSE,0,consecutive-repeat
6292,450,2,3,7,5,3,TRUE,1,repeated-with-gap
6317,451,6,3,10,8,2,TRUE,1,repeated-with-gap
6325,452,3,7,9,3,0,FALSE,0,consecutive-repeat
6338,453,6,3,10,8,2,TRUE,1,repeated-with-gap
6362,454,6,5,10,6,0,FALSE,0,consecutive-repeat
6363,455,1,3,3,1,0,FALSE,0,one-season
6365,456,4,3,6,4,0,FALSE,0,consecutive-repeat
6369,457,1,9,9,1,0,FALSE,0,one-season
6370,458,4,2,6,5,1,TRUE,1,repeated-with-gap
6386,459,1,7,7,1,0,FALSE,0,one-season
6456,460,5,6,11,6,1,TRUE,1,repeated-with-gap
6513,461,5,3,7,5,0,FALSE,0,consecutive-repeat
6525,462,6,1,8,8,2,TRUE,1,repeated-with-gap
6528,463,2,5,6,2,0,FALSE,0,consecutive-repeat
6531,464,1,3,3,1,0,FALSE,0,one-season
6572,465,4,7,10,4,0,FALSE,0,consecutive-repeat
6579,466,6,6,12,7,1,TRUE,1,repeated-with-gap
6684,467,4,2,7,6,2,TRUE,2,repeated-with-gap
6914,468,2,3,4,2,0,FALSE,0,consecutive-repeat
6925,469,1,3,3,1,0,FALSE,0,one-season
6950,470,4,1,7,7,3,TRUE,3,repeated-with-gap
7069,471,1,1,1,1,0,FALSE,0,one-season
7072,472,5,1,8,8,3,TRUE,1,repeated-with-gap
7302,473,3,2,4,3,0,FALSE,0,consecutive-repeat
7458,474,7,5,11,7,0,FALSE,0,consecutive-repeat
7585,475,5,3,7,5,0,FALSE,0,consecutive-repeat
7593,476,1,6,6,1,0,FALSE,0,one-season
7612,477,4,5,8,4,0,FALSE,0,consecutive-repeat
7623,478,7,1,10,10,3,TRUE,1,repeated-with-gap
7624,479,3,2,7,6,3,TRUE,1,repeated-with-gap
7629,480,7,5,11,7,0,FALSE,0,consecutive-repeat
7693,481,5,7,12,6,1,TRUE,1,repeated-with-gap
7818,482,3,5,8,4,1,TRUE,1,repeated-with-gap
7848,483,1,4,4,1,0,FALSE,0,one-season
7849,484,2,11,12,2,0,FALSE,0,consecutive-repeat
7857,485,2,4,10,7,5,TRUE,1,repeated-with-gap
7860,486,3,2,5,4,1,TRUE,1,repeated-with-gap
7864,487,7,4,10,7,0,FALSE,0,consecutive-repeat
7899,488,3,9,11,3,0,FALSE,0,consecutive-repeat
7908,489,4,1,4,4,0,FALSE,0,consecutive-repeat
7926,490,1,3,3,1,0,FALSE,0,one-season
7941,491,2,1,6,6,4,TRUE,1,repeated-with-gap
7949,492,1,9,9,1,0,FALSE,0,one-season
7972,493,8,1,8,8,0,FALSE,0,consecutive-repeat
8032,494,3,9,12,4,1,TRUE,1,repeated-with-gap
8200,495,3,2,4,3,0,FALSE,0,consecutive-repeat
8213,496,6,1,8,8,2,TRUE,1,repeated-with-gap
8278,497,6,1,6,6,0,FALSE,0,consecutive-repeat
8287,498,11,1,11,11,0,FALSE,0,consecutive-repeat
8297,499,1,1,1,1,0,FALSE,0,one-season
8303,500,1,4,4,1,0,FALSE,0,one-season
8309,501,3,7,9,3,0,FALSE,0,consecutive-repeat
8311,502,9,2,10,9,0,FALSE,0,consecutive-repeat
8317,503,3,7,9,3,0,FALSE,0,consecutive-repeat
8320,504,1,3,3,1,0,FALSE,0,one-season
8323,505,10,1,12,12,2,TRUE,2,repeated-with-gap
8609,506,1,2,2,1,0,FALSE,0,one-season
8945,507,3,6,8,3,0,FALSE,0,consecutive-repeat
8992,508,5,7,12,6,1,TRUE,1,repeated-with-gap
11063,509,5,6,11,6,1,TRUE,1,repeated-with-gap
14687,510,1,10,10,1,0,FALSE,0,one-season
14723,511,10,1,10,10,0,FALSE,0,consecutive-repeat
14724,512,3,8,10,3,0,FALSE,0,consecutive-repeat
14740,513,2,1,2,2,0,FALSE,0,consecutive-repeat
14748,514,4,9,12,4,0,FALSE,0,consecutive-repeat
14757,515,1,4,4,1,0,FALSE,0,one-season
14763,516,1,7,7,1,0,FALSE,0,one-season
14808,517,1,10,10,1,0,FALSE,0,one-season
14817,518,4,9,12,4,0,FALSE,0,consecutive-repeat
14836,519,6,2,7,6,0,FALSE,0,consecutive-repeat
14852,520,9,1,9,9,0,FALSE,0,consecutive-repeat
14866,521,2,3,4,2,0,FALSE,0,consecutive-repeat
14893,522,1,2,2,1,0,FALSE,0,one-season
14922,523,2,11,12,2,0,FALSE,0,consecutive-repeat
14943,524,1,1,1,1,0,FALSE,0,one-season
15008,525,10,2,11,10,0,FALSE,0,consecutive-repeat
15101,526,1,2,2,1,0,FALSE,0,one-season
15111,527,1,3,3,1,0,FALSE,0,one-season
15190,528,1,1,1,1,0,FALSE,0,one-season
15214,529,3,1,4,4,1,TRUE,1,repeated-with-gap
15455,530,1,4,4,1,0,FALSE,0,one-season
15817,531,1,3,3,1,0,FALSE,0,one-season
16814,532,1,12,12,1,0,FALSE,0,one-season
20393,533,3,2,4,3,0,FALSE,0,consecutive-repeat
20401,534,1,4,4,1,0,FALSE,0,one-season
20402,535,1,3,3,1,0,FALSE,0,one-season
20406,536,2,4,5,2,0,FALSE,0,consecutive-repeat
20423,537,1,3,3,1,0,FALSE,0,one-season
20433,538,2,4,5,2,0,FALSE,0,consecutive-repeat
20436,539,6,3,8,6,0,FALSE,0,consecutive-repeat
20441,540,3,8,10,3,0,FALSE,0,consecutive-repeat
20443,541,1,7,7,1,0,FALSE,0,one-season
20450,542,1,4,4,1,0,FALSE,0,one-season
20460,543,1,8,8,1,0,FALSE,0,one-season
20475,544,2,5,6,2,0,FALSE,0,consecutive-repeat
20536,545,1,4,4,1,0,FALSE,0,one-season
20547,546,1,2,2,1,0,FALSE,0,one-season
20612,547,3,1,8,8,5,TRUE,1,repeated-with-gap
20618,548,1,3,3,1,0,FALSE,0,one-season
20623,549,2,3,4,2,0,FALSE,0,consecutive-repeat
20636,550,1,2,2,1,0,FALSE,0,one-season
20643,551,1,1,1,1,0,FALSE,0,one-season
20672,552,2,1,2,2,0,FALSE,0,consecutive-repeat
20685,553,3,1,3,3,0,FALSE,0,consecutive-repeat
20722,554,1,1,1,1,0,FALSE,0,one-season
20728,555,2,1,2,2,0,FALSE,0,consecutive-repeat
20733,556,1,1,1,1,0,FALSE,0,one-season
20764,557,1,4,4,1,0,FALSE,0,one-season
20766,558,1,9,9,1,0,FALSE,0,one-season
20803,559,1,4,4,1,0,FALSE,0,one-season
20808,560,1,4,4,1,0,FALSE,0,one-season
20823,561,4,3,6,4,0,FALSE,0,consecutive-repeat
20884,562,1,1,1,1,0,FALSE,0,one-season
20922,563,3,4,7,4,1,TRUE,1,repeated-with-gap
20932,564,3,9,11,3,0,FALSE,0,consecutive-repeat
20936,565,1,2,2,1,0,FALSE,0,one-season
20948,566,1,3,3,1,0,FALSE,0,one-season
21077,567,3,7,9,3,0,FALSE,0,consecutive-repeat
21174,568,1,9,9,1,0,FALSE,0,one-season
21550,569,1,3,3,1,0,FALSE,0,one-season
21793,570,3,2,5,4,1,TRUE,1,repeated-with-gap
21842,571,1,2,2,1,0,FALSE,0,one-season
21894,572,4,2,5,4,0,FALSE,0,consecutive-repeat
22202,573,2,3,4,2,0,FALSE,0,consecutive-repeat
22386,574,1,5,5,1,0,FALSE,0,one-season
22566,575,1,6,6,1,0,FALSE,0,one-season
22578,576,2,3,4,2,0,FALSE,0,consecutive-repeat
25391,577,2,1,2,2,0,FALSE,0,consecutive-repeat
25392,578,1,3,3,1,0,FALSE,0,one-season
25397,579,5,3,7,5,0,FALSE,0,consecutive-repeat
25405,580,4,5,8,4,0,FALSE,0,consecutive-repeat
25407,581,1,9,9,1,0,FALSE,0,one-season
25418,582,1,2,2,1,0,FALSE,0,one-season
25421,583,1,3,3,1,0,FALSE,0,one-season
25440,584,1,8,8,1,0,FALSE,0,one-season
25441,585,1,1,1,1,0,FALSE,0,one-season
25445,586,7,1,7,7,0,FALSE,0,consecutive-repeat
25452,587,1,4,4,1,0,FALSE,0,one-season
25461,588,2,4,5,2,0,FALSE,0,consecutive-repeat
25470,589,1,5,5,1,0,FALSE,0,one-season
25472,590,4,2,11,10,6,TRUE,1,repeated-with-gap
25477,591,1,5,5,1,0,FALSE,0,one-season
25537,592,2,1,2,2,0,FALSE,0,consecutive-repeat
25553,593,3,10,12,3,0,FALSE,0,consecutive-repeat
25568,594,1,1,1,1,0,FALSE,0,one-season
25577,595,1,4,4,1,0,FALSE,0,one-season
25586,596,2,2,3,2,0,FALSE,0,consecutive-repeat
25590,597,2,1,2,2,0,FALSE,0,consecutive-repeat
25623,598,6,4,9,6,0,FALSE,0,consecutive-repeat
25638,599,11,1,12,12,1,TRUE,1,repeated-with-gap
25701,600,2,3,4,2,0,FALSE,0,consecutive-repeat
25707,601,3,6,8,3,0,FALSE,0,consecutive-repeat
25784,602,2,2,3,2,0,FALSE,0,consecutive-repeat
25785,603,1,8,8,1,0,FALSE,0,one-season
25795,604,3,3,5,3,0,FALSE,0,consecutive-repeat
25798,605,4,7,10,4,0,FALSE,0,consecutive-repeat
25809,606,1,3,3,1,0,FALSE,0,one-season
25816,607,2,2,3,2,0,FALSE,0,consecutive-repeat
25831,608,2,2,3,2,0,FALSE,0,consecutive-repeat
25867,609,1,8,8,1,0,FALSE,0,one-season
25888,610,4,1,4,4,0,FALSE,0,consecutive-repeat
25942,611,1,5,5,1,0,FALSE,0,one-season
26016,612,1,9,9,1,0,FALSE,0,one-season
26032,613,1,4,4,1,0,FALSE,0,one-season
26038,614,1,1,1,1,0,FALSE,0,one-season
26065,615,1,3,3,1,0,FALSE,0,one-season
26084,616,1,4,4,1,0,FALSE,0,one-season
26167,617,3,2,4,3,0,FALSE,0,consecutive-repeat
26195,618,1,3,3,1,0,FALSE,0,one-season
26307,619,8,3,10,8,0,FALSE,0,consecutive-repeat
26332,620,1,4,4,1,0,FALSE,0,one-season
26384,621,3,1,5,5,2,TRUE,2,repeated-with-gap
26515,622,1,2,2,1,0,FALSE,0,one-season
26518,623,1,4,4,1,0,FALSE,0,one-season
26638,624,2,5,6,2,0,FALSE,0,consecutive-repeat
26652,625,7,2,8,7,0,FALSE,0,consecutive-repeat
26792,626,2,2,3,2,0,FALSE,0,consecutive-repeat
28115,627,5,6,10,5,0,FALSE,0,consecutive-repeat
28232,628,2,5,6,2,0,FALSE,0,consecutive-repeat
28292,629,1,2,2,1,0,FALSE,0,one-season
28529,630,4,8,11,4,0,FALSE,0,consecutive-repeat
28922,631,5,5,9,5,0,FALSE,0,consecutive-repeat
29642,632,1,4,4,1,0,FALSE,0,one-season
32577,633,7,1,7,7,0,FALSE,0,consecutive-repeat
32601,634,5,1,8,8,3,TRUE,2,repeated-with-gap
32652,635,2,3,4,2,0,FALSE,0,consecutive-repeat
32793,636,1,2,2,1,0,FALSE,0,one-season
32968,637,3,1,4,4,1,TRUE,1,repeated-with-gap
32978,638,4,5,8,4,0,FALSE,0,consecutive-repeat
33219,639,1,2,2,1,0,FALSE,0,one-season
37762,640,7,5,11,7,0,FALSE,0,consecutive-repeat
37814,641,1,3,3,1,0,FALSE,0,one-season
37831,642,6,1,8,8,2,TRUE,1,repeated-with-gap
37836,643,1,4,4,1,0,FALSE,0,one-season
38093,644,1,5,5,1,0,FALSE,0,one-season
38094,645,1,4,4,1,0,FALSE,0,one-season
38436,646,2,3,4,2,0,FALSE,0,consecutive-repeat
40542,647,3,6,8,3,0,FALSE,0,consecutive-repeat
40550,648,1,4,4,1,0,FALSE,0,one-season
40574,649,1,2,2,1,0,FALSE,0,one-season
40614,650,2,3,4,2,0,FALSE,0,consecutive-repeat
40756,651,7,2,8,7,0,FALSE,0,consecutive-repeat
40770,652,9,2,10,9,0,FALSE,0,consecutive-repeat
40800,653,1,4,4,1,0,FALSE,0,one-season
40810,654,3,1,3,3,0,FALSE,0,consecutive-repeat
41029,655,1,3,3,1,0,FALSE,0,one-season
41124,656,4,1,6,6,2,TRUE,1,repeated-with-gap
41339,657,1,9,9,1,0,FALSE,0,one-season
41363,658,7,4,10,7,0,FALSE,0,consecutive-repeat
42183,659,2,2,3,2,0,FALSE,0,consecutive-repeat
43051,660,2,3,4,2,0,FALSE,0,consecutive-repeat
48354,661,1,8,8,1,0,FALSE,0,one-season
50102,662,1,4,4,1,0,FALSE,0,one-season
50213,663,1,2,2,1,0,FALSE,0,one-season
51004,664,4,1,4,4,0,FALSE,0,consecutive-repeat
51217,665,1,8,8,1,0,FALSE,0,one-season
55095,666,2,10,11,2,0,FALSE,0,consecutive-repeat
55224,667,5,8,12,5,0,FALSE,0,consecutive-repeat
55968,668,4,5,9,5,1,TRUE,1,repeated-with-gap
55990,669,1,8,8,1,0,FALSE,0,one-season
56009,670,2,3,4,2,0,FALSE,0,consecutive-repeat
56025,671,3,1,4,4,1,TRUE,1,repeated-with-gap
56408,672,2,7,8,2,0,FALSE,0,consecutive-repeat
57347,673,1,3,3,1,0,FALSE,0,one-season
61390,674,2,2,12,11,9,TRUE,1,repeated-with-gap
69403,675,1,1,1,1,0,FALSE,0,one-season
69404,676,3,2,4,3,0,FALSE,0,consecutive-repeat
69409,677,4,3,8,6,2,TRUE,1,repeated-with-gap
69513,678,7,6,12,7,0,FALSE,0,consecutive-repeat
69610,679,3,2,5,4,1,TRUE,1,repeated-with-gap
70083,680,2,2,3,2,0,FALSE,0,consecutive-repeat
70085,681,2,3,6,4,2,TRUE,1,repeated-with-gap
70086,682,1,1,1,1,0,FALSE,0,one-season
70094,683,5,6,10,5,0,FALSE,0,consecutive-repeat
70096,684,3,1,3,3,0,FALSE,0,consecutive-repeat
70112,685,4,3,6,4,0,FALSE,0,consecutive-repeat
70120,686,2,4,5,2,0,FALSE,0,consecutive-repeat
70121,687,1,3,3,1,0,FALSE,0,one-season
70123,688,4,9,12,4,0,FALSE,0,consecutive-repeat
70125,689,6,1,8,8,2,TRUE,2,repeated-with-gap
70129,690,6,1,6,6,0,FALSE,0,consecutive-repeat
70136,691,3,5,8,4,1,TRUE,1,repeated-with-gap
70139,692,1,1,1,1,0,FALSE,0,one-season
70140,693,6,1,6,6,0,FALSE,0,consecutive-repeat
70159,694,1,2,2,1,0,FALSE,0,one-season
70164,695,1,2,2,1,0,FALSE,0,one-season
70235,696,1,1,1,1,0,FALSE,0,one-season
70273,697,12,1,12,12,0,FALSE,0,consecutive-repeat
70315,698,1,1,1,1,0,FALSE,0,one-season
70327,699,2,1,2,2,0,FALSE,0,consecutive-repeat
70391,700,2,1,5,5,3,TRUE,1,repeated-with-gap
70451,701,5,1,5,5,0,FALSE,0,consecutive-repeat
70507,702,4,4,7,4,0,FALSE,0,consecutive-repeat
70767,703,2,2,3,2,0,FALSE,0,consecutive-repeat
70956,704,1,5,5,1,0,FALSE,0,one-season
70975,705,1,2,2,1,0,FALSE,0,one-season
71004,706,1,1,1,1,0,FALSE,0,one-season
71057,707,1,1,1,1,0,FALSE,0,one-season
71911,708,1,6,6,1,0,FALSE,0,one-season
71997,709,1,3,3,1,0,FALSE,0,one-season
82468,710,3,5,7,3,0,FALSE,0,consecutive-repeat
83876,711,1,1,1,1,0,FALSE,0,one-season
85113,712,1,3,3,1,0,FALSE,0,one-season
86183,713,5,3,7,5,0,FALSE,0,consecutive-repeat
86198,714,1,7,7,1,0,FALSE,0,one-season
86200,715,2,2,3,2,0,FALSE,0,consecutive-repeat
86212,716,7,1,9,9,2,TRUE,1,repeated-with-gap
86220,717,3,3,5,3,0,FALSE,0,consecutive-repeat
86234,718,3,1,3,3,0,FALSE,0,consecutive-repeat
86239,719,4,5,8,4,0,FALSE,0,consecutive-repeat
86298,720,1,8,8,1,0,FALSE,0,one-season
86307,721,4,1,4,4,0,FALSE,0,consecutive-repeat
86319,722,1,4,4,1,0,FALSE,0,one-season
86325,723,3,5,7,3,0,FALSE,0,consecutive-repeat
86328,724,5,2,10,9,4,TRUE,1,repeated-with-gap
86338,725,5,6,10,5,0,FALSE,0,consecutive-repeat
86507,726,2,6,9,4,2,TRUE,1,repeated-with-gap
86517,727,2,5,6,2,0,FALSE,0,consecutive-repeat
86548,728,1,2,2,1,0,FALSE,0,one-season
86623,729,2,1,2,2,0,FALSE,0,consecutive-repeat
86716,730,4,1,4,4,0,FALSE,0,consecutive-repeat
86737,731,1,6,6,1,0,FALSE,0,one-season
86796,732,2,7,8,2,0,FALSE,0,consecutive-repeat
86800,733,1,8,8,1,0,FALSE,0,one-season
86810,734,1,9,9,1,0,FALSE,0,one-season
86828,735,1,4,4,1,0,FALSE,0,one-season
86882,736,2,1,2,2,0,FALSE,0,consecutive-repeat
88642,737,6,5,11,7,1,TRUE,1,repeated-with-gap
88969,738,1,5,5,1,0,FALSE,0,one-season
89073,739,4,7,10,4,0,FALSE,0,consecutive-repeat
89133,740,3,7,9,3,0,FALSE,0,consecutive-repeat
89550,741,2,2,3,2,0,FALSE,0,consecutive-repeat
89700,742,4,1,9,9,5,TRUE,1,repeated-with-gap
89712,743,1,3,3,1,0,FALSE,0,one-season
90774,744,3,7,9,3,0,FALSE,0,consecutive-repeat
91064,745,2,3,4,2,0,FALSE,0,consecutive-repeat
91268,746,1,1,1,1,0,FALSE,0,one-season
91282,747,1,2,2,1,0,FALSE,0,one-season
91519,748,1,1,1,1,0,FALSE,0,one-season
91702,749,7,4,12,9,2,TRUE,1,repeated-with-gap
92874,750,1,1,1,1,0,FALSE,0,one-season
92886,751,2,1,2,2,0,FALSE,0,consecutive-repeat
92893,752,1,1,1,1,0,FALSE,0,one-season
92910,753,1,6,6,1,0,FALSE,0,one-season
93000,754,2,4,5,2,0,FALSE,0,consecutive-repeat
93003,755,5,3,7,5,0,FALSE,0,consecutive-repeat
93033,756,1,1,1,1,0,FALSE,0,one-season
94764,757,1,7,7,1,0,FALSE,0,one-season
94828,758,1,4,4,1,0,FALSE,0,one-season
98072,759,1,2,2,1,0,FALSE,0,one-season
101605,760,1,5,5,1,0,FALSE,0,one-season
101635,761,3,1,3,3,0,FALSE,0,consecutive-repeat
101649,762,2,1,3,3,1,TRUE,1,repeated-with-gap
101707,763,1,6,6,1,0,FALSE,0,one-season
101795,764,1,3,3,1,0,FALSE,0,one-season
101847,765,1,3,3,1,0,FALSE,0,one-season
101948,766,1,2,2,1,0,FALSE,0,one-season
105330,767,1,2,2,1,0,FALSE,0,one-season
105376,768,1,5,5,1,0,FALSE,0,one-season
105378,769,1,2,2,1,0,FALSE,0,one-season
105541,770,7,1,9,9,2,TRUE,2,repeated-with-gap
105616,771,1,4,4,1,0,FALSE,0,one-season
105618,772,1,3,3,1,0,FALSE,0,one-season
109110,773,1,8,8,1,0,FALSE,0,one-season
112366,774,2,4,5,2,0,FALSE,0,consecutive-repeat
112370,775,2,2,3,2,0,FALSE,0,consecutive-repeat
112459,776,3,6,8,3,0,FALSE,0,consecutive-repeat
112522,777,1,8,8,1,0,FALSE,0,one-season
112545,778,4,5,8,4,0,FALSE,0,consecutive-repeat
112556,779,1,1,1,1,0,FALSE,0,one-season
112596,780,1,2,2,1,0,FALSE,0,one-season
114055,781,1,3,3,1,0,FALSE,0,one-season
114709,782,1,5,5,1,0,FALSE,0,one-season
116161,783,1,1,1,1,0,FALSE,0,one-season
116170,784,3,2,6,5,2,TRUE,1,repeated-with-gap
116259,785,2,3,7,5,3,TRUE,1,repeated-with-gap
116283,786,2,4,5,2,0,FALSE,0,consecutive-repeat
116299,787,4,5,9,5,1,TRUE,1,repeated-with-gap
116319,788,2,3,5,3,1,TRUE,1,repeated-with-gap
116405,789,3,1,5,5,2,TRUE,1,repeated-with-gap
116898,790,7,3,11,9,2,TRUE,1,repeated-with-gap
120631,791,6,4,9,6,0,FALSE,0,consecutive-repeat
122859,792,2,1,2,2,0,FALSE,0,consecutive-repeat
125250,793,7,2,8,7,0,FALSE,0,consecutive-repeat
127591,794,2,1,2,2,0,FALSE,0,consecutive-repeat
127598,795,1,3,3,1,0,FALSE,0,one-season
127609,796,1,7,7,1,0,FALSE,0,one-season
127719,797,1,3,3,1,0,FALSE,0,one-season
127928,798,8,3,11,9,1,TRUE,1,repeated-with-gap
128171,799,3,8,10,3,0,FALSE,0,consecutive-repeat
128230,800,1,3,3,1,0,FALSE,0,one-season
128742,801,3,5,7,3,0,FALSE,0,consecutive-repeat
130196,802,1,9,9,1,0,FALSE,0,one-season
134163,803,2,5,6,2,0,FALSE,0,consecutive-repeat
134170,804,2,1,3,3,1,TRUE,1,repeated-with-gap
134174,805,5,1,9,9,4,TRUE,1,repeated-with-gap
134175,806,5,5,10,6,1,TRUE,1,repeated-with-gap
134177,807,1,5,5,1,0,FALSE,0,one-season
134249,808,7,3,10,8,1,TRUE,1,repeated-with-gap
134476,809,1,6,6,1,0,FALSE,0,one-season
134502,810,5,1,12,12,7,TRUE,1,repeated-with-gap
134503,811,8,3,12,10,2,TRUE,1,repeated-with-gap
134513,812,1,8,8,1,0,FALSE,0,one-season
134702,813,1,12,12,1,0,FALSE,0,one-season
134769,814,7,2,9,8,1,TRUE,1,repeated-with-gap
135103,815,3,9,12,4,1,TRUE,1,repeated-with-gap
135561,816,1,11,11,1,0,FALSE,0,one-season
135807,817,1,1,1,1,0,FALSE,0,one-season
135848,818,1,3,3,1,0,FALSE,0,one-season
135903,819,4,1,10,10,6,TRUE,1,repeated-with-gap
135909,820,2,6,7,2,0,FALSE,0,consecutive-repeat
135919,821,1,8,8,1,0,FALSE,0,one-season
135923,822,1,9,9,1,0,FALSE,0,one-season
135927,823,3,5,12,8,5,TRUE,2,repeated-with-gap
135938,824,1,1,1,1,0,FALSE,0,one-season
136164,825,1,2,2,1,0,FALSE,0,one-season
137298,826,2,5,6,2,0,FALSE,0,consecutive-repeat
139075,827,5,7,11,5,0,FALSE,0,consecutive-repeat
140046,828,9,4,12,9,0,FALSE,0,consecutive-repeat
140064,829,2,9,10,2,0,FALSE,0,consecutive-repeat
140125,830,7,1,8,8,1,TRUE,1,repeated-with-gap
141176,831,1,3,3,1,0,FALSE,0,one-season
142755,832,1,10,10,1,0,FALSE,0,one-season
144628,833,3,5,8,4,1,TRUE,1,repeated-with-gap
146302,834,1,3,3,1,0,FALSE,0,one-season
149389,835,1,12,12,1,0,FALSE,0,one-season
167118,836,1,3,3,1,0,FALSE,0,one-season
167119,837,2,2,3,2,0,FALSE,0,consecutive-repeat
167120,838,1,2,2,1,0,FALSE,0,one-season
167131,839,1,1,1,1,0,FALSE,0,one-season
167145,840,4,8,12,5,1,TRUE,1,repeated-with-gap
167149,841,4,5,9,5,1,TRUE,1,repeated-with-gap
167641,842,3,4,6,3,0,FALSE,0,consecutive-repeat
169000,843,1,2,2,1,0,FALSE,0,one-season
169002,844,7,3,12,10,3,TRUE,1,repeated-with-gap
170595,845,1,1,1,1,0,FALSE,0,one-season
171643,846,1,10,10,1,0,FALSE,0,one-season
189976,847,2,1,2,2,0,FALSE,0,consecutive-repeat
190172,848,6,7,12,6,0,FALSE,0,consecutive-repeat
193984,849,3,6,8,3,0,FALSE,0,consecutive-repeat
207001,850,2,3,4,2,0,FALSE,0,consecutive-repeat
208694,851,6,3,9,7,1,TRUE,1,repeated-with-gap
208942,852,6,2,10,9,3,TRUE,1,repeated-with-gap
208945,853,1,9,9,1,0,FALSE,0,one-season
208972,854,2,2,3,2,0,FALSE,0,consecutive-repeat
209012,855,5,4,8,5,0,FALSE,0,consecutive-repeat
211853,856,7,2,8,7,0,FALSE,0,consecutive-repeat
211885,857,4,1,4,4,0,FALSE,0,consecutive-repeat
212074,858,1,7,7,1,0,FALSE,0,one-season
212621,859,1,3,3,1,0,FALSE,0,one-season
212625,860,2,7,8,2,0,FALSE,0,consecutive-repeat
212644,861,8,2,10,9,1,TRUE,1,repeated-with-gap
212651,862,1,2,2,1,0,FALSE,0,one-season
213124,863,3,4,7,4,1,TRUE,1,repeated-with-gap
213131,864,6,7,12,6,0,FALSE,0,consecutive-repeat
213308,865,1,5,5,1,0,FALSE,0,one-season
213365,866,1,6,6,1,0,FALSE,0,one-season
213714,867,2,6,7,2,0,FALSE,0,consecutive-repeat
213948,868,6,1,11,11,5,TRUE,1,repeated-with-gap
214062,869,2,4,5,2,0,FALSE,0,consecutive-repeat
215265,870,4,2,7,6,2,TRUE,2,repeated-with-gap
215983,871,1,5,5,1,0,FALSE,0,one-season
217031,872,7,1,12,12,5,TRUE,1,repeated-with-gap
218549,873,1,1,1,1,0,FALSE,0,one-season
220656,874,1,2,2,1,0,FALSE,0,one-season
222324,875,1,5,5,1,0,FALSE,0,one-season
222439,876,1,7,7,1,0,FALSE,0,one-season
222464,877,1,7,7,1,0,FALSE,0,one-season
222746,878,6,6,11,6,0,FALSE,0,consecutive-repeat
222770,879,3,4,6,3,0,FALSE,0,consecutive-repeat
223681,880,4,6,11,6,2,TRUE,2,repeated-with-gap
224080,881,2,4,5,2,0,FALSE,0,consecutive-repeat
225022,882,8,1,10,10,2,TRUE,2,repeated-with-gap
225084,883,9,1,12,12,3,TRUE,1,repeated-with-gap
225085,884,4,7,10,4,0,FALSE,0,consecutive-repeat
225089,885,9,1,10,10,1,TRUE,1,repeated-with-gap
225939,886,2,5,6,2,0,FALSE,0,consecutive-repeat
225946,887,5,2,7,6,1,TRUE,1,repeated-with-gap
225948,888,8,3,11,9,1,TRUE,1,repeated-with-gap
225995,889,1,7,7,1,0,FALSE,0,one-season
225996,890,6,2,11,10,4,TRUE,1,repeated-with-gap
226005,891,4,2,5,4,0,FALSE,0,consecutive-repeat
227756,892,1,3,3,1,0,FALSE,0,one-season
227894,893,12,1,12,12,0,FALSE,0,consecutive-repeat
228902,894,4,4,7,4,0,FALSE,0,consecutive-repeat
228963,895,2,10,11,2,0,FALSE,0,consecutive-repeat
230626,896,1,12,12,1,0,FALSE,0,one-season
230857,897,9,3,11,9,0,FALSE,0,consecutive-repeat
230858,898,7,6,12,7,0,FALSE,0,consecutive-repeat
230862,899,9,2,11,10,1,TRUE,1,repeated-with-gap
230863,900,9,1,12,12,3,TRUE,2,repeated-with-gap
230875,901,7,6,12,7,0,FALSE,0,consecutive-repeat
230883,902,3,9,11,3,0,FALSE,0,consecutive-repeat
230895,903,5,4,8,5,0,FALSE,0,consecutive-repeat
230897,904,3,1,4,4,1,TRUE,1,repeated-with-gap
230934,905,1,3,3,1,0,FALSE,0,one-season
230955,906,1,11,11,1,0,FALSE,0,one-season
230970,907,1,1,1,1,0,FALSE,0,one-season
231713,908,1,6,6,1,0,FALSE,0,one-season
234527,909,3,2,4,3,0,FALSE,0,consecutive-repeat
237018,910,3,2,7,6,3,TRUE,1,repeated-with-gap
237034,911,7,4,12,9,2,TRUE,2,repeated-with-gap
237262,912,1,9,9,1,0,FALSE,0,one-season
237269,913,1,4,4,1,0,FALSE,0,one-season
238564,914,2,7,9,3,1,TRUE,1,repeated-with-gap
238579,915,1,9,9,1,0,FALSE,0,one-season
239843,916,2,2,4,3,1,TRUE,1,repeated-with-gap
240445,917,2,3,4,2,0,FALSE,0,consecutive-repeat
240567,918,1,8,8,1,0,FALSE,0,one-season
240609,919,1,11,11,1,0,FALSE,0,one-season
240680,920,2,6,12,7,5,TRUE,1,repeated-with-gap
241945,921,4,3,6,4,0,FALSE,0,consecutive-repeat
242697,922,5,6,10,5,0,FALSE,0,consecutive-repeat
247141,923,12,1,12,12,0,FALSE,0,consecutive-repeat
247169,924,4,4,9,6,2,TRUE,1,repeated-with-gap
247206,925,4,2,12,11,7,TRUE,2,repeated-with-gap
247207,926,8,2,11,10,2,TRUE,2,repeated-with-gap
247212,927,1,3,3,1,0,FALSE,0,one-season
247219,928,5,1,6,6,1,TRUE,1,repeated-with-gap
247220,929,5,4,8,5,0,FALSE,0,consecutive-repeat
247222,930,4,2,5,4,0,FALSE,0,consecutive-repeat
247671,931,2,11,12,2,0,FALSE,0,consecutive-repeat
248846,932,1,3,3,1,0,FALSE,0,one-season
249917,933,2,7,8,2,0,FALSE,0,consecutive-repeat
250805,934,9,4,12,9,0,FALSE,0,consecutive-repeat
250885,935,8,1,8,8,0,FALSE,0,consecutive-repeat
250899,936,5,1,5,5,0,FALSE,0,consecutive-repeat
251447,937,5,8,12,5,0,FALSE,0,consecutive-repeat
251565,938,6,5,12,8,2,TRUE,1,repeated-with-gap
251570,939,2,8,11,4,2,TRUE,1,repeated-with-gap
252924,940,1,9,9,1,0,FALSE,0,one-season
254188,941,1,2,2,1,0,FALSE,0,one-season
254189,942,1,4,4,1,0,FALSE,0,one-season
254408,943,10,2,11,10,0,FALSE,0,consecutive-repeat
254466,944,1,5,5,1,0,FALSE,0,one-season
254649,945,1,11,11,1,0,FALSE,0,one-season
254898,946,2,6,7,2,0,FALSE,0,consecutive-repeat
255254,947,1,2,2,1,0,FALSE,0,one-season
255256,948,3,5,11,7,4,TRUE,1,repeated-with-gap
255433,949,2,1,2,2,0,FALSE,0,consecutive-repeat
255738,950,2,2,4,3,1,TRUE,1,repeated-with-gap
256827,951,3,10,12,3,0,FALSE,0,consecutive-repeat
256854,952,1,5,5,1,0,FALSE,0,one-season
256998,953,4,1,11,11,7,TRUE,1,repeated-with-gap
257752,954,1,3,3,1,0,FALSE,0,one-season
258022,955,4,9,12,4,0,FALSE,0,consecutive-repeat
258264,956,1,6,6,1,0,FALSE,0,one-season
258591,957,4,8,11,4,0,FALSE,0,consecutive-repeat
258625,958,1,8,8,1,0,FALSE,0,one-season
258907,959,1,6,6,1,0,FALSE,0,one-season
259946,960,2,2,4,3,1,TRUE,1,repeated-with-gap
261127,961,6,4,11,8,2,TRUE,1,repeated-with-gap
262121,962,1,7,7,1,0,FALSE,0,one-season
263091,963,6,4,11,8,2,TRUE,1,repeated-with-gap
263105,964,7,4,12,9,2,TRUE,1,repeated-with-gap
263147,965,1,8,8,1,0,FALSE,0,one-season
265369,966,1,3,3,1,0,FALSE,0,one-season
265376,967,1,5,5,1,0,FALSE,0,one-season
265807,968,1,4,4,1,0,FALSE,0,one-season
265833,969,1,8,8,1,0,FALSE,0,one-season
265864,970,7,4,10,7,0,FALSE,0,consecutive-repeat
266266,971,4,7,10,4,0,FALSE,0,consecutive-repeat
266885,972,1,4,4,1,0,FALSE,0,one-season
268776,973,1,5,5,1,0,FALSE,0,one-season
269060,974,4,1,4,4,0,FALSE,0,consecutive-repeat
269137,975,3,2,9,8,5,TRUE,1,repeated-with-gap
270037,976,6,6,12,7,1,TRUE,1,repeated-with-gap
270866,977,3,6,8,3,0,FALSE,0,consecutive-repeat
274344,978,1,12,12,1,0,FALSE,0,one-season
274435,979,6,4,9,6,0,FALSE,0,consecutive-repeat
275293,980,3,1,3,3,0,FALSE,0,consecutive-repeat
275296,981,2,5,12,8,6,TRUE,1,repeated-with-gap
275298,982,8,1,11,11,3,TRUE,2,repeated-with-gap
275338,983,8,5,12,8,0,FALSE,0,consecutive-repeat
275384,984,4,2,10,9,5,TRUE,1,repeated-with-gap
275417,985,6,5,10,6,0,FALSE,0,consecutive-repeat
275419,986,6,6,12,7,1,TRUE,1,repeated-with-gap
275485,987,3,7,9,3,0,FALSE,0,consecutive-repeat
276944,988,2,10,11,2,0,FALSE,0,consecutive-repeat
276979,989,6,6,11,6,0,FALSE,0,consecutive-repeat
278007,990,3,2,4,3,0,FALSE,0,consecutive-repeat
278015,991,1,2,2,1,0,FALSE,0,one-season
278049,992,4,4,7,4,0,FALSE,0,consecutive-repeat
278278,993,10,2,11,10,0,FALSE,0,consecutive-repeat
278288,994,10,2,11,10,0,FALSE,0,consecutive-repeat
278289,995,4,3,7,5,1,TRUE,1,repeated-with-gap
278320,996,9,4,12,9,0,FALSE,0,consecutive-repeat
278324,997,4,6,10,5,1,TRUE,1,repeated-with-gap
278348,998,3,5,7,3,0,FALSE,0,consecutive-repeat
278383,999,1,4,4,1,0,FALSE,0,one-season
278867,1000,1,7,7,1,0,FALSE,0,one-season
279359,1001,2,10,11,2,0,FALSE,0,consecutive-repeat
279526,1002,1,5,5,1,0,FALSE,0,one-season
279533,1003,7,4,10,7,0,FALSE,0,consecutive-repeat
279538,1004,10,3,12,10,0,FALSE,0,consecutive-repeat
279539,1005,2,10,11,2,0,FALSE,0,consecutive-repeat
279545,1006,4,2,5,4,0,FALSE,0,consecutive-repeat
279555,1007,5,4,10,7,2,TRUE,1,repeated-with-gap
279560,1008,7,5,11,7,0,FALSE,0,consecutive-repeat
279566,1009,3,7,11,5,2,TRUE,1,repeated-with-gap
279567,1010,1,7,7,1,0,FALSE,0,one-season
279569,1011,1,5,5,1,0,FALSE,0,one-season
279571,1012,1,5,5,1,0,FALSE,0,one-season
280383,1013,5,4,8,5,0,FALSE,0,consecutive-repeat
281069,1014,7,6,12,7,0,FALSE,0,consecutive-repeat
281255,1015,2,4,7,4,2,TRUE,1,repeated-with-gap
282438,1016,3,3,7,5,2,TRUE,1,repeated-with-gap
282439,1017,1,5,5,1,0,FALSE,0,one-season
282441,1018,3,4,7,4,1,TRUE,1,repeated-with-gap
282442,1019,8,5,12,8,0,FALSE,0,consecutive-repeat
282444,1020,2,10,11,2,0,FALSE,0,consecutive-repeat
282448,1021,5,4,10,7,2,TRUE,2,repeated-with-gap
282449,1022,4,6,10,5,1,TRUE,1,repeated-with-gap
282790,1023,3,10,12,3,0,FALSE,0,consecutive-repeat
284322,1024,3,3,9,7,4,TRUE,1,repeated-with-gap
285109,1025,1,9,9,1,0,FALSE,0,one-season
285509,1026,2,2,4,3,1,TRUE,1,repeated-with-gap
285590,1027,1,12,12,1,0,FALSE,0,one-season
285727,1028,1,8,8,1,0,FALSE,0,one-season
285743,1029,1,11,11,1,0,FALSE,0,one-season
286030,1030,2,8,9,2,0,FALSE,0,consecutive-repeat
286248,1031,1,5,5,1,0,FALSE,0,one-season
286390,1032,5,4,9,6,1,TRUE,1,repeated-with-gap
286448,1033,8,4,12,9,1,TRUE,1,repeated-with-gap
286830,1034,1,5,5,1,0,FALSE,0,one-season
286963,1035,9,3,11,9,0,FALSE,0,consecutive-repeat
286974,1036,3,7,10,4,1,TRUE,1,repeated-with-gap
286981,1037,3,10,12,3,0,FALSE,0,consecutive-repeat
286994,1038,3,2,6,5,2,TRUE,1,repeated-with-gap
287003,1039,2,10,11,2,0,FALSE,0,consecutive-repeat
287219,1040,2,8,10,3,1,TRUE,1,repeated-with-gap
288081,1041,1,11,11,1,0,FALSE,0,one-season
288091,1042,7,2,9,8,1,TRUE,1,repeated-with-gap
288108,1043,1,7,7,1,0,FALSE,0,one-season
288112,1044,3,10,12,3,0,FALSE,0,consecutive-repeat
288865,1045,1,11,11,1,0,FALSE,0,one-season
290215,1046,1,2,2,1,0,FALSE,0,one-season
290954,1047,1,10,10,1,0,FALSE,0,one-season
291221,1048,2,7,12,6,4,TRUE,1,repeated-with-gap
291231,1049,2,11,12,2,0,FALSE,0,consecutive-repeat
291528,1050,2,10,11,2,0,FALSE,0,consecutive-repeat
292654,1051,8,5,12,8,0,FALSE,0,consecutive-repeat
292991,1052,3,2,4,3,0,FALSE,0,consecutive-repeat
293333,1053,2,10,11,2,0,FALSE,0,consecutive-repeat
293862,1054,1,4,4,1,0,FALSE,0,one-season
294415,1055,4,8,11,4,0,FALSE,0,consecutive-repeat
295225,1056,4,6,9,4,0,FALSE,0,consecutive-repeat
295234,1057,1,11,11,1,0,FALSE,0,one-season
297043,1058,3,8,10,3,0,FALSE,0,consecutive-repeat
297921,1059,5,7,11,5,0,FALSE,0,consecutive-repeat
298353,1060,1,6,6,1,0,FALSE,0,one-season
299246,1061,2,11,12,2,0,FALSE,0,consecutive-repeat
300485,1062,1,5,5,1,0,FALSE,0,one-season
301016,1063,1,11,11,1,0,FALSE,0,one-season
302292,1064,1,6,6,1,0,FALSE,0,one-season
302540,1065,1,3,3,1,0,FALSE,0,one-season
302542,1066,7,4,12,9,2,TRUE,2,repeated-with-gap
302547,1067,2,6,11,6,4,TRUE,1,repeated-with-gap
302550,1068,9,4,12,9,0,FALSE,0,consecutive-repeat
303078,1069,1,12,12,1,0,FALSE,0,one-season
326523,1070,6,2,11,10,4,TRUE,2,repeated-with-gap
326525,1071,1,12,12,1,0,FALSE,0,one-season
326535,1072,8,3,11,9,1,TRUE,1,repeated-with-gap
326547,1073,1,2,2,1,0,FALSE,0,one-season
329064,1074,3,9,11,3,0,FALSE,0,consecutive-repeat
330728,1075,7,6,12,7,0,FALSE,0,consecutive-repeat
331385,1076,1,3,3,1,0,FALSE,0,one-season
331583,1077,2,7,12,6,4,TRUE,1,repeated-with-gap
333565,1078,1,7,7,1,0,FALSE,0,one-season
333571,1079,1,7,7,1,0,FALSE,0,one-season
334154,1080,2,5,11,7,5,TRUE,1,repeated-with-gap
334175,1081,5,8,12,5,0,FALSE,0,consecutive-repeat
334817,1082,5,7,12,6,1,TRUE,1,repeated-with-gap
336371,1083,1,5,5,1,0,FALSE,0,one-season
336517,1084,1,10,10,1,0,FALSE,0,one-season
337068,1085,1,7,7,1,0,FALSE,0,one-season
337070,1086,4,5,9,5,1,TRUE,1,repeated-with-gap
338201,1087,2,4,5,2,0,FALSE,0,consecutive-repeat
338429,1088,1,10,10,1,0,FALSE,0,one-season
339690,1089,2,9,10,2,0,FALSE,0,consecutive-repeat
339789,1090,6,5,10,6,0,FALSE,0,consecutive-repeat
339790,1091,3,7,9,3,0,FALSE,0,consecutive-repeat
339791,1092,7,3,12,10,3,TRUE,1,repeated-with-gap
339794,1093,3,7,9,3,0,FALSE,0,consecutive-repeat
339799,1094,1,11,11,1,0,FALSE,0,one-season
339801,1095,1,3,3,1,0,FALSE,0,one-season
339812,1096,2,3,6,4,2,TRUE,1,repeated-with-gap
339857,1097,2,6,10,5,3,TRUE,1,repeated-with-gap
339885,1098,2,7,8,2,0,FALSE,0,consecutive-repeat
340706,1099,5,6,10,5,0,FALSE,0,consecutive-repeat
341751,1100,2,3,4,2,0,FALSE,0,consecutive-repeat
341752,1101,6,3,12,10,4,TRUE,2,repeated-with-gap
342785,1102,1,7,7,1,0,FALSE,0,one-season
343925,1103,1,5,5,1,0,FALSE,0,one-season
344014,1104,1,6,6,1,0,FALSE,0,one-season
344039,1105,2,9,10,2,0,FALSE,0,consecutive-repeat
344040,1106,3,5,7,3,0,FALSE,0,consecutive-repeat
344049,1107,1,12,12,1,0,FALSE,0,one-season
344051,1108,1,7,7,1,0,FALSE,0,one-season
344053,1109,4,6,11,6,2,TRUE,1,repeated-with-gap
344059,1110,8,5,12,8,0,FALSE,0,consecutive-repeat
344068,1111,8,4,11,8,0,FALSE,0,consecutive-repeat
344075,1112,3,4,6,3,0,FALSE,0,consecutive-repeat
344086,1113,4,9,12,4,0,FALSE,0,consecutive-repeat
344100,1114,2,5,6,2,0,FALSE,0,consecutive-repeat
344102,1115,4,6,11,6,2,TRUE,2,repeated-with-gap
344104,1116,2,6,11,6,4,TRUE,1,repeated-with-gap
344118,1117,1,7,7,1,0,FALSE,0,one-season
344120,1118,7,5,12,8,1,TRUE,1,repeated-with-gap
344125,1119,1,11,11,1,0,FALSE,0,one-season
344132,1120,3,3,5,3,0,FALSE,0,consecutive-repeat
344140,1121,5,4,10,7,2,TRUE,1,repeated-with-gap
344153,1122,3,7,9,3,0,FALSE,0,consecutive-repeat
344198,1123,2,9,11,3,1,TRUE,1,repeated-with-gap
344444,1124,1,9,9,1,0,FALSE,0,one-season
344936,1125,1,11,11,1,0,FALSE,0,one-season
346071,1126,1,6,6,1,0,FALSE,0,one-season
346119,1127,1,8,8,1,0,FALSE,0,one-season
346195,1128,2,2,4,3,1,TRUE,1,repeated-with-gap
346551,1129,1,10,10,1,0,FALSE,0,one-season
347333,1130,1,11,11,1,0,FALSE,0,one-season
350992,1131,2,10,11,2,0,FALSE,0,consecutive-repeat
352747,1132,1,3,3,1,0,FALSE,0,one-season
352761,1133,3,7,11,5,2,TRUE,2,repeated-with-gap
352782,1134,1,6,6,1,0,FALSE,0,one-season
352787,1135,4,8,12,5,1,TRUE,1,repeated-with-gap
352788,1136,6,5,12,8,2,TRUE,1,repeated-with-gap
352789,1137,7,5,11,7,0,FALSE,0,consecutive-repeat
352985,1138,1,8,8,1,0,FALSE,0,one-season
353331,1139,1,10,10,1,0,FALSE,0,one-season
353833,1140,2,11,12,2,0,FALSE,0,consecutive-repeat
354123,1141,1,9,9,1,0,FALSE,0,one-season
354547,1142,1,8,8,1,0,FALSE,0,one-season
355597,1143,1,6,6,1,0,FALSE,0,one-season
355599,1144,11,2,12,11,0,FALSE,0,consecutive-repeat
356237,1145,5,5,12,8,3,TRUE,2,repeated-with-gap
357806,1146,1,12,12,1,0,FALSE,0,one-season
357946,1147,5,8,12,5,0,FALSE,0,consecutive-repeat
357981,1148,2,9,10,2,0,FALSE,0,consecutive-repeat
357991,1149,4,6,10,5,1,TRUE,1,repeated-with-gap
357992,1150,7,6,12,7,0,FALSE,0,consecutive-repeat
358801,1151,3,6,8,3,0,FALSE,0,consecutive-repeat
359847,1152,9,4,12,9,0,FALSE,0,consecutive-repeat
360981,1153,2,11,12,2,0,FALSE,0,consecutive-repeat
363717,1154,7,5,11,7,0,FALSE,0,consecutive-repeat
364003,1155,1,9,9,1,0,FALSE,0,one-season
364005,1156,9,4,12,9,0,FALSE,0,consecutive-repeat
364086,1157,1,11,11,1,0,FALSE,0,one-season
364772,1158,1,6,6,1,0,FALSE,0,one-season
364817,1159,1,7,7,1,0,FALSE,0,one-season
364820,1160,5,4,8,5,0,FALSE,0,consecutive-repeat
364845,1161,6,7,12,6,0,FALSE,0,consecutive-repeat
364846,1162,2,6,7,2,0,FALSE,0,consecutive-repeat
364849,1163,2,10,12,3,1,TRUE,1,repeated-with-gap
364850,1164,3,4,6,3,0,FALSE,0,consecutive-repeat
364860,1165,3,3,5,3,0,FALSE,0,consecutive-repeat
364864,1166,2,11,12,2,0,FALSE,0,consecutive-repeat
364870,1167,2,4,5,2,0,FALSE,0,consecutive-repeat
366130,1168,1,11,11,1,0,FALSE,0,one-season
366401,1169,1,6,6,1,0,FALSE,0,one-season
366581,1170,1,5,5,1,0,FALSE,0,one-season
366584,1171,1,12,12,1,0,FALSE,0,one-season
367389,1172,3,10,12,3,0,FALSE,0,consecutive-repeat
367391,1173,1,8,8,1,0,FALSE,0,one-season
367503,1174,1,5,5,1,0,FALSE,0,one-season
368110,1175,2,10,11,2,0,FALSE,0,consecutive-repeat
372752,1176,7,3,12,10,3,TRUE,1,repeated-with-gap
372753,1177,2,4,5,2,0,FALSE,0,consecutive-repeat
373016,1178,5,5,12,8,3,TRUE,1,repeated-with-gap
373410,1179,7,6,12,7,0,FALSE,0,consecutive-repeat
373541,1180,1,3,3,1,0,FALSE,0,one-season
373713,1181,2,3,5,3,1,TRUE,1,repeated-with-gap
374800,1182,1,6,6,1,0,FALSE,0,one-season
375011,1183,1,11,11,1,0,FALSE,0,one-season
375335,1184,6,6,11,6,0,FALSE,0,consecutive-repeat
375350,1185,1,8,8,1,0,FALSE,0,one-season
375771,1186,4,5,8,4,0,FALSE,0,consecutive-repeat
376362,1187,1,9,9,1,0,FALSE,0,one-season
377083,1188,2,9,10,2,0,FALSE,0,consecutive-repeat
380709,1189,2,8,9,2,0,FALSE,0,consecutive-repeat
380900,1190,1,12,12,1,0,FALSE,0,one-season
381233,1191,1,9,9,1,0,FALSE,0,one-season
382622,1192,2,10,11,2,0,FALSE,0,consecutive-repeat
384066,1193,2,9,10,2,0,FALSE,0,consecutive-repeat
385273,1194,6,1,6,6,0,FALSE,0,consecutive-repeat
386686,1195,1,11,11,1,0,FALSE,0,one-season
387785,1196,1,12,12,1,0,FALSE,0,one-season
387799,1197,1,8,8,1,0,FALSE,0,one-season
387803,1198,1,6,6,1,0,FALSE,0,one-season
387840,1199,6,5,12,8,2,TRUE,1,repeated-with-gap
388976,1200,1,9,9,1,0,FALSE,0,one-season
393214,1201,2,11,12,2,0,FALSE,0,consecutive-repeat
393881,1202,1,4,4,1,0,FALSE,0,one-season
395114,1203,9,4,12,9,0,FALSE,0,consecutive-repeat
395134,1204,6,7,12,6,0,FALSE,0,consecutive-repeat
395636,1205,6,4,10,7,1,TRUE,1,repeated-with-gap
396475,1206,1,4,4,1,0,FALSE,0,one-season
396513,1207,4,6,10,5,1,TRUE,1,repeated-with-gap
397033,1208,1,10,10,1,0,FALSE,0,one-season
397060,1209,4,8,12,5,1,TRUE,1,repeated-with-gap
397109,1210,1,7,7,1,0,FALSE,0,one-season
397142,1211,1,11,11,1,0,FALSE,0,one-season
397178,1212,1,12,12,1,0,FALSE,0,one-season
397303,1213,7,5,12,8,1,TRUE,1,repeated-with-gap
399599,1214,3,6,8,3,0,FALSE,0,consecutive-repeat
399644,1215,2,8,10,3,1,TRUE,1,repeated-with-gap
399652,1216,1,8,8,1,0,FALSE,0,one-season
399676,1217,7,2,12,11,4,TRUE,1,repeated-with-gap
400544,1218,1,5,5,1,0,FALSE,0,one-season
400549,1219,4,6,9,4,0,FALSE,0,consecutive-repeat
400691,1220,1,8,8,1,0,FALSE,0,one-season
401158,1221,4,7,10,4,0,FALSE,0,consecutive-repeat
401550,1222,1,10,10,1,0,FALSE,0,one-season
402004,1223,1,12,12,1,0,FALSE,0,one-season
402854,1224,2,8,9,2,0,FALSE,0,consecutive-repeat
403246,1225,2,9,10,2,0,FALSE,0,consecutive-repeat
403260,1226,5,5,9,5,0,FALSE,0,consecutive-repeat
403448,1227,7,6,12,7,0,FALSE,0,consecutive-repeat
403706,1228,1,3,3,1,0,FALSE,0,one-season
404298,1229,3,7,11,5,2,TRUE,1,repeated-with-gap
404328,1230,2,8,11,4,2,TRUE,1,repeated-with-gap
404397,1231,2,10,11,2,0,FALSE,0,consecutive-repeat
404693,1232,1,11,11,1,0,FALSE,0,one-season
404757,1233,1,9,9,1,0,FALSE,0,one-season
405603,1234,1,10,10,1,0,FALSE,0,one-season
405976,1235,2,11,12,2,0,FALSE,0,consecutive-repeat
405977,1236,1,8,8,1,0,FALSE,0,one-season
405979,1237,1,11,11,1,0,FALSE,0,one-season
406071,1238,3,9,11,3,0,FALSE,0,consecutive-repeat
406454,1239,2,5,6,2,0,FALSE,0,consecutive-repeat
408293,1240,3,3,7,5,2,TRUE,1,repeated-with-gap
408307,1241,4,9,12,4,0,FALSE,0,consecutive-repeat
410026,1242,2,8,9,2,0,FALSE,0,consecutive-repeat
410055,1243,4,4,8,5,1,TRUE,1,repeated-with-gap
410062,1244,7,6,12,7,0,FALSE,0,consecutive-repeat
410872,1245,6,5,11,7,1,TRUE,1,repeated-with-gap
411422,1246,1,9,9,1,0,FALSE,0,one-season
412897,1247,2,4,11,8,6,TRUE,1,repeated-with-gap
413041,1248,2,7,9,3,1,TRUE,1,repeated-with-gap
413597,1249,1,10,10,1,0,FALSE,0,one-season
413891,1250,3,6,8,3,0,FALSE,0,consecutive-repeat
414193,1251,4,9,12,4,0,FALSE,0,consecutive-repeat
419225,1252,3,7,11,5,2,TRUE,1,repeated-with-gap
420532,1253,1,6,6,1,0,FALSE,0,one-season
422517,1254,4,8,11,4,0,FALSE,0,consecutive-repeat
422519,1255,7,5,11,7,0,FALSE,0,consecutive-repeat
422520,1256,4,9,12,4,0,FALSE,0,consecutive-repeat
423157,1257,6,7,12,6,0,FALSE,0,consecutive-repeat
424624,1258,2,4,6,3,1,TRUE,1,repeated-with-gap
425893,1259,1,12,12,1,0,FALSE,0,one-season
427886,1260,2,10,11,2,0,FALSE,0,consecutive-repeat
428131,1261,2,8,9,2,0,FALSE,0,consecutive-repeat
431540,1262,1,7,7,1,0,FALSE,0,one-season
434145,1263,2,10,11,2,0,FALSE,0,consecutive-repeat
435472,1264,2,7,8,2,0,FALSE,0,consecutive-repeat
435759,1265,6,5,12,8,2,TRUE,2,repeated-with-gap
436688,1266,1,11,11,1,0,FALSE,0,one-season
436785,1267,1,11,11,1,0,FALSE,0,one-season
439778,1268,1,7,7,1,0,FALSE,0,one-season
441230,1269,1,8,8,1,0,FALSE,0,one-season
443324,1270,1,5,5,1,0,FALSE,0,one-season
444669,1271,1,12,12,1,0,FALSE,0,one-season
445504,1272,4,6,10,5,1,TRUE,1,repeated-with-gap
446062,1273,1,12,12,1,0,FALSE,0,one-season
446483,1274,4,9,12,4,0,FALSE,0,consecutive-repeat
446859,1275,1,5,5,1,0,FALSE,0,one-season
447358,1276,2,11,12,2,0,FALSE,0,consecutive-repeat
447821,1277,7,4,10,7,0,FALSE,0,consecutive-repeat
449817,1278,3,9,11,3,0,FALSE,0,consecutive-repeat
449920,1279,2,9,10,2,0,FALSE,0,consecutive-repeat
450650,1280,1,3,3,1,0,FALSE,0,one-season
450769,1281,6,5,12,8,2,TRUE,2,repeated-with-gap
450776,1282,5,7,12,6,1,TRUE,1,repeated-with-gap
450784,1283,5,4,10,7,2,TRUE,2,repeated-with-gap
450785,1284,4,8,12,5,1,TRUE,1,repeated-with-gap
451235,1285,2,9,11,3,1,TRUE,1,repeated-with-gap
452264,1286,3,5,10,6,3,TRUE,1,repeated-with-gap
452269,1287,1,6,6,1,0,FALSE,0,one-season
452293,1288,1,10,10,1,0,FALSE,0,one-season
453170,1289,3,7,11,5,2,TRUE,2,repeated-with-gap
453251,1290,5,8,12,5,0,FALSE,0,consecutive-repeat
453270,1291,3,3,10,8,5,TRUE,1,repeated-with-gap
456053,1292,6,7,12,6,0,FALSE,0,consecutive-repeat
460552,1293,3,9,12,4,1,TRUE,1,repeated-with-gap
470747,1294,6,7,12,6,0,FALSE,0,consecutive-repeat
470934,1295,3,9,11,3,0,FALSE,0,consecutive-repeat
471583,1296,4,6,10,5,1,TRUE,1,repeated-with-gap
471753,1297,5,6,10,5,0,FALSE,0,consecutive-repeat
471761,1298,6,7,12,6,0,FALSE,0,consecutive-repeat
471764,1299,2,8,9,2,0,FALSE,0,consecutive-repeat
471991,1300,4,9,12,4,0,FALSE,0,consecutive-repeat
471999,1301,1,11,11,1,0,FALSE,0,one-season
472191,1302,3,6,8,3,0,FALSE,0,consecutive-repeat
472519,1303,2,11,12,2,0,FALSE,0,consecutive-repeat
472696,1304,3,7,12,6,3,TRUE,1,repeated-with-gap
473327,1305,4,7,10,4,0,FALSE,0,consecutive-repeat
473364,1306,5,6,10,5,0,FALSE,0,consecutive-repeat
473366,1307,4,8,12,5,1,TRUE,1,repeated-with-gap
473367,1308,5,8,12,5,0,FALSE,0,consecutive-repeat
473371,1309,3,10,12,3,0,FALSE,0,consecutive-repeat
474104,1310,2,9,10,2,0,FALSE,0,consecutive-repeat
475041,1311,1,11,11,1,0,FALSE,0,one-season
475709,1312,4,8,11,4,0,FALSE,0,consecutive-repeat
477082,1313,2,6,7,2,0,FALSE,0,consecutive-repeat
477106,1314,1,5,5,1,0,FALSE,0,one-season
477211,1315,1,11,11,1,0,FALSE,0,one-season
477352,1316,5,6,11,6,1,TRUE,1,repeated-with-gap
478999,1317,5,7,11,5,0,FALSE,0,consecutive-repeat
480138,1318,1,12,12,1,0,FALSE,0,one-season
480145,1319,4,9,12,4,0,FALSE,0,consecutive-repeat
481322,1320,1,11,11,1,0,FALSE,0,one-season
481618,1321,4,8,12,5,1,TRUE,1,repeated-with-gap
482369,1322,2,7,8,2,0,FALSE,0,consecutive-repeat
483256,1323,1,11,11,1,0,FALSE,0,one-season
485083,1324,1,12,12,1,0,FALSE,0,one-season
485271,1325,2,9,11,3,1,TRUE,1,repeated-with-gap
485383,1326,1,4,4,1,0,FALSE,0,one-season
486425,1327,2,7,8,2,0,FALSE,0,consecutive-repeat
487598,1328,2,8,11,4,2,TRUE,1,repeated-with-gap
487752,1329,1,7,7,1,0,FALSE,0,one-season
487756,1330,4,7,11,5,1,TRUE,1,repeated-with-gap
488961,1331,4,9,12,4,0,FALSE,0,consecutive-repeat
489417,1332,1,4,4,1,0,FALSE,0,one-season
489488,1333,5,4,8,5,0,FALSE,0,consecutive-repeat
489695,1334,2,10,11,2,0,FALSE,0,consecutive-repeat
490458,1335,1,10,10,1,0,FALSE,0,one-season
490863,1336,1,12,12,1,0,FALSE,0,one-season
492443,1337,1,9,9,1,0,FALSE,0,one-season
493295,1338,8,5,12,8,0,FALSE,0,consecutive-repeat
493898,1339,1,12,12,1,0,FALSE,0,one-season
494315,1340,1,11,11,1,0,FALSE,0,one-season
494337,1341,1,7,7,1,0,FALSE,0,one-season
495404,1342,1,7,7,1,0,FALSE,0,one-season
495674,1343,3,9,11,3,0,FALSE,0,consecutive-repeat
496400,1344,2,11,12,2,0,FALSE,0,consecutive-repeat
496493,1345,1,6,6,1,0,FALSE,0,one-season
498350,1346,1,9,9,1,0,FALSE,0,one-season
498373,1347,1,7,7,1,0,FALSE,0,one-season
499596,1348,2,7,8,2,0,FALSE,0,consecutive-repeat
499843,1349,5,6,12,7,2,TRUE,2,repeated-with-gap
500200,1350,1,10,10,1,0,FALSE,0,one-season
501165,1351,1,10,10,1,0,FALSE,0,one-season
501471,1352,1,12,12,1,0,FALSE,0,one-season
503338,1353,6,6,11,6,0,FALSE,0,consecutive-repeat
504301,1354,7,6,12,7,0,FALSE,0,consecutive-repeat
504303,1355,3,10,12,3,0,FALSE,0,consecutive-repeat
504689,1356,2,11,12,2,0,FALSE,0,consecutive-repeat
507495,1357,1,7,7,1,0,FALSE,0,one-season
507738,1358,1,9,9,1,0,FALSE,0,one-season
508021,1359,3,8,10,3,0,FALSE,0,consecutive-repeat
508440,1360,1,10,10,1,0,FALSE,0,one-season
511155,1361,2,11,12,2,0,FALSE,0,consecutive-repeat
512982,1362,1,8,8,1,0,FALSE,0,one-season
514494,1363,1,10,10,1,0,FALSE,0,one-season
515713,1364,1,8,8,1,0,FALSE,0,one-season
517437,1365,3,10,12,3,0,FALSE,0,consecutive-repeat
518092,1366,5,8,12,5,0,FALSE,0,consecutive-repeat
518746,1367,4,6,9,4,0,FALSE,0,consecutive-repeat
518905,1368,4,9,12,4,0,FALSE,0,consecutive-repeat
519494,1369,2,10,11,2,0,FALSE,0,consecutive-repeat
523326,1370,1,11,11,1,0,FALSE,0,one-season
524274,1371,2,10,11,2,0,FALSE,0,consecutive-repeat
525104,1372,5,8,12,5,0,FALSE,0,consecutive-repeat
525126,1373,1,12,12,1,0,FALSE,0,one-season
525130,1374,2,9,10,2,0,FALSE,0,consecutive-repeat
527100,1375,1,10,10,1,0,FALSE,0,one-season
527102,1376,2,9,10,2,0,FALSE,0,consecutive-repeat
528925,1377,1,12,12,1,0,FALSE,0,one-season
529349,1378,2,11,12,2,0,FALSE,0,consecutive-repeat
530689,1379,1,8,8,1,0,FALSE,0,one-season
531592,1380,8,5,12,8,0,FALSE,0,consecutive-repeat
532467,1381,2,6,8,3,1,TRUE,1,repeated-with-gap
532627,1382,1,9,9,1,0,FALSE,0,one-season
532815,1383,1,7,7,1,0,FALSE,0,one-season
532831,1384,6,6,12,7,1,TRUE,1,repeated-with-gap
534083,1385,2,9,10,2,0,FALSE,0,consecutive-repeat
535789,1386,1,12,12,1,0,FALSE,0,one-season
535845,1387,2,11,12,2,0,FALSE,0,consecutive-repeat
536058,1388,1,11,11,1,0,FALSE,0,one-season
536142,1389,3,9,11,3,0,FALSE,0,consecutive-repeat
536150,1390,1,10,10,1,0,FALSE,0,one-season
536152,1391,1,10,10,1,0,FALSE,0,one-season
536640,1392,3,9,11,3,0,FALSE,0,consecutive-repeat
537185,1393,1,10,10,1,0,FALSE,0,one-season
537561,1394,3,10,12,3,0,FALSE,0,consecutive-repeat
542101,1395,1,11,11,1,0,FALSE,0,one-season
542911,1396,2,11,12,2,0,FALSE,0,consecutive-repeat
542945,1397,2,8,9,2,0,FALSE,0,consecutive-repeat
544210,1398,2,11,12,2,0,FALSE,0,consecutive-repeat
544844,1399,1,11,11,1,0,FALSE,0,one-season
544859,1400,4,9,12,4,0,FALSE,0,consecutive-repeat
544862,1401,1,12,12,1,0,FALSE,0,one-season
544910,1402,1,11,11,1,0,FALSE,0,one-season
545296,1403,3,7,9,3,0,FALSE,0,consecutive-repeat
545569,1404,1,10,10,1,0,FALSE,0,one-season
545811,1405,6,5,12,8,2,TRUE,1,repeated-with-gap
545942,1406,7,6,12,7,0,FALSE,0,consecutive-repeat
545943,1407,3,7,12,6,3,TRUE,1,repeated-with-gap
545944,1408,2,8,9,2,0,FALSE,0,consecutive-repeat
546242,1409,1,12,12,1,0,FALSE,0,one-season
546482,1410,2,9,11,3,1,TRUE,1,repeated-with-gap
546863,1411,1,11,11,1,0,FALSE,0,one-season
547260,1412,7,6,12,7,0,FALSE,0,consecutive-repeat
547492,1413,1,9,9,1,0,FALSE,0,one-season
547496,1414,2,9,10,2,0,FALSE,0,consecutive-repeat
549129,1415,4,9,12,4,0,FALSE,0,consecutive-repeat
550229,1416,7,6,12,7,0,FALSE,0,consecutive-repeat
550459,1417,2,11,12,2,0,FALSE,0,consecutive-repeat
550927,1418,3,10,12,3,0,FALSE,0,consecutive-repeat
551304,1419,1,8,8,1,0,FALSE,0,one-season
551419,1420,1,8,8,1,0,FALSE,0,one-season
551442,1421,2,5,6,2,0,FALSE,0,consecutive-repeat
551596,1422,1,9,9,1,0,FALSE,0,one-season
552232,1423,2,11,12,2,0,FALSE,0,consecutive-repeat
552234,1424,2,7,11,5,3,TRUE,1,repeated-with-gap
552240,1425,1,12,12,1,0,FALSE,0,one-season
552245,1426,1,10,10,1,0,FALSE,0,one-season
553292,1427,2,9,10,2,0,FALSE,0,consecutive-repeat
553381,1428,2,9,10,2,0,FALSE,0,consecutive-repeat
554406,1429,4,8,11,4,0,FALSE,0,consecutive-repeat
556923,1430,3,10,12,3,0,FALSE,0,consecutive-repeat
556979,1431,2,11,12,2,0,FALSE,0,consecutive-repeat
557066,1432,1,10,10,1,0,FALSE,0,one-season
557401,1433,1,10,10,1,0,FALSE,0,one-season
557942,1434,1,6,6,1,0,FALSE,0,one-season
558581,1435,1,10,10,1,0,FALSE,0,one-season
558739,1436,2,9,11,3,1,TRUE,1,repeated-with-gap
558754,1437,1,10,10,1,0,FALSE,0,one-season
558779,1438,3,9,11,3,0,FALSE,0,consecutive-repeat
559043,1439,3,5,10,6,3,TRUE,1,repeated-with-gap
559200,1440,1,10,10,1,0,FALSE,0,one-season
559368,1441,1,12,12,1,0,FALSE,0,one-season
559647,1442,2,10,11,2,0,FALSE,0,consecutive-repeat
559718,1443,1,9,9,1,0,FALSE,0,one-season
560353,1444,2,8,12,5,3,TRUE,1,repeated-with-gap
560889,1445,2,8,9,2,0,FALSE,0,consecutive-repeat
561186,1446,5,7,11,5,0,FALSE,0,consecutive-repeat
561189,1447,3,10,12,3,0,FALSE,0,consecutive-repeat
561190,1448,3,8,11,4,1,TRUE,1,repeated-with-gap
563391,1449,1,12,12,1,0,FALSE,0,one-season
563961,1450,1,7,7,1,0,FALSE,0,one-season
563968,1451,1,11,11,1,0,FALSE,0,one-season
565630,1452,1,12,12,1,0,FALSE,0,one-season
566942,1453,2,10,11,2,0,FALSE,0,consecutive-repeat
567016,1454,4,9,12,4,0,FALSE,0,consecutive-repeat
567461,1455,3,10,12,3,0,FALSE,0,consecutive-repeat
568583,1456,1,11,11,1,0,FALSE,0,one-season
569212,1457,1,12,12,1,0,FALSE,0,one-season
574784,1458,5,8,12,5,0,FALSE,0,consecutive-repeat
574907,1459,1,9,9,1,0,FALSE,0,one-season
577521,1460,1,12,12,1,0,FALSE,0,one-season
578270,1461,1,12,12,1,0,FALSE,0,one-season
578847,1462,1,10,10,1,0,FALSE,0,one-season
579987,1463,1,7,7,1,0,FALSE,0,one-season
580127,1464,4,9,12,4,0,FALSE,0,consecutive-repeat
582098,1465,1,10,10,1,0,FALSE,0,one-season
582472,1466,1,11,11,1,0,FALSE,0,one-season
583159,1467,3,9,11,3,0,FALSE,0,consecutive-repeat
583880,1468,1,12,12,1,0,FALSE,0,one-season
584520,1469,2,8,9,2,0,FALSE,0,consecutive-repeat
584522,1470,3,6,9,4,1,TRUE,1,repeated-with-gap
584914,1471,4,8,12,5,1,TRUE,1,repeated-with-gap
584938,1472,3,10,12,3,0,FALSE,0,consecutive-repeat
585048,1473,1,12,12,1,0,FALSE,0,one-season
585538,1474,1,12,12,1,0,FALSE,0,one-season
585816,1475,6,7,12,6,0,FALSE,0,consecutive-repeat
589805,1476,3,10,12,3,0,FALSE,0,consecutive-repeat
589806,1477,1,12,12,1,0,FALSE,0,one-season
590503,1478,6,7,12,6,0,FALSE,0,consecutive-repeat
590721,1479,1,12,12,1,0,FALSE,0,one-season
591410,1480,1,9,9,1,0,FALSE,0,one-season
592582,1481,1,12,12,1,0,FALSE,0,one-season
593103,1482,1,11,11,1,0,FALSE,0,one-season
593173,1483,1,10,10,1,0,FALSE,0,one-season
593442,1484,2,10,11,2,0,FALSE,0,consecutive-repeat
593446,1485,3,9,12,4,1,TRUE,1,repeated-with-gap
593803,1486,2,11,12,2,0,FALSE,0,consecutive-repeat
595008,1487,1,8,8,1,0,FALSE,0,one-season
595598,1488,2,11,12,2,0,FALSE,0,consecutive-repeat
596052,1489,7,6,12,7,0,FALSE,0,consecutive-repeat
596691,1490,2,11,12,2,0,FALSE,0,consecutive-repeat
596822,1491,2,9,10,2,0,FALSE,0,consecutive-repeat
597980,1492,2,11,12,2,0,FALSE,0,consecutive-repeat
598620,1493,2,10,11,2,0,FALSE,0,consecutive-repeat
599551,1494,5,8,12,5,0,FALSE,0,consecutive-repeat
599560,1495,1,12,12,1,0,FALSE,0,one-season
601166,1496,1,11,11,1,0,FALSE,0,one-season
601275,1497,2,10,12,3,1,TRUE,1,repeated-with-gap
601297,1498,2,10,11,2,0,FALSE,0,consecutive-repeat
601883,1499,3,7,10,4,1,TRUE,1,repeated-with-gap
602620,1500,1,12,12,1,0,FALSE,0,one-season
603778,1501,2,11,12,2,0,FALSE,0,consecutive-repeat
603901,1502,1,11,11,1,0,FALSE,0,one-season
604055,1503,2,10,11,2,0,FALSE,0,consecutive-repeat
604122,1504,3,10,12,3,0,FALSE,0,consecutive-repeat
605383,1505,2,10,11,2,0,FALSE,0,consecutive-repeat
605385,1506,1,11,11,1,0,FALSE,0,one-season
606670,1507,2,10,11,2,0,FALSE,0,consecutive-repeat
607496,1508,1,11,11,1,0,FALSE,0,one-season
609127,1509,1,11,11,1,0,FALSE,0,one-season
611298,1510,3,10,12,3,0,FALSE,0,consecutive-repeat
611437,1511,1,11,11,1,0,FALSE,0,one-season
611463,1512,4,9,12,4,0,FALSE,0,consecutive-repeat
612174,1513,1,12,12,1,0,FALSE,0,one-season
617894,1514,3,10,12,3,0,FALSE,0,consecutive-repeat
618294,1515,6,7,12,6,0,FALSE,0,consecutive-repeat
618690,1516,4,9,12,4,0,FALSE,0,consecutive-repeat
618697,1517,1,12,12,1,0,FALSE,0,one-season
619855,1518,2,6,7,2,0,FALSE,0,consecutive-repeat
620193,1519,1,12,12,1,0,FALSE,0,one-season
621020,1520,2,10,11,2,0,FALSE,0,consecutive-repeat
621046,1521,2,10,11,2,0,FALSE,0,consecutive-repeat
621207,1522,1,12,12,1,0,FALSE,0,one-season
622288,1523,2,9,10,2,0,FALSE,0,consecutive-repeat
622390,1524,3,9,11,3,0,FALSE,0,consecutive-repeat
622787,1525,1,9,9,1,0,FALSE,0,one-season
624498,1526,1,12,12,1,0,FALSE,0,one-season
624613,1527,3,10,12,3,0,FALSE,0,consecutive-repeat
624615,1528,1,12,12,1,0,FALSE,0,one-season
624774,1529,1,9,9,1,0,FALSE,0,one-season
624854,1530,1,12,12,1,0,FALSE,0,one-season
626123,1531,2,10,11,2,0,FALSE,0,consecutive-repeat
626229,1532,2,11,12,2,0,FALSE,0,consecutive-repeat
627298,1533,1,11,11,1,0,FALSE,0,one-season
631404,1534,4,9,12,4,0,FALSE,0,consecutive-repeat
631908,1535,2,11,12,2,0,FALSE,0,consecutive-repeat
633438,1536,1,11,11,1,0,FALSE,0,one-season
634204,1537,1,11,11,1,0,FALSE,0,one-season
634666,1538,4,9,12,4,0,FALSE,0,consecutive-repeat
636122,1539,1,11,11,1,0,FALSE,0,one-season
639038,1540,1,10,10,1,0,FALSE,0,one-season
642237,1541,2,11,12,2,0,FALSE,0,consecutive-repeat
643199,1542,5,8,12,5,0,FALSE,0,consecutive-repeat
643875,1543,2,10,11,2,0,FALSE,0,consecutive-repeat
644114,1544,1,10,10,1,0,FALSE,0,one-season
645035,1545,1,11,11,1,0,FALSE,0,one-season
645789,1546,2,10,11,2,0,FALSE,0,consecutive-repeat
645877,1547,1,10,10,1,0,FALSE,0,one-season
647161,1548,4,8,11,4,0,FALSE,0,consecutive-repeat
648423,1549,3,10,12,3,0,FALSE,0,consecutive-repeat
652014,1550,2,11,12,2,0,FALSE,0,consecutive-repeat
652912,1551,2,10,11,2,0,FALSE,0,consecutive-repeat
653322,1552,1,9,9,1,0,FALSE,0,one-season
654823,1553,5,8,12,5,0,FALSE,0,consecutive-repeat
655335,1554,1,12,12,1,0,FALSE,0,one-season
655656,1555,3,10,12,3,0,FALSE,0,consecutive-repeat
657882,1556,1,9,9,1,0,FALSE,0,one-season
659244,1557,3,9,11,3,0,FALSE,0,consecutive-repeat
661732,1558,1,10,10,1,0,FALSE,0,one-season
663974,1559,1,9,9,1,0,FALSE,0,one-season
669602,1560,1,9,9,1,0,FALSE,0,one-season
670456,1561,1,12,12,1,0,FALSE,0,one-season
678620,1562,4,9,12,4,0,FALSE,0,consecutive-repeat
682943,1563,1,12,12,1,0,FALSE,0,one-season
683194,1564,1,11,11,1,0,FALSE,0,one-season
683848,1565,2,11,12,2,0,FALSE,0,consecutive-repeat
688446,1566,1,10,10,1,0,FALSE,0,one-season
689107,1567,1,12,12,1,0,FALSE,0,one-season
691939,1568,1,11,11,1,0,FALSE,0,one-season
693939,1569,2,10,12,3,1,TRUE,1,repeated-with-gap
693943,1570,2,10,12,3,1,TRUE,1,repeated-with-gap
694062,1571,4,9,12,4,0,FALSE,0,consecutive-repeat
694195,1572,4,7,10,4,0,FALSE,0,consecutive-repeat
694310,1573,2,8,10,3,1,TRUE,1,repeated-with-gap
694506,1574,3,10,12,3,0,FALSE,0,consecutive-repeat
696440,1575,1,11,11,1,0,FALSE,0,one-season
696658,1576,2,11,12,2,0,FALSE,0,consecutive-repeat
697957,1577,1,11,11,1,0,FALSE,0,one-season
700268,1578,1,9,9,1,0,FALSE,0,one-season
703740,1579,2,11,12,2,0,FALSE,0,consecutive-repeat
706732,1580,3,10,12,3,0,FALSE,0,consecutive-repeat
708179,1581,2,11,12,2,0,FALSE,0,consecutive-repeat
711011,1582,2,8,10,3,1,TRUE,1,repeated-with-gap
712305,1583,1,11,11,1,0,FALSE,0,one-season
712692,1584,1,11,11,1,0,FALSE,0,one-season
712871,1585,1,12,12,1,0,FALSE,0,one-season
713064,1586,2,11,12,2,0,FALSE,0,consecutive-repeat
713622,1587,1,9,9,1,0,FALSE,0,one-season
713837,1588,1,11,11,1,0,FALSE,0,one-season
713838,1589,1,12,12,1,0,FALSE,0,one-season
720559,1590,3,10,12,3,0,FALSE,0,consecutive-repeat
722550,1591,1,11,11,1,0,FALSE,0,one-season
722567,1592,3,10,12,3,0,FALSE,0,consecutive-repeat
724440,1593,1,11,11,1,0,FALSE,0,one-season
740187,1594,1,11,11,1,0,FALSE,0,one-season
743429,1595,2,10,12,3,1,TRUE,1,repeated-with-gap
743536,1596,1,11,11,1,0,FALSE,0,one-season
744761,1597,1,12,12,1,0,FALSE,0,one-season
744811,1598,2,11,12,2,0,FALSE,0,consecutive-repeat
744854,1599,1,12,12,1,0,FALSE,0,one-season
746346,1600,3,10,12,3,0,FALSE,0,consecutive-repeat
747916,1601,4,9,12,4,0,FALSE,0,consecutive-repeat
764899,1602,1,11,11,1,0,FALSE,0,one-season
767660,1603,1,11,11,1,0,FALSE,0,one-season
769463,1604,2,10,11,2,0,FALSE,0,consecutive-repeat
769471,1605,1,12,12,1,0,FALSE,0,one-season
769742,1606,1,12,12,1,0,FALSE,0,one-season
770387,1607,1,11,11,1,0,FALSE,0,one-season
770391,1608,1,11,11,1,0,FALSE,0,one-season
770398,1609,3,10,12,3,0,FALSE,0,consecutive-repeat
771062,1610,1,11,11,1,0,FALSE,0,one-season
773942,1611,3,10,12,3,0,FALSE,0,consecutive-repeat
776387,1612,3,10,12,3,0,FALSE,0,consecutive-repeat
776656,1613,4,9,12,4,0,FALSE,0,consecutive-repeat
777938,1614,1,12,12,1,0,FALSE,0,one-season
778343,1615,2,11,12,2,0,FALSE,0,consecutive-repeat
778363,1616,1,11,11,1,0,FALSE,0,one-season
780739,1617,1,12,12,1,0,FALSE,0,one-season
784394,1618,1,11,11,1,0,FALSE,0,one-season
786686,1619,1,9,9,1,0,FALSE,0,one-season
787348,1620,2,11,12,2,0,FALSE,0,consecutive-repeat
788748,1621,2,11,12,2,0,FALSE,0,consecutive-repeat
788852,1622,2,10,11,2,0,FALSE,0,consecutive-repeat
805039,1623,1,12,12,1,0,FALSE,0,one-season
808262,1624,1,10,10,1,0,FALSE,0,one-season
808345,1625,2,11,12,2,0,FALSE,0,consecutive-repeat
809746,1626,1,12,12,1,0,FALSE,0,one-season
812973,1627,1,12,12,1,0,FALSE,0,one-season
814546,1628,3,10,12,3,0,FALSE,0,consecutive-repeat
814737,1629,1,10,10,1,0,FALSE,0,one-season
818689,1630,1,10,10,1,0,FALSE,0,one-season
826049,1631,1,12,12,1,0,FALSE,0,one-season
831472,1632,2,11,12,2,0,FALSE,0,consecutive-repeat
838872,1633,1,11,11,1,0,FALSE,0,one-season
843681,1634,1,11,11,1,0,FALSE,0,one-season
844244,1635,1,12,12,1,0,FALSE,0,one-season
855222,1636,2,10,11,2,0,FALSE,0,consecutive-repeat
856312,1637,1,11,11,1,0,FALSE,0,one-season
860728,1638,1,12,12,1,0,FALSE,0,one-season
879047,1639,1,11,11,1,0,FALSE,0,one-season
879052,1640,2,11,12,2,0,FALSE,0,consecutive-repeat
911027,1641,1,12,12,1,0,FALSE,0,one-season
916711,1642,1,11,11,1,0,FALSE,0,one-season
935301,1643,1,10,10,1,0,FALSE,0,one-season
938660,1644,2,11,12,2,0,FALSE,0,consecutive-repeat
947211,1645,1,11,11,1,0,FALSE,0,one-season
947678,1646,1,11,11,1,0,FALSE,0,one-season
1016232,1647,1,11,11,1,0,FALSE,0,one-season
1075948,1648,1,12,12,1,0,FALSE,0,one-season
1127679,1649,1,12,12,1,0,FALSE,0,one-season
1182657,1650,1,11,11,1,0,FALSE,0,one-season
