variable,mean,median,sd,mad,q5,q95,rhat,ess_bulk,ess_tail
lp__,18854.170217,18860.9685,330.36864075332016,339.2411190000007,18295.191400000003,19382.95755,1.001964879632568,778.7214330289146,1754.055272112496
mu[1],-0.20861101341,-0.20866943,0.0068762182220755705,0.006807261530999986,-0.2196832195,-0.19731164300000004,0.9999255563970441,4388.413150625242,2911.127653411146
mu[2],-0.0630208580325,-0.063027043,0.009563184711407388,0.009544668936599986,-0.07865281130000001,-0.04723741975000001,1.000644362433878,4760.102646834205,3202.576898773645
mu[3],-0.077652743319,-0.0777101385,0.007100664815523532,0.0071177379861000045,-0.08910744135,-0.06583514945000002,1.0000931738153174,5485.835995722119,3450.7506502472847
mu[4],-0.2072185719425,-0.20736417499999998,0.0071127084952100714,0.007128229605000027,-0.21860787599999998,-0.1954843035,1.0015705334787282,5032.147802582927,3242.4040018012256
mu[5],0.003012560133265376,0.0030498782499999997,0.009920958947558657,0.00970110525321,-0.013291623349999998,0.01962532089999998,1.0004906123502204,5463.013123595041,3388.25915754506
mu[6],0.001017080184664025,9.00788785e-4,0.009911950070678455,0.00989084906838,-0.01517635205,0.0172154948,1.0017125448519455,5278.582982926175,3184.4843079440475
mu[7],0.0203374076736945,0.020377854,0.007856280408406496,0.007844970336,0.0071778393300000005,0.03318806165,1.0006893233789007,4917.788751590207,3156.639871080113
mu[8],0.4393467191,0.439436555,0.008427931432268535,0.008495424020999993,0.4251258215,0.4529075935,1.0011692902992753,6350.457375458949,3278.2371696105315
mu[9],-0.136185748855,-0.13636783000000002,0.006818817359936709,0.00673374681,-0.147298643,-0.12469722100000002,1.000924361937989,5242.980630300293,3607.6983525486507
mu[10],0.203054792905,0.20291724,0.008549830424147037,0.008554349958000005,0.189058112,0.21734438,1.0006886999190592,5522.314940646277,3220.8240133601757
mu[11],0.05043336768775,0.050454222,0.007191330249729701,0.007281719476499999,0.038778967500000004,0.062391010399999995,1.0011193371717024,5656.012424331041,2984.740836914281
mu[12],-0.021164574027045,-0.021317800499999998,0.007550878250550544,0.007694884514099997,-0.033195687200000004,-0.008623524165000005,1.0000762281614377,5658.909472887969,3018.166917950826
mu[13],-0.217154318735,-0.21700224499999998,0.009495839154398479,0.00944822432399996,-0.23272791250000002,-0.20158483100000005,1.0015873898307681,5349.617841661313,3191.7100326190453
mu[14],0.1828762835425,0.18267186000000002,0.008982624236247167,0.008876859935999995,0.16844454700000003,0.197670556,1.0011315090704704,5475.704169951966,3080.729510552883
mu[15],0.015561766803777249,0.015554166,0.006500603214646197,0.006368376348600001,0.00477268852,0.026205155249999994,1.0005308114149374,4410.662132546229,2950.700818669535
mu[16],0.07292473311775,0.0727401245,0.008466278010404006,0.008455235924099995,0.05891617265,0.08690760059999998,1.0010981677349198,5209.104616675065,3059.7523267054826
mu[17],-0.056757745097000004,-0.0566646265,0.006976078611517764,0.006886857877200002,-0.06829757485,-0.0455488955,1.0007788478497113,5247.22634083119,3197.968561348832
mu[18],-0.0497455254715,-0.049864475000000005,0.00882310968164649,0.008755967249400004,-0.064202121,-0.03521960230000001,1.0005378219800996,6540.542549439158,3231.956747796649
mu[19],-0.1706353433775,-0.170736385,0.0067214089640078014,0.006694873038000009,-0.18175283250000002,-0.15963823700000004,1.0002772733071361,5394.731888692231,3363.3601559292956
mu[20],-0.1358880931275,-0.1359839,0.0073668994043923405,0.00721707441000001,-0.147915425,-0.12388448150000003,1.0008187711801084,5616.867284522012,3189.9978240777623
mu[21],-0.2151145481075,-0.21504578,0.010214250780466227,0.010634148650999995,-0.231799813,-0.1984775235,1.0001328984903426,5397.810603166544,3549.7560849844012
mu[22],0.2483739123825,0.24840032,0.008869333212079696,0.008653558137000026,0.23373803650000002,0.2629302455,1.0000074060405362,5044.577523457788,3191.9178919003148
mu[23],0.1933079515225,0.19332872,0.00654398259703486,0.006556635414000017,0.18212267299999998,0.203903647,0.9995926783654205,4517.044061601495,2991.240906777484
mu[24],0.12603124442475,0.125924265,0.009500809342462373,0.009526653864000005,0.1106834825,0.1415829155,1.0000012425178244,5609.473902953558,3447.1253273021157
mu[25],0.05480642995775,0.0548068835,0.006566782320618267,0.006469051560299998,0.043723694699999996,0.06564499054999999,1.0008096502572654,4493.8904353368225,3615.8278606985277
mu[26],-0.07424698428425,-0.074160115,0.01004950426268915,0.010130908991700003,-0.09029357724999999,-0.057582170900000014,1.0004020060785497,4649.314104483708,3292.0167997528874
mu[27],0.041601174431,0.0415579355,0.00729166410474102,0.007234065747300001,0.02969096745,0.05365377995,1.0001009773503713,5755.563080060889,3358.48156481547
mu[28],-0.140500713425,-0.140473775,0.00634177335953061,0.006278529305999987,-0.150857743,-0.1301949375,1.0016471300259928,4653.535429473794,3527.950199503178
mu[29],-0.09762623835825,-0.09753106049999999,0.007063699198714258,0.006900919596899987,-0.109614853,-0.08591797155,1.0001833555779658,5150.277744718163,3219.2813224100228
mu[30],-0.0579212190925,-0.0579549635,0.0075440600011268165,0.007507970166899996,-0.07045573145,-0.0453174999,1.0008222239582487,4599.059958721958,3441.899044895541
mu[31],-0.00329985291576285,-0.0033884886500000003,0.010731680209855944,0.01065986686842,-0.02073951575,0.01408192225,1.0005706698323484,5268.653966009946,3175.3800928744413
mu[32],-0.2316386859425,-0.23164447999999999,0.008534711708913269,0.008651808669000002,-0.245735159,-0.2177674045,1.0005061407816425,5091.322644615737,3368.1412638236025
mu[33],0.239456158915,0.239465785,0.007946451413667604,0.00781053695100003,0.226330347,0.2526045165,1.0015319022864515,5513.62060946119,3082.475114617486
mu[34],0.274373550355,0.27427535999999997,0.009204766324543059,0.009227902550999987,0.259297169,0.289307866,0.9995844324638371,5605.069520332315,2944.9239257312074
mu[35],-0.17958632764,-0.179612245,0.0073279103141473114,0.007305481848000017,-0.1913443695,-0.16769502000000003,1.0001852274679948,5645.88542820654,3376.832644706623
mu[36],0.07881005753675,0.078714396,0.007130648920022525,0.0071551936512,0.06725455135,0.0904056299,1.001300648525182,5154.785725511375,2823.717823485306
mu[37],-0.0852598522385,-0.085312467,0.0086934249093959335,0.008529213957599995,-0.099458633,-0.07085688294999999,1.0015442920002435,5759.232691952405,2863.6072473190193
mu[38],0.1262983487505,0.12646451,0.01027223875690929,0.010296582870000008,0.1093398485,0.14321032099999997,1.0007824929458358,5243.905449678384,3218.3425689090577
mu[39],-0.3618860180875,-0.36189261500000003,0.008295989000528465,0.008376386066999978,-0.37550952249999997,-0.348258715,0.9998849790506701,4212.2873738116505,3160.899010671228
mu[40],-0.27565482261,-0.27564995999999997,0.0065366892292826944,0.006652003658999921,-0.28640778100000003,-0.2648685745,1.0004575293359441,5382.076084964847,3170.363321086439
mu[41],-0.026063348278725,-0.02594499,0.007132963453123012,0.007106138864999998,-0.0379196075,-0.0144461907,1.0030389578911836,5145.736105231589,3450.7341132074844
mu[42],-0.05714925667475,-0.057005109,0.009986620288958286,0.009895706362500012,-0.07329120095,-0.04047463335,0.9998163341894686,5720.361001093417,3273.3728720732006
mu[43],-0.014259782136639575,-0.0141634165,0.007150801573163532,0.007117510406999998,-0.026112912,-0.0025237951050000014,1.001042737098361,4321.1010534714,3213.1397086335605
mu[44],0.190529734885,0.190550355,0.008069858277209714,0.008343961604999988,0.17723904599999998,0.20385263299999998,1.0007343659087489,5479.332281395939,3378.383855624974
mu[45],-0.0231324027115075,-0.023190247499999997,0.00876941795264678,0.0088056773448,-0.03752770495,-0.008699820715000006,1.0013551756899215,5036.628985431446,3573.5874076319733
mu[46],-0.07985107880725,-0.079819082,0.007822745146015294,0.0077421876084,-0.09284833239999998,-0.06700126920000002,0.9996635264907736,5540.897271988946,3320.7664828594197
mu[47],-0.1599927656775,-0.15996122499999998,0.0073335478822641985,0.0075039871619999934,-0.17231852500000003,-0.14820306,1.0005205905080918,4836.900497255601,3112.5060935965503
mu[48],-0.025428262443275,-0.0254923075,0.006987810677565094,0.007298417259000001,-0.036287075,-0.013902687100000014,0.9999353479215394,5010.663988062417,3483.07963314577
mu[49],-0.057654791781,-0.0576863055,0.00935328122305522,0.009550813572299997,-0.07269561585,-0.04243986955,1.0004751018167093,5777.999664982498,2886.975233528866
mu[50],0.2581458916625,0.258059425,0.007302229554680377,0.007199312861999977,0.246226352,0.27009037900000005,0.9995860932618119,4716.159211419292,3391.2089075743916
mu[51],0.23522207903,0.23530369,0.010241357543744879,0.010251296852999997,0.2181504945,0.2520594155,1.0012560659025036,5503.759928136634,3390.9815315543055
mu[52],0.027989934454925,0.027959879,0.007131966749206503,0.0070167477218999975,0.0160046559,0.03961274249999998,0.9997598957202445,5784.2083913068545,3440.9524217108487
mu[53],0.1533016136025,0.153214935,0.0063151570009203125,0.006197964822000008,0.14299209149999997,0.16387857,1.0006190391863539,5021.357115405104,2943.9028315907663
sigma_a[1],0.53148738424,0.5313452949999999,0.011799367751485391,0.011632768707,0.511638881,0.5513080785,1.0073448588864946,1015.6396218247957,1626.0593551204213
sigma_a[2],0.8683872607075,0.868287925,0.018036831703601753,0.01805901686400003,0.8389900330000001,0.8978527395000001,1.0021653177197822,1140.1634914373983,2428.516998537172
sigma_a[3],0.41446640107,0.414373295,0.0102508514281959,0.010138078104000026,0.3982091985,0.4319835835,1.0042800168244048,1274.5006695975228,2136.8669064853275
sigma_a[4],0.5406413338175,0.54042705,0.011966729420812552,0.011954663405999984,0.5214205785,0.5610966964999999,1.0007769345593212,1220.6185306594857,2440.043264226567
sigma_a[5],0.4796872914725,0.47935707,0.014326118435200957,0.014114641106999972,0.45622917350000003,0.5035149664999999,1.0010472795986523,1270.448815851706,2245.654234271367
sigma_a[6],0.383789318085,0.38372243,0.01331909035142548,0.013334126336999996,0.36216059,0.405428456,1.003092818203461,1528.520598412622,2153.73223234762
sigma_a[7],0.332228031405,0.331977045,0.0112978552770581,0.011134222217999996,0.3138121445,0.35081884199999996,1.003995605735707,1176.5475744292949,2365.6897220433643
sigma_a[8],0.363302876955,0.36310580000000003,0.011399662192354703,0.011318316660000006,0.3450803755,0.38263012849999994,1.0008111091305891,1529.3342003490468,2492.901952579701
sigma_a[9],0.338283946375,0.33841874,0.009925851134715254,0.009952856885999992,0.3218908905,0.35439026749999997,1.0019591587462755,1213.4962943148407,2355.0087411306617
sigma_a[10],0.24815516531,0.247981185,0.012172733367894267,0.01200603549599998,0.22799013399999998,0.26857618199999994,1.0010117623230366,1274.748568202228,2486.53595605798
sigma_a[11],0.177500112245,0.17752752500000002,0.010670797010334066,0.010668063126000002,0.1602005855,0.19504320349999998,1.001348180333519,1187.53526184622,2157.591599715379
sigma_a[12],0.33726381617,0.337160055,0.010232599134688663,0.010320393425999984,0.3205166185,0.35451648550000003,1.0031889518659258,1342.843928616163,2494.6650371531873
sigma_a[13],0.3475162084,0.34743419,0.01316490429658594,0.012996997923000004,0.32572608599999997,0.3692232405,1.0016552591050485,1217.1334203996514,2223.377192487422
sigma_a[14],0.4586033238225,0.458285645,0.012938931861028784,0.013019874440999979,0.43781143899999997,0.480237468,1.0047133878232022,1240.8979186148151,2394.443396847449
sigma_a[15],0.4722586266375,0.47202248999999996,0.010790186755770474,0.01105515516000001,0.45485512050000004,0.49029304249999994,1.0013035215706796,1285.742098107542,2293.079499952932
sigma_a[16],0.3264090081025,0.326460785,0.011891285754799466,0.012090817977000044,0.307061542,0.3463121005,1.001171962788409,1439.8688054238326,2334.50827841095
sigma_a[17],0.23004504273,0.23003981499999998,0.010155851837336973,0.01027593766500001,0.213251605,0.24678744649999998,1.0012018362375739,1494.4268779647566,2311.3645682857154
sigma_a[18],0.33312602998,0.3331004,0.012226041429075593,0.012281346903000001,0.31318051399999997,0.3533473465,1.0022908120833205,1387.5441502166748,2627.9564708491757
sigma_a[19],0.40669967793,0.40674411,0.010085087796108325,0.01054618599300002,0.3903581185,0.423331269,1.0009598851239854,1593.5204226340593,2662.2674194908805
sigma_a[20],0.2746946692725,0.27486977,0.010369556578496732,0.010398926748000003,0.257420373,0.29204164450000003,1.0015477133211328,1235.675610727823,2537.174611888874
sigma_a[21],0.5811795533525,0.58091296,0.01585051609400789,0.015558382161000056,0.5555962065000001,0.6072660675,1.0049855809482078,1198.4564069857981,2186.8001150474693
sigma_a[22],0.4037405086975,0.403821165,0.012444121785807703,0.012410184842999961,0.38319519599999996,0.4238161985,1.0010274367767977,1537.9236121131228,1999.2969000923533
sigma_a[23],0.461177438715,0.46089535,0.010501537253882753,0.01045938717599999,0.44411477099999996,0.47864375950000004,1.001794806892478,1247.6966341507662,2311.985159902824
sigma_a[24],0.3834413909,0.38318767499999995,0.013306584258441102,0.01363225495799998,0.3616432585,0.4056838865,1.0019247377577574,1516.5975126932012,2561.490901523892
sigma_a[25],0.431569790915,0.431562025,0.010064791117748816,0.010094511903000036,0.41546573700000006,0.4484440145,1.0019427582757805,1149.763410415456,2316.199920470136
sigma_a[26],0.582848470085,0.58252923,0.015175551613655231,0.015198392055000001,0.5583194355,0.6081922000000001,1.0053152373156855,1306.9384276590927,2042.9510528205635
sigma_a[27],0.497235916265,0.49723728,0.011787312749275653,0.011805825192000059,0.4781567805,0.5172663725,1.0005534089197803,1251.6446595715747,2170.5951929256385
sigma_a[28],0.3200607586325,0.319964705,0.008968256856354731,0.008802396351000014,0.305472268,0.335128529,1.0002855008835874,1226.4620436981827,2324.7516420716
sigma_a[29],0.4230002300675,0.42288517000000003,0.0107933238896017,0.011109299711999946,0.40549820150000004,0.44045362899999996,1.0004071020673808,1351.9274991406162,2011.0886125521693
sigma_a[30],0.31337218974,0.31339094,0.010605171167262003,0.010662918503999974,0.296185337,0.3305811165,1.0031722986777438,1352.5783814398935,2385.4786796976177
sigma_a[31],0.3876449417575,0.38756228000000004,0.014418031440960903,0.014445164538000023,0.36405584950000003,0.4113087425,1.0020159757283162,1278.3417784300984,1883.3380132754023
sigma_a[32],0.3958070881575,0.3954007,0.012301786811375682,0.012336432905999976,0.375753974,0.4162077215,1.001405741680869,1149.4567967168127,2300.475806519098
sigma_a[33],0.2413320699475,0.24136115000000002,0.011060962648173132,0.01119752182499999,0.223142539,0.25925306649999996,1.000955051897067,1340.0974506204968,2060.1170012307366
sigma_a[34],0.4242007317875,0.42393054,0.012892598808021426,0.012712057028999992,0.403318128,0.445800633,1.0055940269359642,1419.2626573297277,2439.3405954444615
sigma_a[35],0.515004859195,0.5150060700000001,0.01196784924643117,0.012132575406000162,0.4952725455,0.534470924,1.00129572963119,1245.1357656776222,1756.166581340084
sigma_a[36],0.268893295625,0.26890223999999996,0.00957955592848366,0.009536498327999935,0.253217405,0.2842895265,1.0002799208850193,1614.7287001853892,2296.5934752293465
sigma_a[37],0.240586077865,0.24039602999999998,0.012325961413820112,0.012063864308999993,0.220709816,0.2611912475,1.0029307891054435,1300.7767641973146,2212.981275884924
sigma_a[38],0.528721365085,0.52825236,0.015387977580497368,0.01525118002799991,0.5038813665,0.553929755,0.9998683398582848,1192.1507255097833,1936.9553299143304
sigma_a[39],0.370236223895,0.370066265,0.011884663964499038,0.011756165504999985,0.35063478800000003,0.3904799775000001,1.0021268354655537,1209.5297495941265,1913.7323335992912
sigma_a[40],0.4162462614675,0.4160804,0.010119871506596548,0.01013157690299999,0.400060348,0.4333019275,1.0020290962722365,1374.8281486026985,1799.07309278085
sigma_a[41],0.3645472854625,0.36442428,0.01022867770956005,0.010262913023999993,0.347803647,0.38115910449999996,1.002143955522652,1393.934316831118,2451.8747937358016
sigma_a[42],0.3330992302475,0.33329923,0.013654339750824099,0.013577339453999998,0.31046762499999997,0.35509741,1.0034203219245497,1282.974566885036,2499.0059056253394
sigma_a[43],0.569471088795,0.56922781,0.0128716025258319,0.012804941919000029,0.5486755955,0.5912254164999999,1.0082712863381265,881.2717583165903,1871.3855704110524
sigma_a[44],0.3188416155175,0.31877254499999996,0.011123312443829221,0.01125545442000001,0.30079804800000004,0.33731160199999993,1.002036778872752,1117.0852525300836,2592.6282814437013
sigma_a[45],0.2800833845975,0.27991201,0.012566870803266844,0.012650973908999963,0.25936269850000004,0.30082792699999994,1.0027693568783356,1460.1237287543393,2449.6617237802516
sigma_a[46],0.3688172841675,0.368726015,0.011030757905977618,0.010853440017000017,0.35082107500000004,0.387090932,1.0009441389548845,1210.51862767152,2166.3940643197634
sigma_a[47],0.37025212071,0.37028149,0.010671035895686212,0.010371417104999999,0.3529271695,0.38760886099999997,1.003306828036605,1186.4148699343768,2141.4057999546612
sigma_a[48],0.336853067335,0.336883045,0.009912353596604901,0.010006386159000003,0.320961247,0.353552487,1.0048275428801319,1555.0292881364282,2388.780165096406
sigma_a[49],0.2249962087425,0.224982165,0.013682735439881718,0.013664901809999998,0.2024082295,0.2476606795,1.0013704625357491,1087.7635725706705,1881.8528047789412
sigma_a[50],0.350922321255,0.350898605,0.010551103666209927,0.010599982134000057,0.334155906,0.3683472585,1.0016988136137712,1410.7442917174217,2458.510612350279
sigma_a[51],0.54843684631,0.548425905,0.015223890473066257,0.015214411548000087,0.524229143,0.573058442,1.0006790651134854,1255.3444373125708,2196.8863956873906
sigma_a[52],0.3647432730775,0.364736105,0.010101903933619684,0.010070768064000023,0.3481381045,0.38145650849999996,1.001558275427048,1234.6540626871617,2295.7715477136694
sigma_a[53],0.338980034985,0.33921198500000005,0.009283367866736052,0.009045957878999998,0.3236820055,0.35432779999999997,1.002885289351197,1232.2749188360985,1877.6958996188366
sigma_b[1],0.4745567771475,0.459596265,0.10272743201695198,0.09224949211799999,0.3390681195,0.6597897009999997,1.0017952550341067,1274.520275343177,1793.083282625409
sigma_b[2],0.1805368026085,0.17342676,0.045403333927492164,0.040116887622,0.12225205050000001,0.2669574705,1.0019871095467827,1138.737787466084,2199.5067780993354
sigma_b[3],0.4592059783175,0.44386864000000004,0.10206728518420452,0.09198613788000005,0.3239972705,0.6506541129999999,1.0003961278716924,1827.7852850703396,2406.709127804148
sigma_b[4],0.255367408885,0.24608613499999998,0.061262766067161356,0.054995075142000034,0.176426046,0.3702063505,1.0019825890040968,1265.3098938787682,2072.963344378972
sigma_b[5],0.1140366351755,0.10934937,0.030723755153052604,0.02703999831539999,0.07459149594999999,0.17133932849999992,1.0009197912162264,1556.7868531447048,2359.3129026468423
sigma_b[6],0.08083190419375,0.077014562,0.02332518707791566,0.02052677565329999,0.05035829455,0.12531398199999996,1.0018938505069834,1629.8027256859616,2634.711010579645
sigma_b[7],0.143222476983,0.13734948,0.03674082095267093,0.03256311475199999,0.09635039745,0.21188393199999994,1.0029350694448926,1035.5567796954974,1983.385981179971
sigma_b[8],0.33971350840000003,0.324700435,0.08273654232764104,0.07071565374299998,0.23405602399999997,0.498321551,1.003738937871967,1271.3402109406932,1677.591006619618
sigma_b[9],0.26358409979499997,0.252237125,0.06369697053049138,0.05611034616599997,0.1823832855,0.3772671209999999,1.009545444695992,1085.2779276669326,1578.9642812203288
sigma_b[10],0.3354239725525,0.322586345,0.0782027025839413,0.067603187085,0.2343922255,0.4822971244999999,1.0014532280641595,1338.2508787963368,2038.325784103506
sigma_b[11],0.190034079775,0.18224121,0.04790319725744129,0.04165575970500001,0.127397735,0.27916798299999984,1.0019965425777022,1252.4935904973568,2064.2381084840295
sigma_b[12],0.244268237595,0.23477693,0.06040002864541499,0.054018167763000016,0.165587492,0.35639271249999993,1.0012511855423023,1154.8800022227003,1630.041584699707
sigma_b[13],0.1524898989985,0.146100675,0.04003891028090214,0.03429975826200002,0.1023011295,0.22603481899999994,1.0019902095617363,1232.4382680253366,2255.5438893888268
sigma_b[14],0.32477754002,0.31200623,0.07481606830481301,0.06534060605099999,0.22773140050000001,0.46484210149999994,1.0008591311636246,1486.2025566452044,2003.0718445901805
sigma_b[15],0.096682599351,0.09184352700000001,0.026090397465297812,0.022234574439000003,0.06316205855,0.145217623,1.0034462596794842,1238.1141543497504,1423.2450517041418
sigma_b[16],0.3216933590975,0.30651611,0.07920107731506376,0.06759400979099998,0.222164646,0.4694007374999998,1.0004399868694456,1060.4096992086281,1488.721553581614
sigma_b[17],0.278995516855,0.266607015,0.06694922934991128,0.05902352914499999,0.19239160500000002,0.4066634899999999,1.0026129201947187,1302.5132444225612,1689.2651608038032
sigma_b[18],0.26734238011,0.257518495,0.06458657354040498,0.05933815910400001,0.181335099,0.386621251,1.0014799794956601,1241.8633836612985,1644.0732860280034
sigma_b[19],0.383986485955,0.371931315,0.08833228728258546,0.08136757135499999,0.2663720245,0.5463674174999998,1.001364402154358,1069.5729880957015,1972.0284503696041
sigma_b[20],0.2672008323775,0.25700276499999997,0.06464216758934903,0.05900169785999996,0.18224713,0.38578892,1.0009003618116583,1208.583825301459,2032.0267765148897
sigma_b[21],0.36164254886,0.34713747500000003,0.08323154911051317,0.07464690849000002,0.25467689649999997,0.516831371,1.0006466792153175,1415.3296272415682,2388.828983776372
sigma_b[22],0.2003118909985,0.19197194,0.04941925641636665,0.04452550250399999,0.136558223,0.290166449,1.0014495539447419,1351.2078071708447,2047.1717836712714
sigma_b[23],0.2277027848775,0.218957655,0.0558717666064718,0.047139785909999975,0.1571330215,0.32954604699999995,1.0020833827517077,1205.8200017499269,1741.1186447078578
sigma_b[24],0.1562125214935,0.14900932,0.040495046073857996,0.03399151089600001,0.10502544850000001,0.23231953349999998,1.0017922057988669,1292.8112155258957,1832.1325707132614
sigma_b[25],0.2451701525925,0.23461806000000002,0.06064566234212702,0.052778195252999996,0.1659236055,0.357554257,1.0046802109348445,1009.7344777501936,1840.9129774751066
sigma_b[26],0.244814109325,0.23494592,0.059919937078111496,0.052417537977,0.168024093,0.3567852369999999,1.0012710661685178,1422.9910037699526,2342.966601302989
sigma_b[27],0.1957616647905,0.186281855,0.048802193284230154,0.041286696086999995,0.13243884300000003,0.2871123509999998,1.0012597507689205,1050.8481331888054,2065.645219479668
sigma_b[28],0.1949645269615,0.186074695,0.047313217644977465,0.04120520497799999,0.13493491999999999,0.28758581149999995,1.0012950430625038,1476.4639264637215,2147.9490462946196
sigma_b[29],0.11110987996425,0.10585273,0.029049534310097137,0.025089986426399997,0.07380959615,0.16574621099999998,1.0016656844479948,1288.3879965054641,1693.4602612857088
sigma_b[30],0.23357529097,0.224352455,0.056254425048088745,0.048853708575,0.157781401,0.337863995,1.001370332050565,1129.205291848415,1717.2298972443264
sigma_b[31],0.27749166319,0.26500476,0.06873424260288595,0.060582342197999975,0.188257467,0.4051581814999999,1.0004738765630279,1080.52620378695,1757.4391358600285
sigma_b[32],0.24801085575,0.23771164,0.060740558416467506,0.052965158526,0.1696785405,0.36102295599999995,1.002473159747263,1323.247595902544,2035.1497162129506
sigma_b[33],0.278195881765,0.26696556,0.06627828957374801,0.057023768612999966,0.19311027949999998,0.4007872345,1.002166443064999,1366.9034638882017,1821.4738764977164
sigma_b[34],0.33102289958,0.31856371,0.0787992403424021,0.07052972829000002,0.22798294749999998,0.4762362949999999,1.00113694333672,1243.2704630088956,1897.3168942669638
sigma_b[35],0.16710654639199998,0.159893225,0.042539511725677076,0.03628894785600001,0.1128976635,0.2482729855,1.001030918342701,1421.2756205929215,2143.173893451571
sigma_b[36],0.27448816477,0.262753625,0.06780921353085889,0.056663422682999995,0.1883332915,0.39897759199999994,1.0017606449786667,1054.2152817856725,1923.3794482088333
sigma_b[37],0.2609779048525,0.25084247,0.06413401428032636,0.05469174259499997,0.177910187,0.37808426549999996,1.0006017609807167,1280.3833612996757,1817.3059542715218
sigma_b[38],0.225662163945,0.21644614,0.05540141928013636,0.04877586466199999,0.15437065049999998,0.32659512599999996,1.0025788219510505,1186.7802031676524,1706.9510389573236
sigma_b[39],0.351232132955,0.338175315,0.08124387489790441,0.06896199739800002,0.246939091,0.505370146,1.0033581609148134,1150.4851434125928,2250.816035826961
sigma_b[40],0.17262294595075,0.164844625,0.043243165467632697,0.037405916457000025,0.116773556,0.25284738049999994,1.0020691482768784,1169.0852352472978,1976.2289384512803
sigma_b[41],0.1727708513275,0.1654427,0.042536910970200265,0.037141287183,0.1174935565,0.2529110895,1.002664705578181,1488.0565500016507,2325.659770637266
sigma_b[42],0.267684446395,0.25776353500000004,0.0657036770467637,0.05923163429400005,0.1809904175,0.38790230249999996,1.0013661020051594,1340.8470720846246,2364.262749615592
sigma_b[43],0.2497988097925,0.238695325,0.06266843282545136,0.055491293948999945,0.169135928,0.36781815449999994,1.000539541909767,1239.3963092917284,2145.6130734935396
sigma_b[44],0.2592427903725,0.249812765,0.0617182535883356,0.05553476378099998,0.17885028200000003,0.3742522655,1.0008866814889987,1224.395696378885,2010.0689104973894
sigma_b[45],0.1378543326475,0.13131185,0.03574672366752443,0.031127972778000005,0.0928676916,0.20517872899999998,1.0004510289641049,1464.4473102571483,2433.515850108078
sigma_b[46],0.10558357845875001,0.10108564,0.027831396486721064,0.025356156121799995,0.06934590065,0.158185641,1.0078260412815814,1391.5037659930479,2096.438424384912
sigma_b[47],0.16191701064025,0.15411094,0.041302770298849344,0.03588766734,0.109308772,0.2380410515,1.003091158492302,1367.8980051529015,1871.3599656022338
sigma_b[48],0.1292890082415,0.12293487,0.033645739831291765,0.028159585188000005,0.08701140565,0.19196926549999999,1.0102296836059426,1071.2189430303758,2283.988168272351
sigma_b[49],0.109929483842,0.10475924,0.02992311504727858,0.02538573695700001,0.07287983170000001,0.16422935649999995,1.002081970855858,1325.70267029853,2063.51049267397
sigma_b[50],0.5823277828825,0.5651724650000001,0.12163699401036175,0.11312730223199996,0.417333741,0.8056981014999999,1.0027239800047232,1395.2699978309167,2415.210198038152
sigma_b[51],0.3695453809375,0.355951535,0.08712208989882858,0.07752400498499999,0.25390840000000003,0.5277138414999998,1.0019841373389942,1322.371682321106,2097.160745912491
sigma_b[52],0.245295600555,0.23449329000000002,0.061468024988428176,0.052996530341999984,0.1669710405,0.3601441609999999,1.0025118165012334,1075.892609212859,1664.9806185322682
sigma_b[53],0.06978492886425,0.066981625,0.01847898287142994,0.015827820989400006,0.04605297885,0.10217603749999998,1.004026284561502,1506.3830194640689,2377.273511080887
sigma_e[1],0.391135842875,0.391021085,0.004871671559203449,0.004877353697999986,0.38316782850000003,0.3991625505,1.0012008278747435,3064.3380746126218,2689.1215068192714
sigma_e[2],0.5365155061725,0.536430105,0.0065906591814865155,0.00660623579700002,0.5258354454999999,0.5474818035,1.0009862084200043,3352.7291314917106,3341.1424928283527
sigma_e[3],0.40593438061,0.405850645,0.004992113563406797,0.004949022581999998,0.3979555955,0.4144206495,1.0002878826761168,3390.131082249789,3278.169388433241
sigma_e[4],0.4014995504325,0.40142996,0.004972804564903163,0.0050640204509999585,0.39347974,0.409819209,0.9997423143292651,2886.0945011737704,3214.0700579721515
sigma_e[5],0.616323464845,0.6162593599999999,0.007519302260377344,0.007577138646000027,0.604112488,0.6290930335,1.0025442876466577,2940.30469418128,2942.187796958473
sigma_e[6],0.60118097566,0.60104655,0.007173206051529263,0.0071116615499999414,0.5893891080000001,0.6130413905,0.9999188736693697,3020.8111802443486,2910.3038045032163
sigma_e[7],0.489168480545,0.4891967,0.0059875302187362206,0.0060073691789999835,0.4793066015,0.4990714705,1.0011357743748928,2942.506556055922,2934.319200827421
sigma_e[8],0.5086687428775,0.50855625,0.0059807119971612335,0.005957954120999946,0.4989600395,0.5185111305,1.002018367363168,3107.6080248831736,2890.4525096801285
sigma_e[9],0.4096271270625,0.409549595,0.005045262575655487,0.0049618396589999995,0.40147489199999997,0.41792722699999996,1.0006690962479268,3635.3927654832178,3114.6188356897082
sigma_e[10],0.5356362663249999,0.5354558,0.006389628254717701,0.00642610730999998,0.5251278725,0.5462321375,1.0008828789879338,2853.650344760542,2853.745857528324
sigma_e[11],0.4608966504725,0.46098508000000005,0.00539882926374471,0.005564294169,0.45190567150000005,0.469908817,1.001066898217965,2929.7448552300884,2886.3116258154896
sigma_e[12],0.44500068216,0.445023785,0.005388468868326223,0.005316114341999978,0.43631520649999994,0.453955515,1.0006257732792838,3308.436917859061,2998.5518043247193
sigma_e[13],0.5872764464525,0.58722566,0.007075406459286604,0.007154960882999989,0.5758741290000001,0.5990266825,1.00182165511321,3297.342740078929,2988.4313832007815
sigma_e[14],0.52861656172,0.528665055,0.0063693163292786225,0.006308351805000112,0.518112679,0.539305029,1.0011705639345627,2670.6701502400415,3105.2280142165146
sigma_e[15],0.375795129525,0.375811475,0.004545892167158095,0.004444953408000021,0.368460286,0.3833859335,1.0005072931083778,2297.663787027584,2566.947626713873
sigma_e[16],0.5222505802825,0.522253215,0.006325310183617277,0.006243035861999966,0.511883275,0.5326912855,1.002070031688728,2816.697013554004,3215.36852384472
sigma_e[17],0.4459472711425,0.44591443,0.005359064307274151,0.005308382582999973,0.437183958,0.454814472,1.0003696306475185,3094.378129545792,3212.614071392935
sigma_e[18],0.559236520755,0.55927792,0.00659994799213702,0.006566235249000006,0.548249919,0.5702197935,0.9996590509527719,3114.1036267770583,3118.296476750711
sigma_e[19],0.387769393245,0.387780615,0.004692757134534971,0.004819391451000002,0.3802671235,0.3953991325,0.9999553786659201,3195.4467375449576,2594.5339791318747
sigma_e[20],0.4495040301225,0.44948402,0.0054578045877040245,0.005542878011999997,0.4407140955,0.45853747899999997,1.0028948673161138,2769.2926690789777,2621.4145019954353
sigma_e[21],0.6029973672525,0.602891985,0.007404658731584892,0.007635397413000019,0.5911105845000001,0.615408427,0.999877073079846,3064.146594645909,2753.6990588561393
sigma_e[22],0.52866931024,0.52866352,0.006324237254020997,0.006251323596000048,0.5180546755,0.5390003929999999,0.9997797801043297,3209.230008942125,3012.852938159136
sigma_e[23],0.3692247555,0.369229845,0.0044897361242007255,0.0044240932260000134,0.361737432,0.376588249,1.0005540098010404,3272.066112525726,3483.275515465279
sigma_e[24],0.5962013906275,0.59610856,0.007012909127606871,0.007108392416999975,0.5847573189999999,0.6078002855000001,1.0007120801930642,3138.92390634792,3167.3268357251754
sigma_e[25],0.372349108195,0.37234917,0.004558073798669753,0.004661991221999974,0.3648931025,0.379982984,1.0001783780245432,2885.1233729044625,2604.113655073829
sigma_e[26],0.5723641974225,0.572240865,0.006878420421852024,0.00695917613999996,0.56140375,0.583839739,1.0022876031248869,2626.4733585280433,2740.429367808585
sigma_e[27],0.4115634227225,0.41144331,0.005169967616601008,0.0051796854899999805,0.40337711449999997,0.420206882,1.0013147636898256,3158.8756338244025,3395.282746963013
sigma_e[28],0.371269848055,0.37122981499999996,0.004520473801837222,0.00459519267899995,0.36413856749999995,0.378749859,1.0007155005287476,2857.210890660661,2991.6147197779696
sigma_e[29],0.41168055301,0.41178132999999995,0.004878576579399684,0.004844958887999918,0.4036680375,0.4198472154999999,1.0007566056579582,3104.4995513623053,3445.62862105845
sigma_e[30],0.46956810831,0.46952325,0.0055234165472904904,0.0055953027479999735,0.46055377900000005,0.4787100495,1.0016039456512946,2945.2981831066495,2668.3912166794134
sigma_e[31],0.6396103845825,0.63966046,0.007679809746353443,0.007783012482000054,0.627110584,0.6522475124999999,1.0010922019700792,2896.8060614500923,3284.306187949596
sigma_e[32],0.5254530344375,0.5254197700000001,0.006378520267047142,0.006217987335000106,0.514854879,0.5362524725000001,1.0016257250079819,3239.816912373736,3352.621726816094
sigma_e[33],0.492228926715,0.49215294,0.005865150390909131,0.005874817326000003,0.48258280500000006,0.502045695,0.9996252933465701,3259.890783365576,2750.068084517685
sigma_e[34],0.5459629552,0.5459602299999999,0.0065463533471628085,0.00650732413800011,0.5350289535,0.5569738049999999,1.0012926850396755,2875.3546188342834,3173.4622863225973
sigma_e[35],0.41665722528,0.41665536999999997,0.005086549429973355,0.0051478466549999494,0.40838224749999996,0.42522937549999995,1.0001932103674163,3216.9175298621103,3014.299816005306
sigma_e[36],0.4423162390625,0.44227366,0.0052472461641883145,0.005245164518999999,0.4337609965,0.451050964,0.9993886528383653,3456.86089213103,3057.860824938669
sigma_e[37],0.55538156312,0.555416395,0.0065716666044141,0.006609460452000092,0.5445382955000001,0.5663796355,1.0012133648893748,3082.255552931924,2813.4146841670463
sigma_e[38],0.59656202525,0.5964768300000001,0.007243746936621951,0.007152788874000103,0.5848444285,0.6087564475,0.9996233211427176,2905.65035087647,3111.147277977121
sigma_e[39],0.4969343432875,0.49683765999999996,0.006028319489830842,0.005877137595000016,0.48740609,0.50736572,1.0002059345892171,2578.3188121376706,2767.2931505657352
sigma_e[40],0.37034607188,0.37036996,0.004547674112094687,0.004640159937000025,0.36277549400000003,0.3777375925,1.0011788596910365,3340.1550057541076,3275.7781238648736
sigma_e[41],0.4154499953775,0.41538872000000004,0.005100438639636068,0.005023530644999996,0.40697342599999997,0.424126137,1.0003297914179234,2411.1989979908863,2436.637208450468
sigma_e[42],0.6096260122475,0.60956089,0.00711998875920607,0.007125872270999992,0.5978142795000001,0.621500407,1.0003157726355634,2992.4893414686712,2711.208799849307
sigma_e[43],0.4020108762575,0.401976265,0.004927390972441781,0.004946465096999986,0.3940714265,0.410215591,1.0007889304173863,2512.1808815189993,3108.2847305407972
sigma_e[44],0.4818022762275,0.48170561,0.005856310579275486,0.0057501010140000135,0.472243503,0.4916836385,0.999627068111739,3019.770885150533,3215.8772475918254
sigma_e[45],0.5492215908525,0.5492425599999999,0.006720798330913337,0.006478354134000133,0.5382578375,0.560567018,1.000733720818012,3171.9765446132706,2629.372686972594
sigma_e[46],0.464655167545,0.464579875,0.005727158900559127,0.005716542362999982,0.4552633045,0.474293538,0.9998672911825984,2948.996232195692,3019.8530950017766
sigma_e[47],0.43523765453,0.43506274,0.00527589823671854,0.005396374892999994,0.426768933,0.44396273,1.00036504065876,3275.8729041030415,3203.178511774739
sigma_e[48],0.4242478233225,0.42413538,0.005115875006293893,0.005162109267000014,0.416140273,0.432856779,1.0007117733204864,3326.154900400946,3294.6851318305644
sigma_e[49],0.584925138205,0.584838015,0.007068020849860172,0.006957159804000033,0.5734402785,0.596715738,0.9994888456447453,2853.827711997357,2899.6485378789994
sigma_e[50],0.438990541145,0.438935815,0.005230862670808851,0.005289909387000026,0.430329078,0.44761088699999996,1.0003863848068406,3074.854831125052,3277.091256143075
sigma_e[51],0.5985534347375,0.5985034300000001,0.007303463420576542,0.0073128429569998465,0.5865348539999999,0.610612013,1.0001106974197154,2814.523541359561,3169.4293796544985
sigma_e[52],0.40967127265,0.40955862,0.004912484676970477,0.004862631479999999,0.40167353049999993,0.418018745,0.9997621947966743,2559.6404533407126,3042.7437500255114
sigma_e[53],0.36648590942,0.366388925,0.004487218425483839,0.004371275600999996,0.359056441,0.373834617,1.0020897623643554,2666.1549389335137,2794.4799006761978
var_a[1],0.2826180299625,0.28232782,0.012545194245493904,0.012377641772999971,0.261774351,0.30394059599999995,1.0073448417890694,1015.639791298494,1626.0593551204213
var_a[2],0.7544216806475,0.753923925,0.031337256944397485,0.03134623373699994,0.7039042735000001,0.8061395395,1.0021653151567151,1140.1636512616637,2428.516998537172
var_a[3],0.1718874513025,0.17170523,0.008511358791912447,0.008376697412999979,0.15857056249999998,0.18660981699999998,1.0042800168244048,1274.5006695975228,2136.8669064853275
var_a[4],0.2924362186275,0.2920614,0.01295621686318124,0.012892096560000036,0.271879427,0.31482949650000003,1.0007769203821615,1220.6165386393523,2440.043264226567
var_a[5],0.2303050840025,0.229783205,0.013782165275485685,0.01352626388400001,0.208145056,0.253527318,1.0010472795986523,1270.448815851706,2245.654234271367
var_a[6],0.147471594645,0.147242905,0.010231514362261164,0.010261096839000004,0.13116029950000002,0.164372235,1.0030928182044372,1528.521181389267,2153.73223234762
var_a[7],0.110503074569,0.11020875499999999,0.0075159427714645765,0.007412266113000012,0.09847806194999999,0.12307386,1.0039956314968594,1176.545716650232,2365.6897220433643
var_a[8],0.13211890026,0.13184582,0.008291953590421586,0.008193878006999996,0.11908046450000001,0.146405821,1.0008111076992876,1529.3337322945192,2492.901952579701
var_a[9],0.11453452632875,0.114527245,0.006721195415073321,0.006734236067999999,0.1036137495,0.12559246349999997,1.001959154884656,1213.4963736639995,2355.0087411306617
var_a[10],0.06172912445175,0.0614946685,0.006046522555483762,0.005991052424699992,0.05197950335,0.072133168,1.0010118372962797,1274.748067275058,2486.53595605798
var_a[11],0.031620127299,0.031516021500000005,0.003793474938687613,0.0037910385932999895,0.025664228999999997,0.03804185089999999,1.0013481716378245,1187.5349170570962,2157.591599715379
var_a[12],0.11385156155825,0.1136769,0.0069104341836807815,0.006958071602999996,0.1027309025,0.125681941,1.0031889389328366,1342.8446799738806,2494.6650371531873
var_a[13],0.12094078653475,0.12071052,0.009162603320469764,0.009024801177000002,0.106097485,0.1363258015,1.0016552337601812,1217.133568467204,2223.377192487422
var_a[14],0.2104843828075,0.210025735,0.011884630123057632,0.011935819559999986,0.191678863,0.2306280305,1.0047133881589756,1240.898776291363,2394.443396847449
var_a[15],0.2231446094625,0.22280523000000002,0.010200497391095228,0.01044926101800001,0.2068931835,0.24038726899999996,1.0013035282299456,1285.742225154974,2293.079499952932
var_a[16],0.10668420795125,0.106576645,0.007763147603034441,0.007878632768999999,0.09428679409999999,0.1199320745,1.0011719695593433,1439.868120918769,2334.50827841095
var_a[17],0.05302383723675,0.052918317000000006,0.004680875591883763,0.004718643591899999,0.04547624835,0.0609040424,1.0012018258075435,1494.4252453228532,2311.3645682857154
var_a[18],0.11112239053875,0.11095587500000001,0.008158527193100878,0.008211572837999993,0.09808203355,0.12485434649999999,1.002356433406971,1387.5469909830567,2627.9564708491757
var_a[19],0.1655063116775,0.16544077000000001,0.008211152588154916,0.008587597262999994,0.152379458,0.1792093565,1.000959885125484,1593.518582422169,2662.2674194908805
var_a[20],0.0755646620975,0.07555339050000001,0.005702512549866518,0.005682072654299999,0.06626524595000001,0.085288321,1.0015589025943454,1235.6748231930642,2537.174611888874
var_a[21],0.33802084934,0.33745987,0.018444876792675695,0.01796754785699999,0.30868714599999997,0.36877207,1.0049855871343223,1198.456098334535,2186.8001150474693
var_a[22],0.1631612158975,0.16307153,0.010040996102129008,0.010043384442000014,0.1468385615,0.179620168,1.0010274262086605,1537.9231661571405,1999.2969000923533
var_a[23],0.2127948847225,0.212424525,0.009701871277718198,0.009664735815000006,0.197237936,0.229099843,1.001794797320632,1247.6972439309022,2311.985159902824
var_a[24],0.1472043211575,0.14683279500000002,0.010217638103152677,0.010446925922999985,0.1307858435,0.16457941349999997,1.0018633223888316,1516.596751475776,2561.490901523892
var_a[25],0.18635375923,0.18624578,0.008699677679013843,0.008726405687999993,0.1726117775,0.20110204199999998,1.0019427780963857,1149.763236277177,2316.199920470136
var_a[26],0.3399425789125,0.339340305,0.017710544004938475,0.017702088327000008,0.31172059199999996,0.369897743,1.0053152276240065,1306.938379236762,2042.9510528205635
var_a[27],0.24738246247,0.24724490999999998,0.011732289925979751,0.011732873859000003,0.228633907,0.2675645025,1.0005890694239796,1251.644848432773,2170.5951929256385
var_a[28],0.10251929868175,0.10237741,0.005746400675138436,0.005622492890700003,0.09331330759999999,0.11231113000000001,1.0002855089973204,1226.4602667607453,2324.7516420716
var_a[29],0.17904566133,0.178831865,0.009136367619330902,0.009441545210999979,0.1644287945,0.19399939800000002,1.0004070901874391,1351.9286261458408,2011.0886125521693
var_a[30],0.098314570854,0.098213882,0.0066555305625365805,0.00670229789879999,0.08772575365,0.109283874,1.0031722957955451,1352.579934537642,2385.4786796976177
var_a[31],0.1504764284075,0.15020452499999998,0.01118359976457698,0.011145615998999986,0.13253665950000001,0.1691748845,1.0020159757283162,1278.3417784300984,1883.3380132754023
var_a[32],0.1568145471125,0.156341715,0.009748242620999123,0.009729814542000009,0.1411910525,0.17322886650000002,1.0014562887741543,1149.4578607143358,2300.475806519098
var_a[33],0.0583634823,0.058255206000000004,0.0053383685667921284,0.005418498991500004,0.049792593249999996,0.06721215579999998,1.000955051897067,1340.0974506204968,2060.1170012307366
var_a[34],0.18011243832,0.179717105,0.010956091279715155,0.010779695493000008,0.162665513,0.19873820299999997,1.0055940144922184,1419.2625304698665,2439.3405954444615
var_a[35],0.265373198595,0.26523125000000003,0.01234288177391115,0.012497117094000004,0.245294903,0.2856591715,1.001258216584343,1245.1336560461841,1756.166581340084
var_a[36],0.07239534935475,0.0723084135,0.00515056024317167,0.005155966855199996,0.06411905564999999,0.08082053474999999,1.00028001525677,1614.7261266797689,2296.5934752293465
var_a[37],0.05803355218325,0.0577902525,0.005940713081831181,0.005803722949499998,0.0487128218,0.0682208693,1.0029307768866704,1300.7766765355277,2212.981275884924
var_a[38],0.2797830125525,0.279050555,0.016315372524006517,0.01610657351100002,0.25389643500000003,0.3068381685,0.9998801979911628,1192.1496939087265,1936.9553299143304
var_a[39],0.1372160713425,0.136949035,0.008815190277650995,0.008684344326000015,0.122944754,0.1524746095,1.002126774698204,1209.5349083889075,1913.7323335992912
var_a[40],0.1733633364,0.1731229,0.008437312709845334,0.008444044518000002,0.1600482805,0.187750563,1.002029219557652,1374.82676842228,1799.07309278085
var_a[41],0.13299932299,0.132805055,0.007466490258875021,0.007486403525999989,0.12096737449999999,0.14528225899999997,1.002143949786578,1393.9347502703472,2451.8747937358016
var_a[42],0.1111414914685,0.11108837999999999,0.009093786217012737,0.009034601162999999,0.09639014645,0.126094169,1.003420350283585,1282.9757292945358,2499.0059056253394
var_a[43],0.324462957655,0.3240203,0.01468023693411419,0.014560288428000001,0.3010449115,0.349547495,1.0082712982083337,881.2725528275049,1871.3855704110524
var_a[44],0.1017836729085,0.10161593499999999,0.0070969279430909355,0.007213511722199992,0.0904794646,0.11377911849999998,1.0020368129639552,1117.0801367078595,2592.6282814437013
var_a[45],0.07860458913075,0.078350732,0.007050394740802071,0.007083783480900007,0.06726900834999999,0.09049744334999998,1.0027693568783356,1460.1237287543393,2449.6617237802516
var_a[46],0.136147836305,0.13595887,0.008142107849852394,0.007965476063999976,0.1230754265,0.14983939400000001,1.0009921193332942,1210.5178655866234,2166.3940643197634
var_a[47],0.13720047539,0.13710838,0.007911833590427067,0.007678845006000009,0.1245575845,0.1502406285,1.003306775381911,1186.4150879093859,2141.4057999546612
var_a[48],0.11356821921625,0.113490185,0.006686473208083342,0.006696622506000004,0.1030161185,0.124999363,1.0048275584127282,1555.028525218053,2388.780165096406
var_a[49],0.05081046440425,0.050616973,0.006162588724117322,0.006151159140000005,0.04096909305,0.0613358118,1.0013704625357491,1087.7635725706705,1881.8528047789412
var_a[50],0.12325777350625,0.12312983499999999,0.007420852425133471,0.007403051753999996,0.111660173,0.1356797055,1.0016988244929537,1410.7423329566707,2458.510612350279
var_a[51],0.30101468326,0.30077096999999997,0.016715003537390846,0.01663535762699999,0.2748161975,0.328395973,1.0006790651134854,1255.3444373125708,2196.8863956873906
var_a[52],0.1331396782475,0.133032425,0.0073741051627369,0.007352509919999995,0.121200138,0.14550906399999997,1.0015582576180195,1234.6553299333914,2295.7715477136694
var_a[53],0.11499362345975,0.11506477500000001,0.006289889095996864,0.006128749641000001,0.10477004,0.1255481905,1.0028852473142502,1232.2736807391925,1877.6958996188366
var_b[1],0.23575442175625,0.211228725,0.11104026499712277,0.08256243576,0.11496719650000001,0.4353225174999996,1.0017952550341067,1274.520275343177,1793.083282625409
var_b[2],0.034654484447225,0.030076841,0.019163543766901124,0.013675306696799996,0.01494556475,0.07126629225,1.0018145257803743,1138.737787466084,2199.5067780993354
var_b[3],0.22128525674375,0.19701937,0.10603956013195888,0.07971089928899998,0.10497424000000001,0.4233507844999999,1.0002530173445126,1827.7852850703396,2406.709127804148
var_b[4],0.0689647017505,0.060558387000000005,0.03645076810001008,0.026286224460300007,0.031126152100000002,0.1370527455,1.0019825890040968,1265.3098938787682,2072.963344378972
var_b[5],0.013948067304175,0.011957285,0.008322882377414954,0.0056919969563099995,0.00556389197,0.029357171849999964,1.0009197912162264,1556.7868531447048,2359.3129026468423
var_b[6],0.0070777250746349996,0.0059312428,0.004450913203725702,0.00305076736944,0.002535957915,0.015703594949999993,1.0021404688226598,1629.8027256859616,2634.711010579645
var_b[7],0.021862228344125,0.0188648795,0.01244730302793779,0.008646529130400002,0.00928339912,0.04489479969999999,1.0029350694448926,1035.5567796954974,1983.385981179971
var_b[8],0.12224889187925,0.10543037999999999,0.06469833652633017,0.04488930363329999,0.0547822234,0.2483243665,1.0037389626553068,1271.339821181289,1677.591006619618
var_b[9],0.0735328674315,0.06362356799999999,0.03940319558909067,0.0278705234073,0.03326366405,0.14233048699999992,1.009545444695992,1085.2779276669326,1578.9642812203288
var_b[10],0.1186233751875,0.10406195,0.0614552270313532,0.04284106134,0.05493971785,0.23261052199999988,1.0014532314633255,1338.2508888594518,2038.325784103506
var_b[11],0.038407094076675,0.033211858999999996,0.021385502943340694,0.014701975320899998,0.0162301827,0.07793477534999993,1.001996525378631,1252.4942197969974,2064.2381084840295
var_b[12],0.06331422332025,0.055120207,0.03466725893291037,0.024652219865699997,0.0274192167,0.12701577299999994,1.0012512011986159,1154.879593763799,1630.041584699707
var_b[13],0.024855882859675,0.0213454075,0.0150268316624098,0.009789757542599998,0.0104655218,0.05109174229999998,1.0019902095617363,1232.4382680253366,2255.5438893888268
var_b[14],0.11107649516925,0.09734788550000001,0.0563000032254753,0.03991801981230001,0.05186159165,0.21607818250000002,1.0008620871142697,1486.2025566452044,2003.0718445901805
var_b[15],0.010028063670075,0.00843523345,0.006003683754580694,0.003955930696619999,0.00398944567,0.021088158899999997,1.0034462596794842,1238.1141543497504,1423.2450517041418
var_b[16],0.10975785973050001,0.0939521245,0.060634222082501486,0.040499765365500005,0.049357128300000004,0.2203370794999998,1.0004399868694456,1060.4096992086281,1488.721553581614
var_b[17],0.08231957708875,0.071079302,0.04329506781621357,0.030724340858399996,0.037014530250000004,0.16537519599999992,1.0026129201947187,1302.5132444225612,1689.2651608038032
var_b[18],0.075642330802,0.066315775,0.039428574425599494,0.029653276518599996,0.0328824182,0.1494759895,1.0014799671900287,1241.8625290591078,1644.0732860280034
var_b[19],0.1552462636715,0.138332905,0.07703629295488221,0.05979268719900001,0.07095405575000001,0.2985173624999999,1.001364402154358,1069.5729880957015,1972.0284503696041
var_b[20],0.07557385001575,0.0660504225,0.0396164909278958,0.029536669287299998,0.033214017,0.14883308799999995,1.0009003618116583,1208.583825301459,2032.0267765148897
var_b[21],0.137711092028,0.120504425,0.06883994389324068,0.05068933120229999,0.0648603228,0.267114672,1.0006799556491837,1415.330958668861,2388.828983776372
var_b[22],0.04256650602005,0.0368532255,0.02315324827620245,0.0166149733596,0.018648150500000002,0.08419656839999999,1.0014495727880794,1351.2069856491535,2047.1717836712714
var_b[23],0.05496943214975,0.047942452999999996,0.030695232039875415,0.020080538998800006,0.02469078565,0.108600599,1.002187986724124,1205.8200017499269,1741.1186447078578
var_b[24],0.026041790641175,0.022203778,0.015231376534710425,0.0097918976757,0.011030344650000001,0.053972364649999986,1.0017922057988669,1292.8112155258957,1832.1325707132614
var_b[25],0.06378538064474999,0.055045638,0.034923009663709995,0.0243099053169,0.0275306421,0.127845051,1.0046802109348445,1009.7344777501936,1840.9129774751066
var_b[26],0.06352344935149999,0.055199586499999995,0.03453784725846821,0.023988813445800002,0.0282320973,0.12729570999999998,1.0012710661687545,1422.9917249242064,2342.966601302989
var_b[27],0.0407036880938,0.034700929,0.022306294666057255,0.015196684841100004,0.0175400463,0.08243352074999989,1.0012597507689205,1050.8481331888054,2065.645219479668
var_b[28],0.04024914771095,0.034623792,0.021505549965372177,0.0148414034727,0.018207433250000002,0.08270560109999997,1.0013243107131087,1476.4639264637215,2147.9490462946196
var_b[29],0.013189069896425,0.0112048015,0.007632508655351464,0.005104885947839999,0.00544785648,0.027471808249999997,1.001665639495983,1288.3854635065418,1693.4602612857088
var_b[30],0.0577211857585,0.0503340245,0.030052992487685712,0.021623786234399995,0.024894973549999998,0.11415208099999999,1.001370332050565,1129.205291848415,1717.2298972443264
var_b[31],0.0817248381825,0.070227524,0.0444729699853565,0.0313214706105,0.035440874100000005,0.16415316399999993,1.0003168751351088,1080.526255229061,1757.4391358600285
var_b[32],0.0651978776175,0.0565068235,0.03525493738075911,0.024572460433500004,0.028790806550000003,0.1303375785,1.002473159747263,1323.247595902544,2035.1497162129506
var_b[33],0.08178466205175,0.0712706085,0.04339723689778982,0.029828060232599995,0.03729158125,0.16063040249999996,1.002166443064999,1366.9034638882017,1821.4738764977164
var_b[34],0.1157839279915,0.101482835,0.05986589605522349,0.0436366697193,0.0519762255,0.22680100699999994,1.001136937913813,1243.2712816850951,1897.3168942669638
var_b[35],0.029733755492325,0.025565844,0.016633725940901577,0.011300229681300001,0.012745881950000001,0.061639475949999974,1.0010308907124172,1421.2746183299093,2143.173893451571
var_b[36],0.07994069254575,0.069039467,0.0456050964807374,0.029487171203699987,0.03546942855,0.15918312399999993,1.0017834118629585,1054.2152817856725,1923.3794482088333
var_b[37],0.072221610307,0.06292194649999999,0.03971702788817791,0.027124263369000007,0.03165203395,0.14294771449999993,1.0006017564773686,1280.3837378964627,1817.3059542715218
var_b[38],0.0539919622005,0.046848932,0.02942909129068179,0.020689335330299995,0.0238303009,0.10666437899999998,1.0024231679640403,1186.7799509271997,1706.9510389573236
var_b[39],0.1299629281985,0.11436254500000001,0.06621189350413652,0.04526918800740001,0.0609789189,0.2553989875,1.0033581609148134,1150.4851434125928,2250.816035826961
var_b[40],0.031668185369475,0.0271737505,0.017590069448370042,0.012000157728299998,0.013636063050000001,0.06393180214999995,1.0020691482768784,1169.0852352472978,1976.2289384512803
var_b[41],0.0316587035494,0.027371288,0.017071430931941897,0.011952635950499998,0.013804736,0.0639640175,1.0026647101719492,1488.0558902361684,2325.659770637266
var_b[42],0.0759708567475,0.06644204100000001,0.040502643565256624,0.030033455930099994,0.03275753185,0.1504682015,1.0014107862164765,1340.8471372470838,2364.262749615592
var_b[43],0.0663257960065,0.0569754595,0.03652435394661378,0.025804541063699997,0.0286069623,0.13529019949999993,1.000539541909767,1239.3963092917284,2145.6130734935396
var_b[44],0.071015014864,0.062406417000000006,0.036883542908688685,0.026909809726800005,0.0319874244,0.1400647565,1.0008866814889987,1224.395696378885,2010.0689104973894
var_b[45],0.020281325821075,0.0172428025,0.011646514222670365,0.0079019933559,0.008624408214999999,0.042098310449999995,1.0004510289641049,1464.4473102571483,2433.515850108078
var_b[46],0.011922285034450001,0.010218307,0.006846799941388521,0.00501248386653,0.004808854130000001,0.025022697349999994,1.0078260412815814,1391.5037659930479,2096.438424384912
var_b[47],0.027922610694725,0.023750181000000002,0.01573978108074965,0.0108364916751,0.01194840735,0.0566635432,1.0030911485259786,1367.8966058652293,1871.3599656022338
var_b[48],0.0178474004707,0.0151129835,0.010428354803695883,0.006764829518999999,0.007570984710000001,0.03685219735,1.01022972363279,1071.2105324057243,2283.988168272351
var_b[49],0.012979660377775,0.010974498499999999,0.008227060991485248,0.005173007044169998,0.00531146985,0.026971283549999982,1.0020819749575904,1325.702123130041,2063.51049267397
var_b[50],0.3538975060075,0.319419915,0.15923669883818123,0.12620848959599998,0.17416744650000002,0.6491494379999998,1.0027239800047232,1395.2699978309167,2415.210198038152
var_b[51],0.14415214957325,0.12670150000000002,0.07442876303070424,0.05447176182000003,0.06446947950000001,0.27848195249999974,1.0018640479746217,1322.371682321106,2097.160745912491
var_b[52],0.06394730518675,0.054987104,0.035624690946679353,0.024517032691199998,0.027879330350000002,0.12970381699999994,1.0025118165012334,1075.892609212859,1664.9806185322682
var_b[53],0.00521132373155,0.00448653815,0.0034506560974591,0.0020568272144699997,0.0021208769750000003,0.010439943999999998,1.004026284561502,1506.3830194640689,2377.273511080887
var_e[1],0.1530109749225,0.15289749000000002,0.0038131078892262374,0.003816664593000019,0.146817584,0.159330747,1.0012008823927425,3064.3236489620163,2689.1215068192714
var_e[2],0.2878923142925,0.28775726,0.007072770605425643,0.007081883528999978,0.276502917,0.29973632549999996,1.00098626240858,3352.735057412519,3341.1424928283527
var_e[3],0.1648076363775,0.16471475000000002,0.004055484353014056,0.004011604253999999,0.1583686595,0.1717444725,1.0002878892990146,3390.1221105585423,3278.169388433241
var_e[4],0.1612266116375,0.16114601,0.003995531773103046,0.004063087538999998,0.154826305,0.1679517805,0.9997335256815744,2886.092028596977,3214.0700579721515
var_e[5],0.37991113917,0.379775605,0.009273388584204421,0.009338593466999993,0.36495189499999997,0.3957580445,1.002544350744503,2940.311699251476,2942.187796958473
var_e[6],0.36147000754999997,0.36125695999999996,0.008629455800313218,0.008533682513999979,0.347379518,0.37581974649999994,0.9999188736693697,3020.8111802443486,2910.3038045032163
var_e[7],0.2393216439325,0.23931341,0.005859526230823544,0.005869005533999997,0.2297348125,0.24907233,1.00113574780964,2942.519000200555,2934.319200827421
var_e[8],0.2587796500225,0.25862946,0.006087710252962055,0.006051343095000006,0.24896112,0.26885379100000006,1.0020059059772737,3107.6117497365335,2890.4525096801285
var_e[9],0.167819831495,0.16773087,0.0041349741118111285,0.004050670764000012,0.161182085,0.174663161,1.0006637149914215,3635.3914704731437,3114.6188356897082
var_e[10],0.2869470269825,0.28671291,0.006847166997545498,0.006881940092999957,0.275759286,0.29836954649999997,1.000869919778209,2853.652721196381,2853.745857528324
var_e[11],0.2124548624375,0.212507245,0.004977375098439647,0.005113309488000022,0.204218736,0.22081430100000002,1.0010452264835683,2929.7448552300884,2886.3116258154896
var_e[12],0.198054635485,0.198046165,0.0047965609140406375,0.004736907000000005,0.19037096099999998,0.20607560349999998,1.0006257836269445,3308.4238216477156,2998.5518043247193
var_e[13],0.3449436733025,0.344833975,0.00831452603498482,0.008388046716000012,0.3316310105,0.3588329675,1.0018532678584215,3297.3388704611443,2988.4313832007815
var_e[14],0.279476027325,0.27948674,0.006734933360959775,0.006676436907000023,0.26844074549999997,0.2908499115,1.0011705717907853,2670.674142604872,3105.2280142165146
var_e[15],0.1412426393475,0.141234265,0.0034193766577754812,0.003341194773000008,0.135762986,0.1469847795,1.000507299013047,2297.6665394153083,2566.947626713873
var_e[16],0.27278566823,0.27274842,0.006608664412661163,0.006546086715000035,0.2620244885,0.28376000599999995,1.0020483903955417,2816.6969798538335,3215.36852384472
var_e[17],0.1988976809475,0.19883968000000002,0.004782231660784584,0.00472413440100002,0.19112981950000002,0.2068562035,1.0003694241282748,3094.3451968037334,3212.614071392935
var_e[18],0.31278903451,0.31279179,0.007383763244337146,0.007364103851999983,0.300577969,0.3251506045,0.9996735214112588,3114.1036267770583,3118.296476750711
var_e[19],0.150387118855,0.150373805,0.0036403290322903734,0.0037380200760000165,0.14460308049999998,0.15634047750000002,0.9999564764828638,3195.447838372341,2594.5339791318747
var_e[20],0.2020836533475,0.20203588,0.0049075410771480185,0.004975790925000002,0.1942289065,0.210256627,1.0029186412201048,2769.284994887299,2621.4145019954353
var_e[21],0.363660640165,0.363478745,0.008934997884051688,0.009185426060999959,0.34941172449999996,0.3787275405,0.9998871726443869,3064.1627152935553,2753.6990588561393
var_e[22],0.279531225605,0.27948512000000003,0.006688484153989406,0.006610186925999957,0.26838064799999994,0.2905214255,0.9997797702950298,3209.2469370186373,3012.852938159136
var_e[23],0.1363470727475,0.136330675,0.0033159859288310707,0.003257776284000029,0.13085397149999997,0.14181870449999998,1.0005577306063365,3272.0712364678643,3483.275515465279
var_e[24],0.35550526691,0.35534542,0.008364125618248359,0.008471554161000006,0.341941116,0.369421184,1.0006848852583428,3138.925914250911,3167.3268357251754
var_e[25],0.13866462927,0.138643905,0.0033964121531437227,0.003473650257000019,0.13314697350000002,0.144387067,1.0001783694584563,2885.120718889073,2604.113655073829
var_e[26],0.32764807534,0.327459615,0.00787734618081915,0.007972266371999982,0.315174171,0.340868843,1.0022876217726207,2626.473014727946,2740.429367808585
var_e[27],0.1694111729825,0.16928559999999998,0.004257645488207766,0.004268346096,0.1627130975,0.17657382049999998,1.0013147595907548,3158.8959966160937,3395.282746963013
var_e[28],0.137861729575,0.13781157500000002,0.003357252540942719,0.003409861391999995,0.1325969,0.14345145849999996,1.0007090690355391,2857.205771006586,2991.6147197779696
var_e[29],0.16950467229,0.169563865,0.004018617603761851,0.003988653605999981,0.16294788650000003,0.17627168299999998,1.0007566041803762,3104.5032920805015,3445.62862105845
var_e[30],0.2205247088475,0.22045208,0.0051885666928053065,0.005260220322000016,0.212109784,0.2291633145,1.001604401669948,2945.29718576801,2668.3912166794134
var_e[31],0.40916040896,0.40916549999999996,0.009826139012061813,0.009977846108999966,0.393267678,0.42542682249999997,1.0010922052002171,2896.8049038541953,3284.306187949596
var_e[32],0.27614156679,0.27606593,0.006704282874413251,0.0065325728159999884,0.26507554450000004,0.28756671349999996,1.0016286789869266,3239.822051851588,3352.621726816094
var_e[33],0.2423237077175,0.24221451500000002,0.0057756870214694216,0.0057758018850000035,0.232886162,0.25204987900000003,0.9996252962140855,3259.889687226145,2750.068084517685
var_e[34],0.29811839258,0.29807257499999995,0.007149029880791208,0.0071009423519999455,0.28625598,0.3102198195,1.0012926851420925,2875.3571618330893,3173.4622863225973
var_e[35],0.173629109955,0.173601695,0.004240595225590084,0.004279962266999996,0.166776053,0.1808200225,1.0001741646002014,3216.913483236032,3014.299816005306
var_e[36],0.195671182,0.19560598499999998,0.004644213725717757,0.004637928623999965,0.1881486065,0.20344697,0.9993886601647592,3456.859075923704,3057.860824938669
var_e[37],0.3084918566,0.30848737,0.007300702286715641,0.007339633538999983,0.29652195950000004,0.320785892,1.0012133744623792,3082.2609433110742,2813.4146841670463
var_e[38],0.3559387086575,0.355784605,0.008645282035790677,0.008544134844000031,0.3420430065,0.37058441499999994,0.9996233236938764,2905.651615891433,3111.147277977121
var_e[39],0.246980073135,0.246847665,0.005993473787216977,0.005850584228999981,0.237564694,0.2574199695,1.0002059265351937,2578.3201498256312,2767.2931505657352
var_e[40],0.13717688905,0.13717391,0.003368347004993949,0.0034423155059999902,0.131606056,0.14268568450000002,1.0012051168308083,3340.1402982572986,3275.7781238648736
var_e[41],0.172624706595,0.17254778999999998,0.004240412662724297,0.004179212184000004,0.1656273685,0.179882976,1.0003298646279348,2411.191259263506,2436.637208450468
var_e[42],0.371694556465,0.37156447000000004,0.008685381225847923,0.00868779137099997,0.35738190999999997,0.386262756,1.0003153360608912,2992.492956789925,2711.208799849307
var_e[43],0.1616370176575,0.161584915,0.003963656045140948,0.003977756496000018,0.15529228250000002,0.1682768275,1.0008100912925413,2512.1835420234042,3108.2847305407972
var_e[44],0.23216772118,0.232040295,0.005646045924620773,0.0055465400339999825,0.223013933,0.241752807,0.9996201973590209,3019.7610710249464,3215.8772475918254
var_e[45],0.30168951381,0.30166739,0.007384868807753441,0.007117206473999986,0.289721507,0.3142353845,1.000733687258838,3171.98142273748,2629.372686972594
var_e[46],0.2159372167775,0.21583446499999998,0.005324986806006701,0.005320851249000036,0.2072646765,0.2249543575,0.9998832110562005,2948.9948931795248,3019.8530950017766
var_e[47],0.189459644195,0.18927959,0.004596977336240596,0.004691910090000007,0.182131725,0.197102911,1.0003704737559185,3275.8711185787815,3203.178511774739
var_e[48],0.1800123813275,0.179890825,0.004344211877855993,0.004376909480999994,0.173172726,0.187364992,1.0007286766962986,3326.1511513209975,3294.6851318305644
var_e[49],0.342187361815,0.342035505,0.008272271160708378,0.008152646901000012,0.32883375400000003,0.356069673,0.999489951623268,2853.8326439236557,2899.6485378789994
var_e[50],0.19274005033,0.19266465,0.004592874976133854,0.004643132550000003,0.185183115,0.2003554985,1.0003913733651668,3074.858735656716,3277.091256143075
var_e[51],0.3583195415725,0.35820635,0.00874486574477281,0.008779290029999996,0.344023131,0.372847028,1.0001268320715746,2814.5245525112705,3169.4293796544985
var_e[52],0.167854678145,0.167738265,0.004026858913792862,0.003974227908000003,0.1613416215,0.1747396695,0.999762183012668,2559.646230956409,3042.7437500255114
var_e[53],0.1343320518725,0.13424084,0.003290113682386044,0.0031921341689999934,0.1289215235,0.1397523195,1.002089743375351,2666.1587191240915,2794.4799006761978
prop_a[1],0.430140135525,0.43619606499999997,0.05989600185374662,0.058422913059000006,0.321667163,0.5175002019999999,1.0011445228997473,1300.4439633892707,1930.2246763528924
prop_a[2],0.70047869539,0.701952245,0.016068986951848403,0.013937181299999967,0.673130412,0.7230385859999999,1.0011533791640186,1066.8992843774088,2148.3911078282104
prop_a[3],0.31697902100500003,0.32166389500000003,0.05092987078769982,0.050915160093000005,0.224638022,0.3923434855,1.0008000345121288,1839.9402879174404,2521.419442578707
prop_a[4],0.561708700065,0.5678059049999999,0.03675237625056706,0.032257335915000025,0.4927946245,0.6089851019999999,1.0022234858421013,1257.0502159140872,2200.4347360107963
prop_a[5],0.36883999449,0.36903122,0.016765427585074665,0.01660965675600002,0.34081727399999995,0.396485337,1.002273744468456,1335.789836396576,2042.2367139934283
prop_a[6],0.28564527828,0.28544892499999996,0.016295427965444594,0.01610629923,0.258844965,0.312355612,1.0035161851861503,1438.3552031451445,2069.856539026126
prop_a[7],0.29743673976,0.297774945,0.0185992959169722,0.018293208360000007,0.26659976649999995,0.3274207745,1.0047615541654227,1205.6667017939667,2183.091608142385
prop_a[8],0.260750043755,0.26460151,0.030537673153652332,0.027792878903999986,0.203722087,0.30380301,1.003878783511311,1412.5260365416982,2460.3003801791765
prop_a[9],0.32489328186,0.32882922000000003,0.03319915330931648,0.03014467539299999,0.26529457,0.3718211465,1.007103208589574,1135.7796083170615,1886.0292145646727
prop_a[10],0.1338875349635,0.13460391500000002,0.01900683769856849,0.018465367872000024,0.1024558425,0.163911533,1.0011418002943113,1403.017245714299,1909.795796245162
prop_a[11],0.1124175739335,0.112231425,0.01471584219612234,0.014554343201999992,0.08887767975,0.13647091700000002,1.0007816281877842,1206.6218916916669,1963.2759070546988
prop_a[12],0.3054692425825,0.308143785,0.028233587105752446,0.026182211915999988,0.255177929,0.34589477949999997,1.0022205012811871,1151.9000283888902,1961.413213392668
prop_a[13],0.24651467497750001,0.24682842500000002,0.017326877508763355,0.01680513015299997,0.218814054,0.27483696150000003,1.0034576946019098,1214.5690095292723,2186.534697996064
prop_a[14],0.3526305770975,0.35641436,0.031945588882247813,0.02911013935199998,0.29212019100000003,0.3981841465,1.0035782154630053,1432.4528457046144,1809.771091030706
prop_a[15],0.595867965095,0.59670908,0.016126492838527788,0.015337422869999945,0.5689956035000001,0.6206766959999999,1.0024019866065326,1275.32709196101,2122.532445066748
prop_a[16],0.22062509702825,0.223000975,0.026112927803885997,0.024555999867000005,0.17381071000000003,0.257968685,1.0012435875983043,1227.056742898122,2038.6485390074242
prop_a[17],0.1607405889235,0.16162003,0.02156413218773024,0.02056077092999999,0.123332969,0.19417543799999995,1.0031502057141024,1304.97696674227,1657.6427265851312
prop_a[18],0.2235545731725,0.22467959999999998,0.02112434593311942,0.019990058886000008,0.186915676,0.25576817350000003,1.0019429512612492,1332.1543385856999,2531.9860290150364
prop_a[19],0.35891715719,0.36338020000000004,0.050829491854669624,0.050469742574999976,0.26673517550000003,0.43216404499999994,1.0008105245469472,1112.5552353099158,2096.554940369203
prop_a[20],0.2161031679925,0.218089535,0.025190780251575944,0.024674088956999986,0.172156967,0.25440211749999997,1.0012784061387956,1208.356621586314,1953.4287306600954
prop_a[21],0.404853818345,0.40836395000000003,0.032916403107401786,0.03085679782499996,0.34527624,0.45105129549999995,1.0019067543620412,1298.8577168668235,2565.8800925620253
prop_a[22],0.336729792125,0.338187955,0.02118233591625061,0.020172641076000013,0.3001529895,0.36818214200000005,1.0004890926820385,1456.1465384786172,2651.318722979701
prop_a[23],0.5288936341775,0.534844485,0.036658302164764935,0.030422292243000113,0.46214961050000003,0.5762255605,1.0031642941013914,1141.1804870825379,1967.6114640449766
prop_a[24],0.278441052935,0.27847931000000004,0.017240707208799954,0.01748900905500007,0.250815084,0.3071817115,1.0025159237012777,1420.7545193946492,2410.849531003622
prop_a[25],0.4823643003125,0.489088575,0.039230948072647334,0.03429937278600004,0.409449758,0.53407625,1.0061263677210508,984.9034226367,1856.5561195393611
prop_a[26],0.465635499995,0.46798574,0.02466891564498425,0.02198712108600001,0.421617652,0.5008921064999999,1.0030946224299304,1408.7689024002796,2232.105246331043
prop_a[27],0.5416440986525,0.545304755,0.02789251302000029,0.02373694491000001,0.48874381549999996,0.579475791,1.0016637159964983,956.5593503916027,1643.0981658922944
prop_a[28],0.3669812382825,0.37073137,0.028597398649334076,0.025716260387999988,0.3140245535,0.4075179975,1.0018447517302316,1532.6369923527411,2271.4087891287677
prop_a[29],0.4949048815375,0.49608756,0.017697770490444194,0.017020915170000046,0.465031816,0.5224114045,1.0006731434286391,1328.8015912196443,2322.3609992466963
prop_a[30],0.2623896993225,0.26415251500000003,0.023384249530428728,0.02176938644999997,0.22065582900000003,0.297138862,1.0017715985606588,1365.8866738651834,2236.691671890325
prop_a[31],0.2354748586075,0.236922075,0.020667329046393,0.01958371529099999,0.2009304095,0.267381548,1.0009067611557045,1142.4875426309409,2092.961417934543
prop_a[32],0.3159827412425,0.31814347499999995,0.02460201595732225,0.022018240860000007,0.273183831,0.3518811435,1.0040683214614292,1180.3757398208488,2320.6872128147506
prop_a[33],0.154100805519,0.15532447500000002,0.019217513510581728,0.019011209300999986,0.12135426699999999,0.1831574395,1.0004416018879,1348.6681649017669,2041.5001762285303
prop_a[34],0.3056937049875,0.30910935500000003,0.030367321933662244,0.02798042780400003,0.25126840800000005,0.34923158699999995,1.0038899545146984,1327.3719621105554,2214.324045918947
prop_a[35],0.56655257721,0.5693868,0.022951099857916154,0.020164761057000043,0.5258479775,0.5985464214999999,1.0008489384136587,1365.977003851385,2170.4266864395945
prop_a[36],0.2106917956435,0.213338695,0.025756739040313996,0.024118677345,0.16475586000000003,0.248338111,1.0010259192487834,1242.35486498464,2022.5424906117528
prop_a[37],0.13311024340225,0.13305711,0.016297534113260664,0.015549078845999995,0.10630784200000001,0.15949798699999998,1.0014326943555312,1257.2433514722106,2451.9897082813254
prop_a[38],0.4060656436,0.407305325,0.02241005840288662,0.02076851284199998,0.368366016,0.44026756100000003,1.0004134085121197,1123.7401282763976,1894.7199562091766
prop_a[39],0.2703332039,0.27383877,0.031793578142749024,0.02884645894199997,0.211350085,0.3164977425,1.003364687655017,1210.8150230433264,2406.5515093199006
prop_a[40],0.507566675395,0.51087799,0.027355042384449073,0.023530759728000023,0.4586929255,0.5454923210000001,1.0028368287924057,1257.1570933117555,2309.6983503928013
prop_a[41],0.39502040365,0.396718815,0.023683363014919294,0.021555677073000035,0.352708114,0.429578525,1.0049270071256728,1455.9394936522242,2201.6289262964087
prop_a[42],0.199736232965,0.20031712499999998,0.019661694474370453,0.019127867682,0.16671981,0.2309407295,1.00171992702425,1308.7903351014359,2309.4008582453525
prop_a[43],0.58936335233,0.595994595,0.03623873826269637,0.030573806550000072,0.5208086355,0.6359526010000001,1.003702211759826,1136.523699127714,1970.6086004398194
prop_a[44],0.252972816725,0.25478493,0.024604539019339608,0.023632851563999985,0.20906335250000002,0.289915869,1.0009823719546482,1237.098859783725,2108.4268727600484
prop_a[45],0.196279738505,0.19594266999999999,0.01675017971824546,0.016355524290000006,0.168433366,0.2239956315,1.003352270561035,1454.8009576796956,2340.1344353009645
prop_a[46],0.37393664878,0.374195825,0.017459212470185188,0.01741451581800002,0.3445742455,0.401728535,1.0011764712327986,1162.7771451917606,2180.7856918024813
prop_a[47],0.3874130812975,0.389594535,0.02235992816383765,0.021046922883000054,0.3481919195,0.420259152,1.0004350696329367,1403.2005079547107,2310.251786090031
prop_a[48],0.36484088707,0.36583201,0.019231904071670473,0.01855684429200004,0.331756851,0.39511809,1.006638478413153,1324.7162622690753,2102.555891728913
prop_a[49],0.1251417890595,0.12484071499999999,0.014623201361140299,0.014878958471999996,0.1015256235,0.15021827049999997,1.0011726786291495,1079.3611061098552,1997.781235657706
prop_a[50],0.1923105714795,0.19347634,0.03893197432564635,0.04056922146900001,0.1255349655,0.25334555599999997,1.001428845107643,1444.6963201480933,2270.6315644751176
prop_a[51],0.37715657205,0.380694165,0.03323485006530345,0.03104814218100002,0.316973251,0.42426513499999996,1.0010422855316,1376.1527915775234,2458.346121299645
prop_a[52],0.36754505776,0.37172531,0.03358359616586233,0.03003155301300003,0.306010776,0.413428269,1.0034325596628066,1150.1844141206182,2030.1015276433957
prop_a[53],0.4515979892725,0.451828405,0.01690990585798826,0.016589263592999972,0.423533472,0.4787772755,1.0042180466277648,1158.5842786917344,1951.821723643619
prop_b[1],0.336842688425,0.32671311000000003,0.09063154011676672,0.08820924403200002,0.2074722855,0.500755899,1.0013906578442322,1277.3780448124837,1791.7615793326531
prop_b[2],0.031931609547675,0.028155889,0.01672758257649073,0.012536013846300001,0.014160028350000001,0.06418348974999999,1.0018486492926004,1129.4781873713086,2301.9811806675157
prop_b[3],0.3788987678275,0.37016641,0.09748467498693858,0.096250644042,0.236280047,0.5582288434999999,1.0006626277653246,1850.915746078882,2517.822958499919
prop_b[4],0.12832865858075002,0.118022425,0.05378082058212995,0.0456417342528,0.06457837645,0.23245523099999996,1.0020926031197062,1264.0143134678813,2126.312387649742
prop_b[5],0.022192704580925,0.0192484395,0.01266222972075113,0.008933365528499998,0.009066983675000001,0.04626407174999999,1.0008930855007434,1568.928202331285,2437.3511912991803
prop_b[6],0.0136537370191525,0.011519778,0.008377867475079235,0.0058365087952499985,0.004980018189999999,0.029842092599999984,1.0020520648905442,1628.4352706993163,2674.6872003756066
prop_b[7],0.057864951676000004,0.0512707265,0.029299428414886468,0.022427032227599997,0.025590810349999996,0.11377581899999993,1.0028928207908192,1034.9295870969022,1895.4083115326682
prop_b[8],0.228092652513,0.21259044500000002,0.08248428932063832,0.07322862367800002,0.12271751350000001,0.386836672,1.0037906222663262,1269.9917508351189,1701.3040977068613
prop_b[9],0.198657111163,0.18400267999999997,0.0745081476718942,0.06676675605599999,0.1053703155,0.33695310749999985,1.0096234726548858,1072.0718296328578,1512.9834849954993
prop_b[10],0.24347584664650002,0.229229285,0.08185924952482128,0.073755888129,0.1360213285,0.4003554374999999,1.0015100305004283,1334.5956575295438,2083.915359774206
prop_b[11],0.13170505203075,0.11973450999999999,0.057638839489514725,0.047330921219399996,0.06207730485,0.2413318274999998,1.0019420777578276,1250.5816332634656,1977.507408176761
prop_b[12],0.162795829439,0.150076395,0.06626671078401251,0.057953692398,0.080596065150000007,0.28982751399999995,1.0012589281047708,1153.4760447480476,1647.271616064055
prop_b[13],0.049878990450775,0.043758499,0.026704621828339926,0.0192382635606,0.021740227350000002,0.09929875839999999,1.002002939776079,1227.9756015509588,2171.1957671446335
prop_b[14],0.17879020473775,0.16559071,0.06637021082298596,0.05754001734599999,0.09583120430000001,0.3073068129999998,1.0009755437997345,1479.994286022448,2059.446707378236
prop_b[15],0.026577407472975,0.022621764000000003,0.01516872718885807,0.010406852727600004,0.01079190075,0.054288141349999985,1.0035390912846318,1227.8592510525243,1505.9961365012541
prop_b[16],0.21481271250050002,0.198626125,0.07977211148457962,0.07014276227700002,0.1151380165,0.366180194,1.0004921063730898,1064.3017154235652,1546.992275091495
prop_b[17],0.235872578655,0.21980259000000002,0.08285445587436871,0.07546596344699996,0.12905796049999999,0.3974223799999999,1.0027320627647702,1296.7700635793367,1514.4336082232398
prop_b[18],0.1468005379955,0.135128265,0.060085646269331654,0.0532047422382,0.07220022565,0.2598079165,1.001511339117036,1240.3329414352968,1588.674341756677
prop_b[19],0.31484483409749997,0.305074915,0.09357839365395038,0.093308224191,0.18330677150000002,0.48520556849999985,1.0012037851117148,1075.8252473786001,2052.508309495528
prop_b[20],0.20559659352225,0.19264271,0.0765699414410837,0.07125764782499999,0.1064828725,0.3483774795,1.0008661058623725,1209.832009980712,2037.596273746001
prop_b[21],0.159194488037,0.146768585,0.06101647704675778,0.05282340714000001,0.0835189781,0.275775774,1.0012078005477223,1410.020559591525,2315.970505112855
prop_b[22],0.08585901480925,0.07697794499999999,0.039667350581999675,0.031931763626699985,0.040155434000000004,0.159288577,1.0014114414598103,1351.881784222382,2151.0242306572322
prop_b[23],0.131913200087,0.12055500499999999,0.05649060534828172,0.04508041151459999,0.06590046999999999,0.23696074699999997,1.0020404588455587,1192.9078334271055,1883.1968643751572
prop_b[24],0.048534634633750004,0.0422822685,0.025523064449489014,0.0181680969351,0.02144961745,0.09676381469999998,1.0017645239675947,1274.9101136844563,1939.0541635954598
prop_b[25],0.15838366708225,0.14485276,0.06496923286673326,0.054921538182,0.07810124610000001,0.28365637099999974,1.0049209044339462,1003.034976733911,1883.209475772675
prop_b[26],0.085099435249,0.076273279,0.03937237610659907,0.030726333472800002,0.0406266214,0.16070230799999996,1.0012386641362565,1425.6410641496318,2469.8600132154943
prop_b[27],0.08706985369999999,0.077255081,0.04080834791031353,0.0311802499953,0.0403239276,0.16749121249999996,1.0013275273705369,1040.4301105977088,2036.3249506606971
prop_b[28],0.1390820996755,0.12575136,0.05809598190916499,0.04798775898,0.07045349775,0.2566178339999999,1.0017594690949088,1477.15023773467,2163.3628722073117
prop_b[29],0.036069911099825,0.031225721999999997,0.019439821701886822,0.013950967256100004,0.01546015415,0.07349689009999996,1.0016267644932273,1290.0142545566675,1734.5575360849905
prop_b[30],0.14855452158225,0.135660275,0.0604208431475316,0.051296914767,0.07223804980000001,0.2650683175,1.0014256673931727,1131.781951955941,1712.256735554614
prop_b[31],0.1237613513555,0.11165860999999999,0.05389264797096525,0.04507001033429999,0.0595198548,0.2276000959999999,1.0001573340762635,1085.086519774045,1687.0105293508432
prop_b[32],0.12710006295725,0.11562787,0.05463464058367007,0.045084520540499995,0.06227418195,0.2305278844999999,1.0026050812200478,1325.9496217991984,2057.535127870777
prop_b[33],0.2055655978465,0.191293905,0.07518279965263416,0.06602849538599997,0.1106059915,0.346389485,1.00210485779503,1370.4406873564692,1859.7279363014302
prop_b[34],0.18796247956975,0.17511402,0.0710139280825699,0.063764528121,0.09771924420000001,0.3236639985,1.0012434941634187,1244.3409372206568,1937.3551974124523
prop_b[35],0.06237536824875,0.055033179,0.031165259354611986,0.023007261081,0.028204796350000002,0.12364313599999997,1.0011045653844302,1416.108218432116,2155.942186694254
prop_b[36],0.21972271446525,0.20506376,0.08073983152538086,0.06960758074200002,0.1166311885,0.3726286784999999,1.0014912746463616,1060.7360236376182,1878.05902809856
prop_b[37],0.15889462891824999,0.14689703999999998,0.06472246790153405,0.054363065001000035,0.078853807,0.280147795,1.0005952828453062,1278.2874124344814,1990.5713219716797
prop_b[38],0.07679867640425,0.0686592735,0.03603945052951185,0.028492178328599994,0.03606389365,0.14257922799999997,1.0028290278607819,1182.6970081597442,1625.476728344048
prop_b[39],0.24261176319275,0.229500005,0.08135386147658374,0.07177027901400002,0.137287534,0.399867261,1.0034570959768274,1148.3298480386395,2233.8379821580793
prop_b[40],0.09042992840925,0.08049255599999999,0.04226452149127477,0.03313369780979999,0.04208679225,0.17118989649999997,1.0021033676967093,1167.253802348056,2075.847665280554
prop_b[41],0.091788802856749993,0.082048739,0.0419664825311375,0.0330504260982,0.0431671733,0.1727575229999999,1.0028591798398268,1493.9439116599606,2343.0428888359925
prop_b[42],0.131964919284,0.120552455,0.05622108953128373,0.047833702014,0.0634834541,0.2384027855,1.001414557040903,1340.507693395557,2355.491170120847
prop_b[43],0.11667048651775,0.105083595,0.051995064532110793,0.042987386546999996,0.055660478050000003,0.21717686799999983,1.0008987544686823,1227.1403209753473,2121.32016653528
prop_b[44],0.16951157840975,0.15769031,0.06590861176044936,0.057917583674999995,0.08748290705,0.29608949349999997,1.0008322623839394,1225.9646851965276,1943.0801580871996
prop_b[45],0.04990099476075,0.043249795,0.026008567247321958,0.019179276095700002,0.022286435200000003,0.09953821879999997,1.0004403122861238,1467.1619196523354,2386.872292465519
prop_b[46],0.03244016472715,0.028276620500000002,0.0175097777585987,0.013521400214699998,0.01342419565,0.06649674579999995,1.0077952728710895,1395.0959552643749,2092.1406908236177
prop_b[47],0.077141437572,0.0678942055,0.03772430589116289,0.028938200747399997,0.03530729065,0.14839533149999998,1.0028812878367803,1370.1973410093365,2079.2010504221034
prop_b[48],0.056357666472,0.0491285745,0.029252987677782727,0.0210553040208,0.025190239149999998,0.11199665299999999,1.01016065602623,1046.3444649108912,2388.4559076842575
prop_b[49],0.0316180124607,0.027167709999999998,0.018347137349642165,0.012569287096799994,0.0132831338,0.06464378479999999,1.00210674931765,1323.4064165751638,1990.6605986054997
prop_b[50],0.5068604339675,0.503173015,0.09660351495585248,0.10177814007899998,0.354960271,0.6736925729999999,1.002485143575188,1400.3517936385447,2370.3925711147954
prop_b[51],0.17342715012625,0.16184089499999998,0.06618851230237432,0.059191744940999984,0.0891556736,0.29567606949999997,1.0018958036325654,1323.7699381755842,2018.4738896306612
prop_b[52],0.168674675059,0.15455057,0.0689114349787684,0.058578237647999985,0.08496693165000001,0.30314261249999996,1.0026347295865392,1070.3046512843043,1665.2278959470384
prop_b[53],0.020326883172725,0.017698145499999998,0.012034509759774435,0.007967702187899998,0.008454380680000002,0.04029908144999998,1.004048772196097,1501.5010084451455,2276.909323580831
prop_e[1],0.233017176026,0.23574914,0.032374133728572556,0.031654140105000006,0.1759298795,0.28013756850000004,1.0037454915228805,1226.686653127345,1860.5812189410005
prop_e[2],0.2675896950125,0.267495075,0.010434132330384992,0.010537453479000048,0.2507474675,0.28481004699999996,1.0036721246608078,1202.1441315082966,2015.0705474218655
prop_e[3],0.30412221107,0.309012085,0.04833770370143868,0.04755607775100001,0.215727652,0.3746030345,1.0005545583327788,1773.8397748383286,2375.7260030742623
prop_e[4],0.309962641275,0.31279076,0.021408355477169586,0.019290508902000028,0.270574882,0.340069281,1.0013754963893369,1208.6517786376096,2181.829959531624
prop_e[5],0.6089673008425,0.609118455,0.01763053363761155,0.016813010172000018,0.5796492209999999,0.6370601465,1.002228837309824,1132.0400909266143,1992.846825831391
prop_e[6],0.700700984765,0.7007899099999999,0.017087074489652316,0.017018935898999974,0.672384885,0.7283655315,1.001730274818646,1504.621290943463,2060.9662152467017
prop_e[7],0.6446983085175,0.6473961699999999,0.02516898732069924,0.02273997795300006,0.600958513,0.680603397,1.001269121540096,1096.371679793187,2054.7167666059154
prop_e[8],0.5111573038175,0.520551135,0.05605738645636697,0.049955651025000006,0.403916465,0.5860699515,1.003180735968635,1281.381364915832,1565.4265736999494
prop_e[9],0.4764496068825,0.48334668000000003,0.046004726491040177,0.04200631306200001,0.3934389585,0.5376131565,1.0097107342027716,1211.8945105220942,1412.162252109511
prop_e[10],0.6226366184175,0.632774905,0.06825455159001778,0.061806636212999956,0.492031707,0.7148743165,1.0014222971789892,1323.345737900662,2071.513247069361
prop_e[11],0.7558773740175,0.7654850449999999,0.05187738950628668,0.04386077138100004,0.657545243,0.8220733095,1.0021860052349902,1214.9192554755791,1765.0949505995854
prop_e[12],0.531734928035,0.53861099,0.04371822478959336,0.03834552903300002,0.4504918915,0.5886345300000001,1.001057479034732,1253.605865639105,1845.5358386920575
prop_e[13],0.703606334445,0.706330275,0.02481422158985622,0.021659792657999964,0.6617310824999999,0.739120139,1.0005834861569896,1373.9528550110374,2130.9473208297163
prop_e[14],0.468579218255,0.475190195,0.03965407771527476,0.035756627739000006,0.3953160715,0.520397534,1.0026579734191277,1421.624843621099,2316.122153572364
prop_e[15],0.377554627475,0.37740896,0.01366004535585147,0.013912169838000005,0.3548482125,0.40002862499999997,1.0010827723480928,1229.9901643199287,2011.031469808552
prop_e[16],0.564562190435,0.574844315,0.058805812601253074,0.05195323954800004,0.452101309,0.641410699,1.0004137704250071,1048.6085059726013,1451.419934237663
prop_e[17],0.60338683245,0.615205625,0.06648669010038599,0.06122824430099996,0.47559320650000003,0.691312285,1.002405459997047,1378.2511992940986,1798.6093566283741
prop_e[18],0.6296448888475,0.636289845,0.046187812386279475,0.04159723407000004,0.5446314409999999,0.69112738,1.0011410170024129,1264.2477881092213,1638.9388402992724
prop_e[19],0.326238008735,0.331311025,0.04492485012006319,0.04441612368900001,0.24525629399999999,0.39081947999999994,1.0015558665485478,1095.3248798567852,1983.4387788781669
prop_e[20],0.5783002385775,0.58713653,0.0571069387999185,0.052695614433000006,0.47313033299999996,0.6549221095,1.0005641558264815,1270.859123976918,2133.328683157846
prop_e[21],0.4359516936725,0.44092893499999997,0.03381246359602434,0.03054345772800004,0.37361207799999996,0.481313178,1.0005759834581516,1429.8940234844397,2359.2659719880066
prop_e[22],0.5774111930925,0.58101335,0.029172345539964912,0.026281383029999928,0.523236391,0.6170851035,1.0018288909297983,1343.4244237564487,2133.3904923877176
prop_e[23],0.3391931656625,0.34250642,0.024389891136372157,0.020991466229999988,0.2953535685,0.37246510749999995,1.0021566103817796,1291.7052462390604,2193.2655999846584
prop_e[24],0.6730243124575,0.67504512,0.024018523299067517,0.021436779965999988,0.631974839,0.7072966559999999,1.0016442275780644,1361.7975970608413,2116.092385212991
prop_e[25],0.3592520326375,0.363218625,0.02980467285999589,0.026753064806999956,0.3028086095,0.39998744699999994,1.0023177045271572,1092.6249432254558,2245.2367164326934
prop_e[26],0.449265064675,0.451908815,0.02361248911007775,0.021138903387000033,0.4069430685,0.48219245850000003,1.0040685029244922,1242.936138964855,2244.0494443077487
prop_e[27],0.3712860475775,0.37292117,0.020292041582816406,0.01866062629200002,0.3352299615,0.40082734499999995,1.0003110609390538,1271.057115146968,1985.2540692404434
prop_e[28],0.49393666201750003,0.49996691000000004,0.03594695742120317,0.030283031624999922,0.42650897499999996,0.5418938225000001,1.000893033078347,1401.8277248046384,2457.436018752535
prop_e[29],0.46902520734250003,0.469445905,0.017172680299141117,0.016093111502999986,0.4404823915,0.49694620799999994,1.0021536862512386,1317.5197349488824,2366.3154948397264
prop_e[30],0.5890557790425,0.5952944950000001,0.04411210688371555,0.03886644795600018,0.504722854,0.647547844,1.001548008282825,1129.4441196961368,1721.0132404583846
prop_e[31],0.6407637900275,0.6481734299999999,0.041791666056225606,0.036104008332000115,0.563147108,0.6941807595000001,1.0009007545765385,1125.7203698026185,2130.756649771481
prop_e[32],0.5569171956325,0.562682265,0.03767139214987786,0.03293088850800001,0.488702646,0.6068301495,1.0027458103795963,1288.3756134828664,2028.772066959519
prop_e[33],0.6403335966875,0.650650635,0.06187723645209664,0.05462430653399997,0.522941269,0.7205373875,1.002182398306153,1403.2156371349529,1979.0331295573694
prop_e[34],0.5063438154225,0.5132558700000001,0.04588183338781681,0.041273738162999986,0.41955870200000006,0.5676390775,1.000141820344822,1229.9832732644609,1918.3479565538833
prop_e[35],0.371072054645,0.37193242,0.017251428850788765,0.016600420158000027,0.3415024635,0.39638284749999997,1.0009037362172781,1349.6765582763385,2169.3077292016997
prop_e[36],0.5695854898025,0.581575755,0.059581164394809226,0.05135455825500007,0.45790186350000006,0.6476063075,1.002260906280398,1102.675078916523,2024.1915083195465
prop_e[37],0.7079951276125,0.717624195,0.055911966816116876,0.046861931844,0.6026147129999999,0.7792813459999999,1.0013001905913266,1293.7810623324915,1664.6366743460464
prop_e[38],0.5171356801325,0.51936428,0.02502231584831781,0.023208731594999983,0.4733788865,0.5524114809999998,0.9998819491575706,1222.3707161717896,2248.8628461538297
prop_e[39],0.4870550329275,0.49494893,0.05388854761845409,0.04784956583399996,0.3866920045,0.5601189145,1.0030311806815673,1129.323105980201,2036.9912562187878
prop_e[40],0.4020033961625,0.40411596,0.022270400990717656,0.02022179667899998,0.36283530899999994,0.433505787,1.0015260963179866,1213.897039579763,2141.368256489698
prop_e[41],0.5131907935375,0.5166139999999999,0.027789876362851525,0.024668788661999997,0.462759432,0.5529593565,1.0012590691356824,1295.442090762246,2361.2996947606757
prop_e[42],0.6682988477125,0.6760121299999999,0.04486173695500187,0.039004996926000006,0.584977876,0.7270225345,1.0017449168245183,1383.9726894579085,1966.728866313599
prop_e[43],0.293966161145,0.29637302499999996,0.020389370532163928,0.01871927794800001,0.25713997,0.322286028,1.00038269879745,1255.7967175653725,2314.1619186634803
prop_e[44],0.57751560474,0.5849670250000001,0.047849459004730976,0.04290139574699993,0.4887356135,0.640408588,1.0019246569153581,1197.7337297436652,2208.2448139778912
prop_e[45],0.7538192668025,0.756381475,0.025497747870853196,0.022881670035000044,0.7095175140000001,0.789386113,1.0017626077043884,1431.4577369696717,2232.0735236418827
prop_e[46],0.5936231865275,0.59434932,0.019159329491991974,0.018445234164000023,0.5611717615,0.6241547,1.0033660910601208,1278.6442058982448,2243.5962665387733
prop_e[47],0.535445481095,0.5379562250000001,0.026039916246437044,0.022696863945000038,0.48998600900000006,0.572403065,1.0052448357841275,1215.466618653382,2045.922102338279
prop_e[48],0.578801446505,0.580765965,0.023502101818209647,0.02109687908999997,0.5379609325000001,0.612873165,1.0074225705474147,1330.7701487130678,2178.908342223108
prop_e[49],0.8432401983925,0.845118515,0.02130846716172002,0.018672420374999985,0.8066880405000001,0.8739591105,1.0019912088067278,1053.5967587368752,2116.0783037840342
prop_e[50],0.30082899446425,0.303534965,0.05918031705859695,0.06190027722899997,0.19901998049999997,0.39409050850000005,1.003275510657371,1371.8067173917887,2435.54336859841
prop_e[51],0.4494162778175,0.454497715,0.03832500900389292,0.03397371228299998,0.378369075,0.5026906835,1.0015748681727865,1288.3409847517967,2144.0005131442977
prop_e[52],0.4637802672,0.47054070000000003,0.040377112778070885,0.035404821585,0.387183843,0.5163770704999999,1.001291120049112,1116.21950218323,2267.082870662776
prop_e[53],0.528075127605,0.52832973,0.016878768526401754,0.016233269093999914,0.500544824,0.5556150570000001,1.0035313917807975,1228.8672498006729,2447.9173622414955
