component,observed_variable,mean,median,sd,q5,q95,rhat,ess_bulk,ess_tail
player,per90_goals,0.607273088335,0.60596801,0.02690038173098622,0.564544713,0.6538533304999999,1.005033291576977,812.0985455146244,1425.0516571309267
player,per90_assists,0.384658921015,0.383837175,0.02200430743867551,0.34961606349999996,0.4213015055,1.000698645717223,1679.7301388771104,2714.8124039282393
player,per90_xg_shot,0.768674597205,0.7679609999999999,0.03053570784292534,0.7203485955000001,0.8208664744999999,1.0032304832309995,709.4874731448506,1552.6088576567408
player,per90_xg_assist,0.6327473639675,0.6329955300000001,0.02730472410841261,0.5872113995,0.677422271,1.0014418980479525,1206.6194302626477,1717.7611083694276
player,per90_shots,0.837228376465,0.83591092,0.03084214000642653,0.7884242665,0.8897387250000001,1.00744252640242,798.3389348039358,1185.7965389680437
player,per90_head_shots,0.7677846543325,0.7671714949999999,0.03140832842739768,0.7179536625,0.8198328915,1.00492552976794,1205.5510243135527,2109.88531159537
player,rate_shots_on_target,0.168127394015,0.167971345,0.01846776870729989,0.1388872925,0.199877171,1.002183737248634,1203.7111892484415,2238.121084615294
player,rate_goal_conversion,0.18063246389,0.179984105,0.01852106551425941,0.1511669925,0.2122023295,1.0017783101371482,1409.0390305062826,2729.5760132701703
player,per90_received_pass,0.719986597835,0.719165685,0.02826837433534307,0.6752207335,0.7680411635,1.0022046693733888,700.701037958495,1568.189265379717
player,per90_passes,0.7779078482725,0.7770249250000001,0.02913036665613669,0.7299496045,0.8271898125,1.0053258935994822,620.2064503823615,1064.2403960564652
player,per90_forward_passes,0.8270614634675,0.82649437,0.03231125361719493,0.7761674070000001,0.8824615975,1.034561050881976,159.49641716910315,289.89841736074914
player,per90_back_passes,0.806733737315,0.806287925,0.03116457249631853,0.7565717869999999,0.8593453239999999,1.0072050020376329,678.3890768545506,1395.0305820372223
player,per90_lateral_passes,0.7330565181325,0.7320403600000001,0.02851257258940041,0.6873178014999999,0.780712796,1.0061678964474527,831.248899115537,1626.1625258586616
player,per90_long_passes,0.86262489377,0.862551545,0.03342703313723798,0.8083895465000001,0.9181659405,1.0038353969938834,522.7909092511873,1057.230250381263
player,per90_smart_passes,0.491935455025,0.49155502,0.02061090886414846,0.4589627055,0.526651924,1.0019190304543466,1045.098524767957,2061.221433811414
player,per90_progressive_passes,0.7519002072025,0.751713575,0.02946979635964156,0.7039677965,0.8004047675000001,1.0152815098591312,509.16663766086214,1745.572485122425
player,per90_passes_to_final_third,0.7198898835625,0.71985588,0.02876493961444774,0.6729012665,0.7683704275000001,1.0031581479554537,796.2612407886862,1308.754689997015
player,per90_key_passes,0.61672934755,0.6160145850000001,0.026371118459314,0.5744212095,0.6617932075,1.0053294872308818,1097.4830339116045,1742.9588219969387
player,per90_through_passes,0.55435061559,0.553980045,0.02412807028485624,0.516558761,0.59432618,1.0035992968779648,1110.5256618557466,1866.4985851951203
player,per90_crosses,0.8338117878,0.8334655200000001,0.03186961365756038,0.7823698375,0.8870542220000001,1.00262070502094,615.5228061792595,1505.380299489479
player,per90_shot_assists,0.7298576772675,0.729808545,0.02952692339861668,0.6821810580000001,0.7800922994999999,1.0031460783924535,948.8522112822224,1827.102100565441
player,rate_successful_passes,0.7913178928675,0.79047869,0.03195773186842594,0.7407431345000001,0.8449665839999999,1.0001569233016854,886.567968235913,1473.0168688353722
player,rate_successful_progressive_passes,0.5242373859475,0.52436969,0.02816587939321117,0.478460225,0.5705302784999999,1.000633027495867,1017.9205942210056,2008.372816883453
player,rate_successful_crosses,0.02234036658288775,0.021990783,0.01327482660149201,0.00113511869,0.04533574534999998,1.0124608784791942,196.5763018739402,176.58406013440427
player,per90_dribbles,0.92902730449,0.92898963,0.03552408348138603,0.8702671545,0.9879661399999998,1.003693115652201,546.7072907676398,548.7150648751935
player,per90_progressive_run,0.762442939405,0.7618037900000001,0.02958911014998339,0.714406823,0.811065362,1.0066911698987184,733.3165540231563,1421.365430438676
player,per90_accelerations,0.660462955215,0.6601622149999999,0.02794188285676221,0.6148295535,0.7074840609999999,1.0028038074925725,741.4705993424801,1970.451899235084
player,rate_successful_dribbles,0.232327431415,0.232073195,0.01910035954654317,0.201335037,0.26485007299999996,0.999811422696538,1446.297551500402,1958.099645464477
player,per90_touch_in_box,0.8324448774225,0.830608845,0.03038639469156418,0.7853493320000001,0.8848278424999999,1.0078132148814702,483.425310438295,1107.2163283680582
player,per90_losses,0.7865488448675,0.78586963,0.03024636237654114,0.7383200045,0.8375514774999999,1.0056998711383498,788.1933378056533,1343.880671966126
player,per90_own_half_losses,0.696685479385,0.69634998,0.0301367579130725,0.6481006085,0.74742651,1.0023376099914136,1107.0705929058142,2066.9306707102323
player,per90_dangerous_own_half_losses,0.514924199225,0.514227795,0.02781019454793582,0.470875733,0.561530177,1.0013804989685635,975.686043438812,2043.9307293388836
player,per90_recoveries,0.8740287395675,0.8736820000000001,0.03211551809257476,0.822915056,0.928573395,1.0028460637620973,510.93782366829464,1139.0827548594666
player,per90_opponent_half_recoveries,0.7866178046875,0.78553889,0.03033544680260068,0.737884783,0.8376229435,1.0053011144073811,887.4169183490653,1449.233112035491
player,per90_dangerous_opponent_half_recoveries,0.4914051002425,0.490989745,0.02625130766489706,0.448952276,0.5366707405,1.0018286586775798,1141.92503723519,2646.9228260688883
player,per90_interceptions,0.81417230576,0.8132877000000001,0.03111857955951164,0.765060966,0.8681478645,1.0022523907178538,630.8943528513987,1822.9465861132005
player,per90_clearances,0.881751731465,0.880451895,0.03326043590321963,0.82894926,0.9372889725,1.0014700812770674,588.8250359612522,1031.5970364542238
player,per90_shots_blocked,0.7004737856725,0.699623185,0.03194231813245676,0.6488461515,0.7534667300000001,0.999958292316201,1043.8728115513131,1781.587650174595
player,per90_defensive_duels,0.84957371541,0.8489428450000001,0.03274587297289809,0.7961786845,0.9044447135,1.0022157424452032,605.6566945558981,1491.8636457199862
player,per90_offensive_duels,0.9771806480425,0.97649948,0.03599747956418552,0.919218469,1.036470055,1.0099457803597844,313.77594933897893,958.2271199882788
player,per90_aerial_duels,0.88335227336,0.88286919,0.03337680154683972,0.8300273845,0.938781591,1.0066930915441596,568.3300889842202,1100.6198141079094
player,per90_pressing_duels,0.457926008105,0.45779432499999995,0.01930482431193883,0.4265758710000001,0.4900184685,1.0040804291028675,1161.238359433817,2046.5387218068795
player,per90_loose_ball_duels,0.7595839348275,0.758957965,0.02905666639352214,0.7131097614999999,0.8082508125,1.004021107907512,1009.9372914945924,2025.3503301219937
player,per90_sliding_tackles,0.65187376048,0.65035788,0.02914258689043083,0.6063068905000001,0.7013857525,1.0156655857876449,893.515607068694,1643.4772201130163
player,per90_dribbles_against,0.7545262866375,0.7541357799999999,0.03033424535833345,0.7041975364999999,0.8048012594999999,1.003262687396014,721.4842080889115,1471.088463916243
player,rate_defensive_duels_won,0.2570821956875,0.256829205,0.01986193216925368,0.2259768655,0.29049044999999996,1.0019537391614322,1271.9055200714895,1957.946297578669
player,rate_offensive_duels_won,0.4172835270025,0.416674345,0.02385713036200763,0.3790044415,0.4576622429999999,1.0037014327467677,1187.137265068954,2222.2052506177056
player,rate_aerial_duels_won,0.8099012670125,0.808901315,0.03255648969101884,0.7576646684999999,0.8634316114999999,1.0048028982218822,983.7355955740906,1912.049275874653
player,rate_dribbles_against_won,0.1865066061775,0.185789065,0.02002707239901188,0.1552879835,0.22054698049999996,1.002634215695763,1121.4313466743813,2055.1441029605926
player,rate_successful_sliding_tackles,0.057197972694,0.0570952765,0.01340747488438099,0.03523673335,0.07985368324999999,0.9996520869246004,983.6404762618234,1428.4866360866022
player,per90_fouls,0.769235338875,0.7694650249999999,0.03270247630121863,0.715683384,0.8230516694999999,1.0026152302339164,809.0513071052175,1865.8002092163968
player,per90_fouls_suffered,0.833421195355,0.8329821799999999,0.03261196830024166,0.7802662635000001,0.887816526,1.0040489201622476,893.3965628772639,1651.5496109279009
player,per90_yellow_cards,0.4538633128825,0.453304415,0.02605534109003144,0.4115258134999999,0.4978341295,0.9999767375505116,1454.5175691001753,2322.3099024742896
season,per90_goals,0.00323868169629675,0.00262349125,0.00260057281615054,7.218763295e-4,0.00762803632999999,1.0017189552667376,1510.958536408147,2368.768990093537
season,per90_assists,0.0093870423149975,0.007813848,0.00631974099720338,0.00308234377,0.02046766449999998,1.0017376390068526,1526.0099092690896,2278.154704805174
season,per90_xg_shot,0.00119940015572091,9.1337081e-4,0.00112347922108839,1.1216634100000004e-4,0.00327857127499999,1.000284396557246,938.4300360394652,1159.0345540476962
season,per90_xg_assist,0.00329846887909235,0.00263572375,0.00267362619250157,8.164348025e-4,0.00767215474499999,1.0022450341734634,1640.7035502200154,2135.613298300934
season,per90_shots,0.007355876459675,0.00609669315,0.00472008718045345,0.002875337945,0.0159213952,1.002253996682052,1334.1972890186955,2291.060542315778
season,per90_head_shots,9.515611716681464e-4,6.51981805e-4,0.00107956676944651,1.7942524099999997e-5,0.00297737442999999,1.004030047446247,1023.6067006148118,1778.2655101242397
season,rate_shots_on_target,0.00148436636180992,7.98903685e-4,0.00244367726279336,1.2027001650000003e-5,0.00501222470499999,1.001284159684234,1368.6669838034331,2220.975750860554
season,rate_goal_conversion,0.00282143583208037,0.0021009292,0.00268384547276471,1.4685400700000003e-4,0.007928326355,1.0022871627331276,1098.0610084923612,1236.8956996548852
season,per90_received_pass,0.037381520677225,0.0320079795,0.02075150075091411,0.0162257122,0.07575639629999999,1.0027474331715476,1285.3083777349104,2128.5468469109924
season,per90_passes,0.009898473688425,0.008324894,0.0063677708717212,0.003934057985,0.02086812659999999,1.0056681959864529,1285.2653310610983,2359.9009491021698
season,per90_forward_passes,0.0038853831372675,0.0032768674,0.00245390730837666,0.00139962996,0.008298501755,1.0017424905808006,1485.173106111679,2615.6017989135244
season,per90_back_passes,0.0082098228141,0.00689230375,0.00513119736781923,0.003069874935,0.01733861074999999,1.0023017685059492,1592.732388747453,2273.497051332321
season,per90_lateral_passes,0.016454355394625,0.01391388849999999,0.00990535631450609,0.00666859501,0.03459367479999999,1.0014011351347496,1378.7163764568606,1882.056889633252
season,per90_long_passes,0.0046413305734025,0.00382250709999999,0.00317954101790897,0.001586247895,0.01028080069999999,1.0008763306412896,1402.9135766738946,2269.7889957038874
season,per90_smart_passes,0.42057634054,0.379317905,0.1835913188287262,0.203545731,0.7614880124999999,1.0018746536971552,1657.834447352031,2402.1295966353928
season,per90_progressive_passes,0.0492382448715,0.0427496655,0.02690198191946161,0.02174142195,0.09850181699999998,1.0034867664733025,1069.6944336946997,2076.0853708361933
season,per90_passes_to_final_third,0.017354954178575,0.0148531925,0.01077882560145373,0.00716697997499999,0.03512743429999999,1.002733181091492,1189.6151753860704,1844.1033472995489
season,per90_key_passes,0.00356474876877,0.002920588,0.00252941782105924,9.38075415e-4,0.00814280116999999,1.0006470453106595,1668.3736791240276,2044.1198581500464
season,per90_through_passes,0.11542341905025,0.102400275,0.05727963095823253,0.0534861574,0.22468588,1.0017595441205311,1818.9734923142605,2600.2879164829415
season,per90_crosses,0.00561790099396,0.00460861965,0.00386656880767065,0.00189499155999999,0.01269594114999999,1.0035994696769048,1168.943408556119,2056.5982317669836
season,per90_shot_assists,0.00464198541773,0.00387774575,0.00313620467298399,0.00152450902499999,0.01036293424999998,1.0033906949511684,1532.6764037561293,2703.7703730028456
season,rate_successful_passes,0.0334263332941,0.0286181675,0.01902361014355038,0.01417221185,0.06945694859999997,1.000724469384453,1102.7622778403595,2016.509237014745
season,rate_successful_progressive_passes,0.0911948709915,0.0800839265,0.04818817534418278,0.04032881219999999,0.17831900799999997,1.0014827139280635,1492.693142058037,2036.065981578854
season,rate_successful_crosses,0.00283908633299141,0.002002979,0.00314820945408146,4.729665325e-5,0.00841828768499999,1.0019162146657654,756.6868231799582,915.370333039962
season,per90_dribbles,0.11673894021725,0.10355653,0.05796998914977493,0.05416098315,0.22895502799999976,1.000821367038396,1471.3128049880177,2112.26021215606
season,per90_progressive_run,0.042054586529375,0.0362839395,0.02297999593075408,0.01791706209999999,0.08499513344999991,1.0015960898503211,1444.526110505417,2077.839450301622
season,per90_accelerations,0.180659031222,0.158665185,0.0902005664690566,0.08383491775,0.3555303399999996,1.0024707058349005,1286.0392834476852,2037.4756837299096
season,rate_successful_dribbles,0.0086067514541925,0.00701922665,0.00639162965040549,0.002554298935,0.01972387209999994,1.0010001513376876,1500.438068793679,2570.095202674111
season,per90_touch_in_box,9.42060815135303e-4,7.3799476e-4,8.314499287195878e-4,1.658053735e-4,0.00230196250499999,1.0007609687319,1322.9420848556506,1213.7418078717023
season,per90_losses,0.07035576690725,0.0606468965,0.0399837311833176,0.0313393772,0.141191286,1.001916463018411,1358.9495188605947,2254.5991465670854
season,per90_own_half_losses,0.021182412124925,0.018115021,0.0116535558878467,0.008847406135,0.04371122394999999,1.0005394754750796,1659.3372416669804,2371.0210521689764
season,per90_dangerous_own_half_losses,0.0142709545816,0.0119904125,0.00884027611694329,0.00511453112,0.03158061819999999,1.000181022414917,1286.9525501765236,2207.970421819789
season,per90_recoveries,0.0155785368275,0.013203535,0.00924224591226368,0.006365788125,0.0324376761,1.0005060632260356,1211.1450744067731,1284.6877989234472
season,per90_opponent_half_recoveries,0.00522604696041,0.00437400575,0.00348997368021644,0.001835122805,0.01111384594999999,1.0046852367909456,1491.743524285974,2269.724544631628
season,per90_dangerous_opponent_half_recoveries,0.0074122678413975,0.0061236837,0.0050891611659093,0.002316957675,0.01705278629999999,1.0028228924324212,1558.4017529616567,2263.8837235718565
season,per90_interceptions,0.08058808132725,0.070492467,0.04245014564248287,0.0350163207,0.15920241299999988,1.0027228777359554,1005.1670243079752,1792.4053778675154
season,per90_clearances,0.0353682824811,0.030490923,0.02014915188693995,0.0155089954,0.07091207259999999,1.0036317857643309,1488.5862941462472,2449.203883640754
season,per90_shots_blocked,0.0128606818504,0.010663813,0.0084775094968867,0.00474245747,0.02782422934999997,1.0008969328135964,1556.645466814544,2522.5762630664044
season,per90_defensive_duels,0.08854302056575,0.07715050949999999,0.04664317509742474,0.0400462974,0.173866572,1.0017800835584116,829.0243202345248,1599.897975008873
season,per90_offensive_duels,0.062970601353,0.054484766,0.03354050869116769,0.0276313074,0.12638778349999996,1.000244472576095,1158.6488889534246,1831.3949592507704
season,per90_aerial_duels,0.0667909806125,0.057492434,0.0370627596410967,0.02925411635,0.13093574499999996,1.0024045218968842,1609.3330648360532,2295.672463050434
season,per90_pressing_duels,0.32277212426475,0.291135505,0.15219692008407829,0.1539366025,0.6075243564999998,1.0021297094068382,1229.4104778826706,1993.7947367230888
season,per90_loose_ball_duels,0.119955454263,0.103462315,0.06758343400728403,0.0533622059,0.24599897149999997,1.001488263900468,1061.5322927949285,1524.711861253102
season,per90_sliding_tackles,0.1283404557805,0.113003315,0.0646973096193548,0.0572682416,0.2503884039999999,1.0025672023452024,1096.438804142713,1793.979399491741
season,per90_dribbles_against,0.147817795326,0.129484295,0.07798143022939805,0.06608906070000001,0.28724676999999993,1.0064955111750602,1076.662067868809,1977.7948080557735
season,rate_defensive_duels_won,0.13578190350975,0.1192841,0.06821913241541191,0.06248954425,0.26738485,1.0016774897265703,1673.827900323087,2650.2980135112507
season,rate_offensive_duels_won,0.016015598042525,0.013592423,0.01018793595586665,0.005713350535,0.03522755429999998,1.0027350366557914,1610.2685123909937,2469.116674828747
season,rate_aerial_duels_won,0.003869861410065,0.003224896,0.00264828932056276,0.00126228351,0.00858894105999999,1.0016056692571416,1443.4987930636971,2498.1790566938475
season,rate_dribbles_against_won,0.008584815028065,0.00702969575,0.00627048902791522,0.002366286385,0.01987783879999999,1.0010229973967035,1269.582801228811,1915.513312432127
season,rate_successful_sliding_tackles,0.01099896336683,0.0090439363,0.00811556222954696,0.00306007679,0.02528863124999999,1.000398216409554,1496.0365753256592,2421.5268394489403
season,per90_fouls,0.026061156750375,0.022066751,0.01543639409294875,0.01040395165,0.05402589544999993,1.0034209919557495,1135.6556098942365,1951.944654967759
season,per90_fouls_suffered,0.017766624263075,0.014973712,0.01058171856110615,0.007292603505,0.03764128385,1.0021130213623242,1315.7724794266433,1849.575887631573
season,per90_yellow_cards,0.017412729104525,0.014593001,0.0108920055969225,0.00622221306,0.0371109024,1.0012552402939154,1488.8006642542705,2424.667221546225
residual,per90_goals,0.3212579056475,0.32114496,0.00784117489995827,0.30863721650000003,0.3343280515,1.000716379956189,2360.134591323825,3244.414169946007
residual,per90_assists,0.5891085282325,0.5887698100000001,0.01399789591219034,0.5663715925,0.612648286,1.0020136153471595,3224.4932527272726,2831.879146018878
residual,per90_xg_shot,0.1789204904725,0.178871675,0.0043520769517309,0.171831995,0.1861929745,0.9998920496433772,2848.5157820185373,2999.9601646684405
residual,per90_xg_assist,0.3206096196825,0.32064824999999997,0.00774960859701976,0.307773228,0.33348379100000003,1.00104320059049,3253.896674554064,2949.60615556611
residual,per90_shots,0.128994679315,0.12894887,0.00317903357768507,0.1239252415,0.134282914,1.0012294950747953,3117.8483888510773,2821.3766791419216
residual,per90_head_shots,0.26693813918,0.26685394500000004,0.00663198033820757,0.2560087335,0.2778018725,1.000106859700416,2904.3193297543153,2928.9829175174814
residual,rate_shots_on_target,0.837932464135,0.837831735,0.02010156646373797,0.805905348,0.870902734,1.0012820789145438,2445.5815206837124,2772.2946353762877
residual,rate_goal_conversion,0.822203473755,0.82210977,0.02008779724036701,0.7896824044999999,0.855367491,1.0014718915220748,2704.357440191554,3066.3080533624916
residual,per90_received_pass,0.18143463467,0.181428225,0.00433189692631202,0.17455453250000005,0.1888752565,1.000529627891811,2738.1844390607043,3232.950961293766
residual,per90_passes,0.150576476505,0.150555315,0.00370143594118903,0.14460002549999998,0.156798504,1.0000878034799832,2632.511287086027,3143.0661949954106
residual,per90_forward_passes,0.146242234075,0.14611989,0.00349673215684164,0.140517474,0.152113783,1.0007312071332557,3258.567928691514,2910.315115711383
residual,per90_back_passes,0.16579930632,0.16571450999999998,0.00413341091674996,0.15932117650000002,0.172765736,1.0003314344188363,2931.4661968281116,2962.368633441649
residual,per90_lateral_passes,0.1838680175025,0.183860065,0.00454555773515016,0.1763389475,0.1913850255,1.0029843564669407,3354.996794087931,2524.3294736266266
residual,per90_long_passes,0.15577286313,0.15567730000000002,0.0037882968593895,0.1498156495,0.162038034,1.0011098614739713,3087.369135738696,3184.334364060684
residual,per90_smart_passes,0.2046915333675,0.204674205,0.00497357710808175,0.196559563,0.212918966,1.000415665654797,2824.5167804645966,3286.1912979566423
residual,per90_progressive_passes,0.177467463255,0.17739939999999998,0.00441634103317641,0.170392698,0.18495200899999997,1.0030638412201571,2631.236309846491,2857.587891701744
residual,per90_passes_to_final_third,0.18722800729,0.187195455,0.00457266953765753,0.17976286949999998,0.194849718,1.0012220900838746,3283.2277490271945,3112.264437477137
residual,per90_key_passes,0.33497582318,0.334811455,0.0080904960150875,0.3216967285,0.348267994,1.0002896283672562,3202.196780045472,3088.206010115061
residual,per90_through_passes,0.281677010865,0.281741135,0.00662651276041257,0.2708375595,0.292274501,1.001057493861435,3468.6035026006334,3368.84771455043
residual,per90_crosses,0.145909214785,0.14584626,0.00366716626950045,0.140137414,0.1520118295,0.999998885358213,3439.025856046414,3211.7479510555427
residual,per90_shot_assists,0.2257102954625,0.225557105,0.00549965889829438,0.216829377,0.2350081045,1.0002817287889187,3110.9217236295,3100.543678716772
residual,rate_successful_passes,0.2189758411925,0.218917675,0.00546198488095443,0.2101244185,0.228043598,1.000620000281388,3067.8545793135336,3308.4564984232293
residual,rate_successful_progressive_passes,0.4681622545375,0.4680525,0.01189312295014809,0.448538533,0.4879557265,0.9998320170602152,2610.2146940025623,3443.0314479221947
residual,rate_successful_crosses,0.9771450433475,0.976806615,0.02364217834825208,0.9388617125,1.016139425,1.0018039165741195,828.6843265683132,1639.8044707882643
residual,per90_dribbles,0.1156768036625,0.11561907,0.00286079601080418,0.111041834,0.120389557,0.999953314927647,3177.362968818564,3029.744824545138
residual,per90_progressive_run,0.201201954855,0.201133345,0.00488599530176995,0.19347895600000004,0.209515769,1.0020471017984722,3066.891734621711,2533.777700170614
residual,per90_accelerations,0.2627336834125,0.262587905,0.00645501864548896,0.252361209,0.273392802,0.9995748162793654,2836.840105196721,2893.3361760866605
residual,rate_successful_dribbles,0.7647649446875,0.764327145,0.01804665969740768,0.7360110854999999,0.794273502,1.0007318935027378,2739.387491080665,2959.180905432749
residual,per90_touch_in_box,0.12169301904,0.12157493,0.00300520695670958,0.11690461500000002,0.126763078,1.0019934683886096,3095.1417981707914,3408.6655826397882
residual,per90_losses,0.184638891285,0.184617,0.00460474667680731,0.17718398500000002,0.1922679,1.0001837916827572,2932.559514391776,3145.2916759152213
residual,per90_own_half_losses,0.3189622192225,0.318877225,0.00800752247531374,0.3060971335,0.332448046,1.0004336404660257,3043.8063137646627,2783.883221338972
residual,per90_dangerous_own_half_losses,0.5199737051425,0.5199840499999999,0.01283106708508672,0.499123032,0.541372866,1.00094107364372,2611.601076725532,3319.079290939554
residual,per90_recoveries,0.098992523897,0.098931376,0.00242810152483684,0.0950550554,0.1029828285,1.0007777244180371,3075.946377834423,3158.6987175745526
residual,per90_opponent_half_recoveries,0.20444598897,0.20429569,0.00511267592670009,0.1963036395,0.213231506,0.9996005223238764,3301.2950007329823,3347.5156445903776
residual,per90_dangerous_opponent_half_recoveries,0.5228566863125,0.522825895,0.012896939762331871,0.502017448,0.5445587215,1.001137387027121,2597.1367310370324,3205.8909840365577
residual,per90_interceptions,0.15736487236,0.15734997499999998,0.00390436559664587,0.1509603425,0.1636960325,1.0005741222393898,2769.759130486462,2985.0806602972375
residual,per90_clearances,0.1358551568625,0.13579127000000002,0.00338627497902404,0.1304051165,0.141399677,0.999935932665993,3051.975012386885,3227.5400656682923
residual,per90_shots_blocked,0.335866741515,0.33567436,0.0083917792734502,0.32226371950000005,0.3498865515,1.0025865135459564,3315.4429037503064,3069.533718768246
residual,per90_defensive_duels,0.1470627028775,0.146975585,0.00357209983072066,0.141305483,0.153050123,1.0007479965703376,2958.657470671152,2957.7236143169243
residual,per90_offensive_duels,0.083949630884,0.0839555505,0.00203820802563704,0.0806659916,0.08727798415,1.000318347133316,3213.6920011890547,3195.9222881444703
residual,per90_aerial_duels,0.1385110209625,0.138420645,0.00344505156806649,0.1328800355,0.14408390899999998,1.0005637876810585,2975.458185773281,3105.9064943037424
residual,per90_pressing_duels,0.226479849085,0.226330285,0.00553407323775216,0.217783194,0.2358510345,1.0014323721458125,2658.5056296494067,2865.506154433034
residual,per90_loose_ball_duels,0.177717506495,0.17764735,0.00443148652351064,0.17050390199999998,0.184918342,0.9999341799171712,3589.8027828637246,3187.853962927494
residual,per90_sliding_tackles,0.2956588560975,0.295752055,0.00732766664874998,0.28378788949999995,0.307862126,1.0030087313277976,2625.017497670089,3009.998233357878
residual,per90_dribbles_against,0.1859734837,0.185897095,0.00455283426323667,0.17867639950000003,0.1934422695,1.0002990196947597,2889.6799101427696,3287.718249457308
residual,rate_defensive_duels_won,0.66043783349,0.66009032,0.01624636890518983,0.6344159745,0.6874350955,1.0010026309709097,2732.137651734014,3179.853075066792
residual,rate_offensive_duels_won,0.58070523899,0.58034641,0.01452006178247015,0.557029369,0.6051534344999999,1.0012830119863545,2781.264134680851,3078.076566414782
residual,rate_aerial_duels_won,0.2299081652825,0.229835475,0.00560013656836922,0.220947953,0.2391578435,1.0016769022171146,2670.3908125948246,2921.0716986691914
residual,rate_dribbles_against_won,0.8204266745575,0.8200113950000001,0.02046411731393903,0.7869568815000001,0.8534983125000001,1.0011007503545448,2649.071070013013,3132.626358256968
residual,rate_successful_sliding_tackles,0.9380056299575,0.938070975,0.02196861014554575,0.902221286,0.9744733715,1.0022291171357507,2866.4710279128267,2876.800964107591
residual,per90_fouls,0.259587323335,0.259540305,0.00636012771041942,0.2495580995,0.26993842500000004,1.0001382681281312,2936.538936932111,2870.6954748229564
residual,per90_fouls_suffered,0.211053683695,0.211024475,0.00519281423293016,0.2027233915,0.21952821299999997,1.0010004715759564,2598.6152999814135,3213.980356462313
residual,per90_yellow_cards,0.5586935517575,0.5580800450000001,0.01378851716970572,0.5366451615,0.581650029,1.0004065921016416,2938.832457535922,3306.5604742134265
