component,observed_variable,mean,median,sd,q5,q95,truth_value,error,rhat,ess_bulk,ess_tail
player,per90_goals,0.2826180299625,0.28232782,0.0125451942454939,0.261774351,0.30394059599999995,0.2785747881351361,0.00404324182736393,1.0073448417890694,1015.639791298494,1626.0593551204213
player,per90_assists,0.7544216806475,0.753923925,0.03133725694439748,0.7039042735000001,0.8061395395,0.7207426461779534,0.033679034469546676,1.0021653151567151,1140.1636512616635,2428.516998537172
player,per90_xg_shot,0.1718874513025,0.17170523,0.00851135879191244,0.15857056249999998,0.186609817,0.16908153466284168,0.002805916639658318,1.0042800168244048,1274.5006695975228,2136.8669064853275
player,per90_xg_assist,0.2924362186275,0.2920614,0.01295621686318124,0.271879427,0.31482949650000003,0.2721289830458493,0.020307235581650707,1.0007769203821617,1220.6165386393525,2440.043264226567
player,per90_shots,0.2303050840025,0.229783205,0.01378216527548568,0.208145056,0.253527318,0.2366957708593324,-0.006390686856832417,1.0010472795986525,1270.448815851706,2245.654234271367
player,per90_head_shots,0.147471594645,0.147242905,0.01023151436226116,0.13116029950000002,0.164372235,0.14856056309448956,-0.0010889684494895524,1.0030928182044372,1528.521181389267,2153.73223234762
player,rate_shots_on_target,0.110503074569,0.110208755,0.00751594277146457,0.09847806195,0.12307386,0.09916312383397889,0.011339950735021115,1.0039956314968594,1176.545716650232,2365.6897220433643
player,rate_goal_conversion,0.13211890026,0.13184582,0.00829195359042158,0.1190804645,0.146405821,0.12587885283289052,0.006240047427109485,1.0008111076992876,1529.3337322945192,2492.901952579701
player,per90_received_pass,0.11453452632875,0.114527245,0.00672119541507332,0.1036137495,0.12559246349999997,0.12465804298096808,-0.010123516652218084,1.001959154884656,1213.4963736639995,2355.0087411306617
player,per90_passes,0.06172912445175,0.0614946685,0.00604652255548376,0.05197950335,0.072133168,0.0572478965559363,0.004481227895813698,1.0010118372962795,1274.748067275058,2486.53595605798
player,per90_forward_passes,0.031620127299,0.0315160215,0.00379347493868761,0.02566422899999999,0.03804185089999999,0.029689489127732067,0.0019306381712679357,1.0013481716378243,1187.5349170570962,2157.591599715379
player,per90_back_passes,0.11385156155825,0.1136769,0.00691043418368078,0.1027309025,0.125681941,0.10403013130667903,0.009821430251570978,1.0031889389328366,1342.8446799738806,2494.6650371531873
player,per90_lateral_passes,0.12094078653475,0.12071052,0.00916260332046976,0.106097485,0.1363258015,0.11834279499255815,0.002597991542191855,1.0016552337601812,1217.133568467204,2223.377192487422
player,per90_long_passes,0.2104843828075,0.210025735,0.01188463012305763,0.191678863,0.2306280305,0.22594555936003646,-0.015461176552536454,1.0047133881589756,1240.898776291363,2394.443396847449
player,per90_smart_passes,0.2231446094625,0.22280523,0.01020049739109522,0.2068931835,0.24038726899999996,0.2186021163023788,0.004542493160121203,1.0013035282299456,1285.742225154974,2293.079499952932
player,per90_progressive_passes,0.10668420795125,0.106576645,0.00776314760303444,0.0942867941,0.1199320745,0.09691694922739097,0.00976725872385903,1.0011719695593433,1439.868120918769,2334.50827841095
player,per90_passes_to_final_third,0.05302383723675,0.052918317,0.00468087559188376,0.04547624835,0.0609040424,0.053504512803372754,-4.806755666227555e-4,1.0012018258075437,1494.4252453228532,2311.364568285715
player,per90_key_passes,0.11112239053875,0.110955875,0.00815852719310087,0.09808203355,0.1248543465,0.11110421231588055,1.8178222869452698e-5,1.002356433406971,1387.5469909830567,2627.9564708491757
player,per90_through_passes,0.1655063116775,0.16544077,0.00821115258815491,0.152379458,0.1792093565,0.16470913231403572,7.971793634642677e-4,1.000959885125484,1593.518582422169,2662.2674194908805
player,per90_crosses,0.0755646620975,0.07555339050000001,0.00570251254986651,0.06626524595000001,0.085288321,0.08209951268062102,-0.0065348505831210185,1.0015589025943454,1235.6748231930642,2537.174611888874
player,per90_shot_assists,0.33802084934,0.33745987,0.01844487679267569,0.30868714599999997,0.36877207,0.35897663077535014,-0.02095578143535015,1.0049855871343223,1198.456098334535,2186.8001150474693
player,rate_successful_passes,0.1631612158975,0.16307153,0.010040996102129,0.1468385615,0.179620168,0.166841463400424,-0.0036802475029240056,1.0010274262086605,1537.9231661571405,1999.296900092353
player,rate_successful_progressive_passes,0.2127948847225,0.212424525,0.00970187127771819,0.197237936,0.229099843,0.18269931420146146,0.030095570521038534,1.001794797320632,1247.6972439309022,2311.985159902824
player,rate_successful_crosses,0.1472043211575,0.14683279500000002,0.01021763810315267,0.1307858435,0.16457941349999997,0.13903001045715074,0.008174310700349269,1.0018633223888316,1516.596751475776,2561.490901523892
player,per90_dribbles,0.18635375923,0.18624578,0.00869967767901384,0.1726117775,0.201102042,0.182946413845815,0.0034073453841849954,1.0019427780963857,1149.763236277177,2316.199920470136
player,per90_progressive_run,0.3399425789125,0.339340305,0.01771054400493847,0.31172059199999996,0.369897743,0.32955434870444783,0.010388230208052185,1.0053152276240065,1306.938379236762,2042.9510528205635
player,per90_accelerations,0.24738246247,0.24724491,0.01173228992597975,0.228633907,0.2675645025,0.227454475355619,0.019927987114381013,1.0005890694239796,1251.644848432773,2170.5951929256385
player,rate_successful_dribbles,0.10251929868175,0.10237741,0.00574640067513843,0.0933133076,0.11231113,0.0925903547479194,0.009928943933830592,1.0002855089973204,1226.4602667607453,2324.7516420716
player,per90_touch_in_box,0.17904566133,0.178831865,0.0091363676193309,0.1644287945,0.193999398,0.17844260950961377,6.030518203862245e-4,1.0004070901874391,1351.9286261458408,2011.0886125521693
player,per90_losses,0.098314570854,0.098213882,0.00665553056253658,0.08772575365,0.109283874,0.10196259227187623,-0.003648021417876235,1.0031722957955451,1352.579934537642,2385.4786796976177
player,per90_own_half_losses,0.1504764284075,0.15020452499999998,0.01118359976457698,0.1325366595,0.1691748845,0.15127689483286771,-8.00466425367713e-4,1.0020159757283162,1278.3417784300984,1883.3380132754023
player,per90_dangerous_own_half_losses,0.1568145471125,0.156341715,0.00974824262099912,0.1411910525,0.17322886650000002,0.1556027813370851,0.0012117657754149025,1.0014562887741545,1149.4578607143358,2300.475806519098
player,per90_recoveries,0.0583634823,0.058255206,0.00533836856679212,0.04979259324999999,0.06721215579999998,0.05367326488223943,0.004690217417760566,1.000955051897067,1340.0974506204968,2060.1170012307366
player,per90_opponent_half_recoveries,0.18011243832,0.179717105,0.01095609127971515,0.162665513,0.19873820299999995,0.18610051235277095,-0.005988074032770935,1.0055940144922184,1419.2625304698663,2439.3405954444615
player,per90_dangerous_opponent_half_recoveries,0.265373198595,0.26523125000000003,0.01234288177391115,0.245294903,0.2856591715,0.26902493388905885,-0.003651735294058822,1.001258216584343,1245.133656046184,1756.166581340084
player,per90_interceptions,0.07239534935475,0.0723084135,0.00515056024317167,0.06411905564999999,0.08082053474999999,0.06499732032019373,0.007398029034556275,1.00028001525677,1614.7261266797689,2296.5934752293465
player,per90_clearances,0.05803355218325,0.0577902525,0.00594071308183118,0.0487128218,0.0682208693,0.05047927529145384,0.007554276891796163,1.0029307768866704,1300.7766765355277,2212.981275884924
player,per90_shots_blocked,0.2797830125525,0.279050555,0.01631537252400651,0.25389643500000003,0.3068381685,0.28850090412382456,-0.008717891571324576,0.9998801979911628,1192.1496939087265,1936.9553299143304
player,per90_defensive_duels,0.1372160713425,0.136949035,0.00881519027765099,0.122944754,0.1524746095,0.13972143618100696,-0.0025053648385069682,1.002126774698204,1209.5349083889075,1913.7323335992912
player,per90_offensive_duels,0.1733633364,0.1731229,0.00843731270984533,0.1600482805,0.187750563,0.18129061467818497,-0.007927278278184957,1.002029219557652,1374.82676842228,1799.07309278085
player,per90_aerial_duels,0.13299932299,0.132805055,0.00746649025887502,0.1209673745,0.14528225899999997,0.13595685704865787,-0.002957534058657868,1.002143949786578,1393.9347502703472,2451.8747937358016
player,per90_pressing_duels,0.1111414914685,0.11108838,0.00909378621701273,0.09639014645,0.126094169,0.11095808641640229,1.8340505209771263e-4,1.003420350283585,1282.9757292945358,2499.005905625339
player,per90_loose_ball_duels,0.324462957655,0.3240203,0.01468023693411419,0.3010449115,0.349547495,0.28937919362856035,0.035083764026439646,1.0082712982083335,881.2725528275049,1871.3855704110524
player,per90_sliding_tackles,0.1017836729085,0.101615935,0.00709692794309093,0.0904794646,0.11377911849999998,0.09989383163546671,0.0018898412730332936,1.0020368129639552,1117.0801367078595,2592.6282814437013
player,per90_dribbles_against,0.07860458913075,0.078350732,0.00705039474080207,0.06726900834999999,0.09049744334999998,0.07184553529221897,0.006759053838531023,1.0027693568783356,1460.1237287543393,2449.6617237802516
player,rate_defensive_duels_won,0.136147836305,0.13595887,0.00814210784985239,0.1230754265,0.149839394,0.13013571705332397,0.006012119251676024,1.0009921193332942,1210.5178655866234,2166.3940643197634
player,rate_offensive_duels_won,0.13720047539,0.13710838,0.00791183359042706,0.1245575845,0.1502406285,0.14710706475153046,-0.009906589361530466,1.003306775381911,1186.415087909386,2141.4057999546612
player,rate_aerial_duels_won,0.11356821921625,0.113490185,0.00668647320808334,0.1030161185,0.124999363,0.11209112283898752,0.0014770963772624823,1.0048275584127282,1555.028525218053,2388.780165096406
player,rate_dribbles_against_won,0.05081046440425,0.050616973,0.00616258872411732,0.04096909305,0.0613358118,0.06888426417748207,-0.01807379977323207,1.0013704625357491,1087.7635725706705,1881.8528047789412
player,rate_successful_sliding_tackles,0.12325777350625,0.12312983500000001,0.00742085242513347,0.111660173,0.1356797055,0.12631740682357614,-0.0030596333173261436,1.0016988244929537,1410.742332956671,2458.510612350279
player,per90_fouls,0.30101468326,0.30077096999999997,0.01671500353739084,0.2748161975,0.328395973,0.29673707603410704,0.004277607225892988,1.0006790651134854,1255.3444373125708,2196.88639568739
player,per90_fouls_suffered,0.1331396782475,0.133032425,0.0073741051627369,0.121200138,0.14550906399999997,0.12489661188936549,0.008243066358134515,1.0015582576180195,1234.6553299333914,2295.7715477136694
player,per90_yellow_cards,0.11499362345975,0.115064775,0.00628988909599686,0.10477004,0.1255481905,0.11239467972555933,0.002598943734190673,1.0028852473142502,1232.2736807391923,1877.6958996188368
season,per90_goals,0.23575442175625,0.211228725,0.11104026499712276,0.1149671965,0.4353225174999996,0.15109754641851642,0.08465687533773358,1.0017952550341067,1274.520275343177,1793.083282625409
season,per90_assists,0.034654484447225,0.030076841,0.01916354376690112,0.01494556475,0.07126629225,0.0610303939044852,-0.026375909457260198,1.0018145257803743,1138.737787466084,2199.5067780993354
season,per90_xg_shot,0.22128525674375,0.19701937,0.10603956013195888,0.10497424,0.4233507844999999,0.10349509257574266,0.11779016416800733,1.0002530173445126,1827.7852850703396,2406.709127804148
season,per90_xg_assist,0.0689647017505,0.060558387,0.03645076810001008,0.0311261521,0.1370527455,0.043621372176870864,0.025343329573629135,1.0019825890040968,1265.3098938787682,2072.963344378972
season,per90_shots,0.013948067304175,0.011957285,0.00832288237741495,0.00556389197,0.02935717184999996,0.014604068897355183,-6.560015931801836e-4,1.0009197912162264,1556.7868531447048,2359.3129026468423
season,per90_head_shots,0.00707772507463499,0.0059312428,0.0044509132037257,0.002535957915,0.01570359494999999,0.011602227074588089,-0.004524501999953099,1.0021404688226598,1629.8027256859616,2634.711010579645
season,rate_shots_on_target,0.021862228344125,0.0188648795,0.01244730302793779,0.00928339912,0.04489479969999999,0.018907664740671265,0.0029545636034537352,1.0029350694448926,1035.5567796954974,1983.385981179971
season,rate_goal_conversion,0.12224889187925,0.10543038,0.06469833652633017,0.0547822234,0.2483243665,0.05282419605843215,0.06942469582081785,1.0037389626553068,1271.339821181289,1677.591006619618
season,per90_received_pass,0.0735328674315,0.06362356799999999,0.03940319558909067,0.03326366405,0.14233048699999992,0.03210866145282696,0.041424205978673044,1.009545444695992,1085.2779276669326,1578.9642812203288
season,per90_passes,0.1186233751875,0.10406195,0.0614552270313532,0.05493971785,0.23261052199999988,0.08744114951511521,0.031182225672384795,1.0014532314633255,1338.2508888594518,2038.325784103506
season,per90_forward_passes,0.038407094076675,0.03321185899999999,0.02138550294334069,0.0162301827,0.07793477534999993,0.05051696619780613,-0.012109872121131127,1.001996525378631,1252.4942197969974,2064.2381084840295
season,per90_back_passes,0.06331422332025,0.055120207,0.03466725893291037,0.0274192167,0.12701577299999994,0.049866675667812756,0.01344754765243724,1.001251201198616,1154.879593763799,1630.041584699707
season,per90_lateral_passes,0.024855882859675,0.0213454075,0.0150268316624098,0.0104655218,0.05109174229999998,0.013814502710443982,0.011041380149231018,1.0019902095617363,1232.4382680253366,2255.5438893888268
season,per90_long_passes,0.11107649516925,0.0973478855,0.0563000032254753,0.05186159165,0.2160781825,0.06490464588670647,0.04617184928254353,1.0008620871142695,1486.2025566452044,2003.0718445901805
season,per90_smart_passes,0.010028063670075,0.00843523345,0.00600368375458069,0.00398944567,0.02108815889999999,0.01626201759682175,-0.006233953926746749,1.0034462596794842,1238.1141543497504,1423.2450517041418
season,per90_progressive_passes,0.1097578597305,0.0939521245,0.06063422208250148,0.0493571283,0.2203370794999998,0.05896120276363315,0.050796656966866846,1.0004399868694456,1060.409699208628,1488.721553581614
season,per90_passes_to_final_third,0.08231957708875,0.071079302,0.04329506781621357,0.03701453025,0.16537519599999992,0.06920907201867105,0.013110505070078951,1.0026129201947187,1302.5132444225612,1689.2651608038032
season,per90_key_passes,0.075642330802,0.066315775,0.03942857442559949,0.0328824182,0.1494759895,0.0798015323873955,-0.004159201585395497,1.0014799671900287,1241.8625290591078,1644.0732860280034
season,per90_through_passes,0.1552462636715,0.138332905,0.07703629295488221,0.07095405575000001,0.2985173624999999,0.0842019678936953,0.07104429577780469,1.001364402154358,1069.5729880957017,1972.028450369604
season,per90_crosses,0.07557385001575,0.0660504225,0.0396164909278958,0.033214017,0.14883308799999995,0.04530650895369735,0.030267341062052644,1.0009003618116583,1208.583825301459,2032.0267765148897
season,per90_shot_assists,0.137711092028,0.120504425,0.06883994389324068,0.0648603228,0.267114672,0.06811031586182703,0.06960077616617297,1.0006799556491837,1415.330958668861,2388.828983776372
season,rate_successful_passes,0.04256650602005,0.0368532255,0.02315324827620245,0.0186481505,0.08419656839999999,0.022317261814313153,0.020249244205736847,1.0014495727880794,1351.2069856491537,2047.1717836712712
season,rate_successful_progressive_passes,0.05496943214975,0.04794245299999999,0.03069523203987541,0.02469078565,0.108600599,0.03679640428091831,0.018173027868831695,1.002187986724124,1205.8200017499269,1741.1186447078578
season,rate_successful_crosses,0.026041790641175,0.022203778,0.01523137653471042,0.01103034465,0.05397236464999998,0.03458767459231826,-0.008545883951143262,1.0017922057988669,1292.8112155258957,1832.1325707132617
season,per90_dribbles,0.06378538064474999,0.055045638,0.03492300966370999,0.0275306421,0.127845051,0.03573460779831171,0.028050772846438282,1.0046802109348445,1009.7344777501936,1840.9129774751063
season,per90_progressive_run,0.06352344935149999,0.05519958649999999,0.03453784725846821,0.0282320973,0.12729570999999998,0.06038729122007441,0.0031361581314255788,1.0012710661687545,1422.9917249242064,2342.966601302989
season,per90_accelerations,0.0407036880938,0.034700929,0.02230629466605725,0.0175400463,0.08243352074999989,0.02122590186073862,0.019477786233061376,1.0012597507689205,1050.8481331888054,2065.645219479668
season,rate_successful_dribbles,0.04024914771095,0.034623792,0.02150554996537217,0.01820743325,0.08270560109999997,0.020651516952469366,0.019597630758480634,1.001324310713109,1476.4639264637217,2147.9490462946196
season,per90_touch_in_box,0.013189069896425,0.0112048015,0.00763250865535146,0.00544785648,0.02747180824999999,0.018649905640075907,-0.005460835743650907,1.001665639495983,1288.3854635065418,1693.4602612857088
season,per90_losses,0.0577211857585,0.0503340245,0.03005299248768571,0.02489497354999999,0.114152081,0.03098214539703183,0.02673904036146817,1.001370332050565,1129.205291848415,1717.2298972443264
season,per90_own_half_losses,0.0817248381825,0.070227524,0.0444729699853565,0.0354408741,0.1641531639999999,0.06060991136433036,0.021114926818169635,1.0003168751351088,1080.526255229061,1757.4391358600285
season,per90_dangerous_own_half_losses,0.0651978776175,0.0565068235,0.03525493738075911,0.02879080655,0.1303375785,0.06136278918908859,0.003835088428411404,1.002473159747263,1323.247595902544,2035.1497162129504
season,per90_recoveries,0.08178466205175,0.0712706085,0.04339723689778982,0.03729158125,0.16063040249999996,0.07676307841116647,0.005021583640583527,1.002166443064999,1366.9034638882017,1821.4738764977164
season,per90_opponent_half_recoveries,0.1157839279915,0.101482835,0.05986589605522349,0.0519762255,0.22680100699999992,0.05555112236020916,0.06023280563129084,1.001136937913813,1243.2712816850951,1897.316894266964
season,per90_dangerous_opponent_half_recoveries,0.029733755492325,0.025565844,0.01663372594090157,0.01274588195,0.06163947594999997,0.01651921930994975,0.01321453618237525,1.0010308907124172,1421.2746183299091,2143.173893451571
season,per90_interceptions,0.07994069254575,0.069039467,0.0456050964807374,0.03546942855,0.15918312399999993,0.05578919513624485,0.024151497409505146,1.0017834118629585,1054.2152817856725,1923.3794482088333
season,per90_clearances,0.072221610307,0.06292194649999999,0.03971702788817791,0.03165203395,0.14294771449999993,0.05391307710320733,0.018308533203792672,1.0006017564773686,1280.383737896463,1817.3059542715216
season,per90_shots_blocked,0.0539919622005,0.046848932,0.02942909129068179,0.0238303009,0.10666437899999998,0.042969863398506364,0.01102209880199364,1.0024231679640403,1186.7799509271997,1706.9510389573236
season,per90_defensive_duels,0.1299629281985,0.114362545,0.06621189350413652,0.0609789189,0.2553989875,0.05665411085069734,0.07330881734780266,1.0033581609148134,1150.4851434125928,2250.816035826961
season,per90_offensive_duels,0.031668185369475,0.0271737505,0.01759006944837004,0.01363606305,0.06393180214999995,0.02794010702775867,0.0037280783417163316,1.0020691482768784,1169.0852352472978,1976.2289384512803
season,per90_aerial_duels,0.0316587035494,0.027371288,0.01707143093194189,0.013804736,0.0639640175,0.05305806993352987,-0.02139936638412987,1.0026647101719492,1488.0558902361684,2325.659770637266
season,per90_pressing_duels,0.0759708567475,0.06644204100000001,0.04050264356525662,0.03275753185,0.1504682015,0.049808360214166125,0.02616249653333387,1.0014107862164765,1340.8471372470838,2364.262749615592
season,per90_loose_ball_duels,0.0663257960065,0.0569754595,0.03652435394661378,0.0286069623,0.13529019949999993,0.04649366533075654,0.019832130675743465,1.000539541909767,1239.3963092917284,2145.6130734935396
season,per90_sliding_tackles,0.071015014864,0.062406417,0.03688354290868868,0.0319874244,0.1400647565,0.044176090212329676,0.026838924651670322,1.0008866814889987,1224.395696378885,2010.0689104973897
season,per90_dribbles_against,0.020281325821075,0.0172428025,0.01164651422267036,0.00862440821499999,0.04209831044999999,0.02111904680859062,-8.377209875156215e-4,1.0004510289641049,1464.4473102571485,2433.515850108078
season,rate_defensive_duels_won,0.01192228503445,0.010218307,0.00684679994138852,0.00480885413,0.02502269734999999,0.01906279338847368,-0.007140508354023679,1.0078260412815814,1391.503765993048,2096.438424384912
season,rate_offensive_duels_won,0.027922610694725,0.023750181,0.01573978108074965,0.01194840735,0.0566635432,0.011991590319548431,0.015931020375176567,1.0030911485259786,1367.8966058652293,1871.3599656022336
season,rate_aerial_duels_won,0.0178474004707,0.0151129835,0.01042835480369588,0.00757098471,0.03685219735,0.03716511240768575,-0.019317711936985754,1.01022972363279,1071.2105324057245,2283.988168272351
season,rate_dribbles_against_won,0.012979660377775,0.01097449849999999,0.00822706099148524,0.00531146985,0.026971283549999982,0.026901590316888935,-0.013921929939113935,1.0020819749575904,1325.702123130041,2063.51049267397
season,rate_successful_sliding_tackles,0.3538975060075,0.319419915,0.15923669883818123,0.17416744650000002,0.6491494379999998,0.1394482328899953,0.21444927311750467,1.0027239800047232,1395.2699978309167,2415.210198038152
season,per90_fouls,0.14415214957325,0.12670150000000002,0.07442876303070424,0.06446947950000001,0.27848195249999974,0.06420816010704025,0.07994398946620976,1.0018640479746217,1322.371682321106,2097.160745912491
season,per90_fouls_suffered,0.06394730518675,0.054987104,0.03562469094667935,0.02787933035,0.12970381699999994,0.03578731841250405,0.02815998677424595,1.0025118165012334,1075.892609212859,1664.9806185322682
season,per90_yellow_cards,0.00521132373155,0.00448653815,0.0034506560974591,0.002120876975,0.01043994399999999,0.008177037513490455,-0.002965713781940455,1.004026284561502,1506.3830194640689,2377.273511080887
residual,per90_goals,0.1530109749225,0.15289749000000002,0.00381310788922623,0.146817584,0.159330747,0.15227906402685396,7.319108956460318e-4,1.0012008823927423,3064.3236489620163,2689.1215068192714
residual,per90_assists,0.2878923142925,0.28775726,0.00707277060542564,0.276502917,0.29973632549999996,0.285041821851246,0.0028504924412540156,1.00098626240858,3352.735057412519,3341.1424928283527
residual,per90_xg_shot,0.1648076363775,0.16471475000000002,0.00405548435301405,0.1583686595,0.1717444725,0.16449060466360288,3.1703171389713125e-4,1.0002878892990146,3390.1221105585423,3278.169388433241
residual,per90_xg_assist,0.1612266116375,0.16114601,0.00399553177310304,0.154826305,0.1679517805,0.16185855338772712,-6.319417502271274e-4,0.9997335256815744,2886.092028596977,3214.0700579721515
residual,per90_shots,0.37991113917,0.379775605,0.00927338858420442,0.364951895,0.3957580445,0.37050952452791563,0.009401614642084388,1.002544350744503,2940.311699251476,2942.187796958473
residual,per90_head_shots,0.36147000755,0.36125696,0.00862945580031321,0.347379518,0.37581974649999994,0.3752169583563225,-0.013746950806322489,0.9999188736693696,3020.8111802443486,2910.3038045032163
residual,rate_shots_on_target,0.2393216439325,0.23931341,0.00585952623082354,0.2297348125,0.24907233,0.24313612508728097,-0.0038144811547809743,1.00113574780964,2942.519000200555,2934.319200827421
residual,rate_goal_conversion,0.2587796500225,0.25862946,0.00608771025296205,0.24896112,0.26885379100000006,0.25746705907536943,0.001312590947130543,1.0020059059772737,3107.6117497365335,2890.4525096801285
residual,per90_received_pass,0.167819831495,0.16773087,0.00413497411181112,0.161182085,0.174663161,0.16259713205365478,0.005222699441345208,1.0006637149914217,3635.391470473144,3114.618835689708
residual,per90_passes,0.2869470269825,0.28671291,0.00684716699754549,0.275759286,0.29836954649999997,0.28256710227986004,0.004379924702639981,1.000869919778209,2853.652721196381,2853.745857528324
residual,per90_forward_passes,0.2124548624375,0.212507245,0.00497737509843964,0.204218736,0.220814301,0.21140556834295995,0.0010492940945400486,1.0010452264835683,2929.7448552300884,2886.3116258154896
residual,per90_back_passes,0.198054635485,0.198046165,0.00479656091404063,0.190370961,0.2060756035,0.19964079047269753,-0.0015861549876975412,1.0006257836269443,3308.4238216477156,2998.5518043247193
residual,per90_lateral_passes,0.3449436733025,0.344833975,0.00831452603498482,0.3316310105,0.3588329675,0.34940498642488466,-0.00446131312238468,1.0018532678584215,3297.3388704611443,2988.4313832007815
residual,per90_long_passes,0.279476027325,0.27948674,0.00673493336095977,0.26844074549999997,0.2908499115,0.27963581823173383,-1.5979090673384766e-4,1.0011705717907853,2670.674142604872,3105.2280142165146
residual,per90_smart_passes,0.1412426393475,0.141234265,0.00341937665777548,0.135762986,0.1469847795,0.14093770231489985,3.049370326001499e-4,1.000507299013047,2297.6665394153083,2566.947626713873
residual,per90_progressive_passes,0.27278566823,0.27274842,0.00660866441266116,0.2620244885,0.28376000599999995,0.26900783840589093,0.003777829824109069,1.0020483903955415,2816.6969798538335,3215.36852384472
residual,per90_passes_to_final_third,0.1988976809475,0.19883968,0.00478223166078458,0.1911298195,0.2068562035,0.20134760316265177,-0.0024499222151517785,1.0003694241282748,3094.3451968037334,3212.614071392935
residual,per90_key_passes,0.31278903451,0.31279179,0.00738376324433714,0.300577969,0.3251506045,0.32172706842152715,-0.008938033911527143,0.9996735214112588,3114.1036267770583,3118.296476750711
residual,per90_through_passes,0.150387118855,0.150373805,0.00364032903229037,0.14460308049999998,0.15634047750000002,0.146917150772518,0.003469968082482011,0.9999564764828638,3195.447838372341,2594.5339791318747
residual,per90_crosses,0.2020836533475,0.20203588,0.00490754107714801,0.1942289065,0.210256627,0.20030506644627297,0.0017785869012270361,1.0029186412201048,2769.284994887299,2621.4145019954353
residual,per90_shot_assists,0.363660640165,0.363478745,0.00893499788405168,0.34941172449999996,0.3787275405,0.36394699720497686,-2.8635703997687e-4,0.9998871726443868,3064.1627152935553,2753.6990588561393
residual,rate_successful_passes,0.279531225605,0.27948512000000003,0.0066884841539894,0.26838064799999994,0.2905214255,0.28203755269183467,-0.002506327086834681,0.9997797702950298,3209.2469370186373,3012.852938159136
residual,rate_successful_progressive_passes,0.1363470727475,0.136330675,0.00331598592883107,0.13085397149999997,0.14181870449999998,0.1389593606506451,-0.002612287903145105,1.0005577306063365,3272.0712364678643,3483.275515465279
residual,rate_successful_crosses,0.35550526691,0.35534542,0.00836412561824835,0.341941116,0.369421184,0.35590860239020355,-4.0333548020354826e-4,1.0006848852583428,3138.925914250911,3167.326835725175
residual,per90_dribbles,0.13866462927,0.138643905,0.00339641215314372,0.13314697350000002,0.144387067,0.13782402256495765,8.406067050423516e-4,1.0001783694584565,2885.120718889073,2604.113655073829
residual,per90_progressive_run,0.32764807534,0.327459615,0.00787734618081915,0.315174171,0.340868843,0.33755128871252166,-0.009903213372521646,1.0022876217726209,2626.473014727946,2740.429367808585
residual,per90_accelerations,0.1694111729825,0.16928559999999998,0.00425764548820776,0.1627130975,0.17657382049999998,0.1770661443753811,-0.007654971392881099,1.0013147595907548,3158.8959966160937,3395.282746963013
residual,rate_successful_dribbles,0.137861729575,0.13781157500000002,0.00335725254094271,0.1325969,0.14345145849999996,0.1390374852099083,-0.0011757556349082932,1.0007090690355391,2857.205771006586,2991.6147197779696
residual,per90_touch_in_box,0.16950467229,0.169563865,0.00401861760376185,0.16294788650000003,0.17627168299999998,0.16706438685835123,0.0024402854316487588,1.0007566041803762,3104.5032920805015,3445.62862105845
residual,per90_losses,0.2205247088475,0.22045208,0.0051885666928053,0.212109784,0.2291633145,0.21065762242732738,0.009867086420172616,1.001604401669948,2945.29718576801,2668.3912166794134
residual,per90_own_half_losses,0.40916040896,0.4091655,0.00982613901206181,0.393267678,0.4254268225,0.4108647671300568,-0.0017043581700568189,1.0010922052002171,2896.8049038541953,3284.306187949596
residual,per90_dangerous_own_half_losses,0.27614156679,0.27606593,0.00670428287441325,0.26507554450000004,0.28756671349999996,0.27309704534281076,0.0030445214471892523,1.0016286789869266,3239.822051851588,3352.621726816094
residual,per90_recoveries,0.2423237077175,0.242214515,0.00577568702146942,0.232886162,0.25204987900000003,0.24569912094953425,-0.0033754132320342467,0.9996252962140856,3259.889687226145,2750.068084517685
residual,per90_opponent_half_recoveries,0.29811839258,0.29807257499999995,0.0071490298807912,0.28625598,0.3102198195,0.2889098324539834,0.009208560126016618,1.0012926851420925,2875.3571618330893,3173.4622863225973
residual,per90_dangerous_opponent_half_recoveries,0.173629109955,0.173601695,0.00424059522559008,0.166776053,0.1808200225,0.16888687777350211,0.004742232181497885,1.0001741646002014,3216.913483236032,3014.299816005306
residual,per90_interceptions,0.195671182,0.195605985,0.00464421372571775,0.1881486065,0.20344697,0.19436663399079587,0.0013045480092041262,0.9993886601647592,3456.859075923704,3057.860824938669
residual,per90_clearances,0.3084918566,0.30848737,0.00730070228671564,0.29652195950000004,0.320785892,0.3104689686647543,-0.001977112064754316,1.0012133744623792,3082.2609433110742,2813.4146841670463
residual,per90_shots_blocked,0.3559387086575,0.355784605,0.00864528203579067,0.3420430065,0.37058441499999994,0.35557244471595173,3.662639415482616e-4,0.9996233236938764,2905.651615891433,3111.147277977121
residual,per90_defensive_duels,0.246980073135,0.246847665,0.00599347378721697,0.237564694,0.2574199695,0.25637742467306585,-0.00939735153806584,1.0002059265351937,2578.3201498256312,2767.2931505657352
residual,per90_offensive_duels,0.13717688905,0.13717391,0.00336834700499394,0.131606056,0.14268568450000002,0.141112882364639,-0.003935993314639008,1.0012051168308085,3340.1402982572986,3275.7781238648736
residual,per90_aerial_duels,0.172624706595,0.17254778999999998,0.00424041266272429,0.1656273685,0.179882976,0.1768094695846103,-0.004184762989610291,1.0003298646279348,2411.191259263506,2436.637208450468
residual,per90_pressing_duels,0.371694556465,0.37156447,0.00868538122584792,0.35738190999999997,0.386262756,0.38887528616081823,-0.017180729695818242,1.0003153360608912,2992.492956789925,2711.208799849307
residual,per90_loose_ball_duels,0.1616370176575,0.161584915,0.00396365604514094,0.15529228250000002,0.1682768275,0.16032748157343035,0.0013095360840696402,1.0008100912925413,2512.183542023404,3108.2847305407972
residual,per90_sliding_tackles,0.23216772118,0.232040295,0.00564604592462077,0.223013933,0.241752807,0.2349626074288459,-0.0027948862488458848,0.9996201973590207,3019.7610710249464,3215.8772475918254
residual,per90_dribbles_against,0.30168951381,0.30166739,0.00738486880775344,0.289721507,0.3142353845,0.3067147432435006,-0.005025229433500644,1.000733687258838,3171.98142273748,2629.372686972594
residual,rate_defensive_duels_won,0.2159372167775,0.215834465,0.0053249868060067,0.2072646765,0.2249543575,0.2198009848213745,-0.003863768043874505,0.9998832110562004,2948.9948931795248,3019.8530950017766
residual,rate_offensive_duels_won,0.189459644195,0.18927959,0.00459697733624059,0.182131725,0.197102911,0.18968662895088068,-2.2698475588067701e-4,1.0003704737559185,3275.8711185787815,3203.178511774739
residual,rate_aerial_duels_won,0.1800123813275,0.179890825,0.00434421187785599,0.173172726,0.187364992,0.18452080022106881,-0.004508418893568816,1.0007286766962986,3326.1511513209975,3294.6851318305644
residual,rate_dribbles_against_won,0.342187361815,0.342035505,0.00827227116070837,0.32883375400000003,0.356069673,0.32845657887595237,0.013730782939047614,0.999489951623268,2853.8326439236557,2899.6485378789994
residual,rate_successful_sliding_tackles,0.19274005033,0.19266465,0.00459287497613385,0.185183115,0.2003554985,0.19670053651139255,-0.003960486181392553,1.0003913733651668,3074.858735656716,3277.091256143075
residual,per90_fouls,0.3583195415725,0.35820635,0.00874486574477281,0.344023131,0.372847028,0.36086272077328924,-0.002543179200789225,1.0001268320715746,2814.5245525112705,3169.4293796544985
residual,per90_fouls_suffered,0.167854678145,0.167738265,0.00402685891379286,0.1613416215,0.1747396695,0.17276363356486216,-0.0049089554198621654,0.999762183012668,2559.646230956409,3042.7437500255114
residual,per90_yellow_cards,0.1343320518725,0.13424084,0.00329011368238604,0.1289215235,0.1397523195,0.1337574054498262,5.746464226737968e-4,1.002089743375351,2666.1587191240915,2794.4799006761978
