parameter,observed_variable,mean,median,sd,q5,q95,truth_value,error,rhat,ess_bulk,ess_tail
psi_a_sd,per90_goals,0.4176972985875,0.415078395,0.12726872498307462,0.2779182435,0.560885098,0.27521977648139,0.14247752210610998,1.7368778437251031,6.175816325824983,151.85732732645053
psi_a_sd,per90_assists,0.27872280251,0.27895344499999997,0.01436461923555636,0.255529344,0.30218472999999996,0.30530939125455914,-0.02658658874455916,1.0051805958944005,986.594065272941,2065.56626095549
psi_a_sd,per90_xg_shot,0.2352051831,0.235198665,0.00952818750688853,0.2196058725,0.2513041215,0.2241500592790544,0.01105512382094559,1.0064590138227725,1194.6591997679884,2249.698983013977
psi_a_sd,per90_xg_assist,0.13635730457375,0.136830815,0.01204226375812426,0.116104088,0.15565151500000002,0.15186624606139956,-0.015508941487649558,1.0065427518991923,819.63576915963,1166.029761826321
psi_a_sd,per90_shots,0.273114586655,0.27328046500000003,0.01455525950264608,0.2483351045,0.296155155,0.27613694160245356,-0.003022354947453565,1.0053210511668371,1242.028786079698,2477.737990749981
psi_a_sd,per90_head_shots,0.2425716145025,0.24260471,0.01426510974771673,0.2189497845,0.266150572,0.25149156600236894,-0.008919951499868933,1.0037035919210295,1163.3135909745092,2144.969654637692
psi_a_sd,rate_shots_on_target,0.2954934664225,0.295213455,0.01123654424804175,0.277107851,0.3143050725,0.2875734295230359,0.007920036899464133,1.000540106991504,1650.6241134565803,1968.848535003319
psi_a_sd,rate_goal_conversion,0.167541591115,0.16786077,0.01239067148191049,0.146707375,0.1873080705,0.18440189943648874,-0.016860308321488743,1.0013396771126728,1210.6322276674653,1891.9770558384944
psi_a_sd,per90_received_pass,0.3037553723625,0.303456975,0.00961614426136234,0.28857546549999996,0.319779124,0.31607673112303014,-0.012321358760530143,1.00191905703427,1509.5437392677093,2369.616895366899
psi_a_sd,per90_passes,0.15935359842,0.15939551000000002,0.01371794382404123,0.136890364,0.1824400715,0.1588750255294144,4.7857289058558794e-4,1.0018989625697523,1257.0930207037009,2110.0534738654897
psi_a_sd,per90_forward_passes,0.16325488626,0.16315954,0.01114235024189532,0.1447044635,0.181487811,0.16086984584107994,0.0023850404189200702,1.001478460479293,1407.6415642908107,2001.6016415369145
psi_a_sd,per90_back_passes,0.2189677091375,0.218874635,0.01037821945367717,0.2023011565,0.235958394,0.20783201404847204,0.011135695089027953,1.001474946571984,1460.7404020136123,2358.644790427384
psi_a_sd,per90_lateral_passes,0.2230936971725,0.22318508,0.01405204055623884,0.1999351365,0.2461511635,0.22427706019952892,-0.0011833630270289275,1.00487346813641,1193.3777738902056,1692.3157193162333
psi_a_sd,per90_long_passes,0.284032834085,0.283924415,0.01277295984725547,0.2631572485,0.30514297449999994,0.2968199370894581,-0.012787103004458067,1.0014262355521255,1542.0915331171082,2527.754812776073
psi_a_sd,per90_smart_passes,0.306703674425,0.306717665,0.00957830869448334,0.29077029299999996,0.3225926325,0.3184902678709477,-0.01178659344594768,1.0013417089060497,1373.5997528119372,2205.094100071294
psi_a_sd,per90_progressive_passes,0.252901007725,0.25269941500000004,0.01233221088242318,0.2327099475,0.27330315450000003,0.23833100595511494,0.014570001769885071,1.0010903980789685,1445.6562431855052,2338.3249050666686
psi_a_sd,per90_passes_to_final_third,0.16146001432,0.161547625,0.01113093514123357,0.1427876875,0.1792633515,0.1658473303541541,-0.0043873160341540984,1.0061409033942896,877.527407907392,1906.9260660022985
psi_a_sd,per90_key_passes,0.2824669286125,0.28240585500000004,0.01232978880944463,0.26239977600000003,0.30276085050000007,0.28056428870186206,0.0019026399106379377,1.000676680461284,1297.7206649582372,2220.241530273345
psi_a_sd,per90_through_passes,0.2392565265,0.239107365,0.00899652386132364,0.224703575,0.254157357,0.2451539092697203,-0.005897382769720294,1.0021581443334369,1395.4618009725352,2519.370623189111
psi_a_sd,per90_crosses,0.2049000213,0.20499217,0.01060009332068866,0.1876162085,0.2221166465,0.2162941518239677,-0.011394130523967677,1.0048627168929452,1229.9455921092313,1980.1592346023465
psi_a_sd,per90_shot_assists,0.33537177961,0.335135705,0.01477808052709397,0.3117737125,0.3600850155,0.33512018579058345,2.5159381941652903e-4,1.0011978437183089,1599.024184367146,2748.3071242398446
psi_a_sd,rate_successful_passes,0.3518552451575,0.35168284000000005,0.01212493184444487,0.3326646725,0.372368175,0.3402265962213278,0.011628648936172215,1.0082750957827404,1294.3544391226856,2454.861101646026
psi_a_sd,rate_successful_progressive_passes,0.325194849295,0.3250693,0.00958112691588428,0.309757369,0.3413554315,0.3148377948440611,0.010357054450938874,1.0039825745090534,1449.6051535740355,2288.545795559968
psi_a_sd,rate_successful_crosses,0.2221251870275,0.22255539,0.01404206909823148,0.19866675699999997,0.2450083115,0.22722420589998363,-0.005099018872483624,1.001849308049117,1385.6930105264382,2640.293103608179
psi_a_sd,per90_dribbles,0.3308679926975,0.33071254,0.00939085662985746,0.3157347375,0.34659185400000003,0.3377472493331879,-0.0068792566356878915,1.0019784092047597,1414.5538711036088,2490.721371422705
psi_a_sd,per90_progressive_run,0.2224562647975,0.22306726,0.01435400268372299,0.1982738955,0.245746924,0.2096157462336123,0.01284051856388771,1.0034845514604744,1240.9575262519936,2179.8913498616143
psi_a_sd,per90_accelerations,0.26840265697,0.26840709500000004,0.00953084019263452,0.25271580450000003,0.28388741500000003,0.2483562816865742,0.020046375283425788,1.0010222988890698,1598.9771588680794,2556.4872386211455
psi_a_sd,rate_successful_dribbles,0.292374061415,0.292243605,0.00884307847795623,0.27795493899999996,0.307319274,0.27716456074267626,0.01520950067232374,1.0028631499689284,1456.7344004922995,1826.797441853474
psi_a_sd,per90_touch_in_box,0.30382593239,0.30363811500000004,0.00977811012744151,0.287756956,0.3201384465,0.3050874386914074,-0.0012615063014074224,1.0030905129072216,1578.561831469393,2675.652363099913
psi_a_sd,per90_losses,0.2752515248925,0.274962685,0.01071224593260293,0.2579016055,0.2927450655,0.2852929872926324,-0.010041462400132428,1.001785410220529,1338.063007474455,2627.0659986748906
psi_a_sd,per90_own_half_losses,0.2968576323075,0.29649369999999997,0.01506233841401653,0.27280086000000003,0.321906288,0.30889765019528564,-0.012040017887785637,1.0024655925903665,1432.5494656059216,2366.842329964631
psi_a_sd,per90_dangerous_own_half_losses,0.17557735134,0.17565354,0.01230034974556676,0.15493939250000002,0.195516823,0.1925560346804559,-0.016978683340455908,1.0005694887005063,1433.3924892622192,2164.371352413319
psi_a_sd,per90_recoveries,0.1614367830525,0.161425135,0.0121834954374806,0.141509281,0.1816283985,0.15168263474479318,0.009754148307706823,1.0010882110722128,1156.5868058655765,1940.3186058862716
psi_a_sd,per90_opponent_half_recoveries,0.2585366706425,0.25869884,0.01268561790957173,0.2376026295,0.279386808,0.2703916404861957,-0.011854969843695662,1.0010837071879513,1450.425878514954,2420.5633461762764
psi_a_sd,per90_dangerous_opponent_half_recoveries,0.3271887958725,0.32690697,0.01043222729060022,0.3101119255,0.3449292595,0.3276641982141882,-4.754023416881914e-4,1.0024716039154544,1206.785737831306,2063.4549262414616
psi_a_sd,per90_interceptions,0.17932649738,0.1794751,0.0106214623717601,0.1614165885,0.196450246,0.1735204355791211,0.005806061800878892,1.0006992204071825,1293.7784222848882,1825.2820163262231
psi_a_sd,per90_clearances,0.1722200954075,0.17267355,0.01377738534060311,0.14954512050000002,0.1943907265,0.16218081125989556,0.010039284147604438,1.005100179446386,1462.2823254059138,2152.2054962019847
psi_a_sd,per90_shots_blocked,0.3395963433275,0.339645835,0.01362005934192234,0.3170196175,0.3618424405,0.33360645100474356,0.005989892322756429,1.0011899532751516,1518.465927733837,2184.5872487020893
psi_a_sd,per90_defensive_duels,0.3440129372725,0.34403286499999997,0.0116933090874996,0.32502588299999996,0.3634763935,0.34561137580312784,-0.0015984385306278548,1.003006037075017,1502.986251978282,2564.5453662890072
psi_a_sd,per90_offensive_duels,0.31101571864,0.310778055,0.00960429434890911,0.29531944649999997,0.326869561,0.31601514089852567,-0.0049994222585256765,1.0009240414931757,1427.238241632837,2553.665360209094
psi_a_sd,per90_aerial_duels,0.2904620560675,0.290366515,0.01001175169532221,0.2736733105,0.30716510750000003,0.294991264026612,-0.004529207959112047,1.001083103673392,1636.577537162315,2519.082720550158
psi_a_sd,per90_pressing_duels,0.1992117736825,0.199721645,0.01641271942923259,0.171927589,0.225453207,0.18245926578529179,0.016752507897208224,1.0050386924981158,1065.3576709993454,1801.2342464791816
psi_a_sd,per90_loose_ball_duels,0.3469848238075,0.34690603,0.01017620387717235,0.330423394,0.363329382,0.3459886292926967,9.961945148033169e-4,1.004070332008827,1376.2725833794498,2749.121991260113
psi_a_sd,per90_sliding_tackles,0.1693321228375,0.16925901999999998,0.0123037193568095,0.1492286445,0.1896060075,0.16084582176990805,0.008486301067591934,1.0014522778425845,1083.7401066843788,1714.1012757062906
psi_a_sd,per90_dribbles_against,0.2177347219125,0.21750294,0.01286924630895479,0.1962604585,0.2387493955,0.20239035012200474,0.015344371790495276,1.001125289744187,1452.0983020046076,2338.2133469212104
psi_a_sd,rate_defensive_duels_won,0.13361058507675,0.133734775,0.01282238268969368,0.112510754,0.1547550585,0.150444862479344,-0.016834277402593995,1.0015485477203447,1077.710171026061,2092.0775578813527
psi_a_sd,rate_offensive_duels_won,0.280586072805,0.28049034500000003,0.01027073052800296,0.26383857199999994,0.297896903,0.2863584810867905,-0.005772408281790542,1.0081360852414762,1354.4585196398732,2453.9457838061203
psi_a_sd,rate_aerial_duels_won,0.3083906716325,0.308188605,0.0101393737107588,0.2917888315,0.3254054975,0.30952936164103445,-0.0011386900085344487,1.001558842137805,1292.1343606589633,2455.578137114279
psi_a_sd,rate_dribbles_against_won,0.195020342725,0.195051085,0.01429505850425022,0.1714374835,0.218863554,0.20808764174580574,-0.01306729902080575,1.004300017652216,1394.0250693113262,2538.5423166390256
psi_a_sd,rate_successful_sliding_tackles,0.2359683856275,0.235750435,0.00999057041393702,0.219946809,0.2522510535,0.23318910477682947,0.002779280850670529,1.0012710536241092,1339.446266763132,2364.087129777179
psi_a_sd,per90_fouls,0.30816896352,0.308203425,0.01409344366232143,0.2849927125,0.331627898,0.3054640626534819,0.0027049008665180896,1.0034746976013589,1203.7964859794492,2267.491387618395
psi_a_sd,per90_fouls_suffered,0.2445759002025,0.244663645,0.00936632267519524,0.2292213995,0.2600535345,0.24240775192156433,0.0021681482809356722,1.0006624720991777,1573.1739176334468,2494.9140571273406
psi_a_sd,per90_yellow_cards,0.305696404875,0.3056608,0.00869335181622149,0.291638352,0.3204251035,0.31043640431016684,-0.004739999435166842,1.002154222162536,1327.6090806566428,2721.9654067329634
psi_b_sd,per90_goals,0.33188931880385497,0.33669019499999997,0.24644924637294616,0.03420558155,0.7014701559999998,0.16602912628790362,0.16586019251595135,1.7373467786949657,6.184986198515221,224.6401156076503
psi_b_sd,per90_assists,0.12322549505625,0.11749902,0.03392620207125221,0.0780343406,0.187916854,0.2065223865187727,-0.0832968914625227,1.0013028203456635,1343.173653008496,2331.5075030094417
psi_b_sd,per90_xg_shot,0.21917586720925,0.209360685,0.06231091276415398,0.13845677499999998,0.3357626165,0.22503470249474047,-0.005858835285490471,1.0149391822304297,1171.454737892696,1790.6881997300377
psi_b_sd,per90_xg_assist,0.2453177673525,0.23642968,0.05813300002988232,0.1696387865,0.3535029229999999,0.20383450923254712,0.041483258119952876,1.0003461732311427,1239.8593671691374,1814.3105024913384
psi_b_sd,per90_shots,0.11852118309,0.112240585,0.03280991329004248,0.07691219684999999,0.18106761699999993,0.1198194483644329,-0.0012982652744328999,1.0016218770376772,1447.023268311319,2573.2237651574032
psi_b_sd,per90_head_shots,0.0776945640435,0.0727896515,0.02455269802072017,0.0470075278,0.12275463149999992,0.09369080750038847,-0.015996243456888465,1.0046787052313553,1442.3315911522775,2260.0404196890845
psi_b_sd,rate_shots_on_target,0.13397959124125,0.127681835,0.03554996119010716,0.087347203,0.20212719899999992,0.11053649138426408,0.02344309985698592,1.0048563972443418,1123.1906994423243,1804.6456815093388
psi_b_sd,rate_goal_conversion,0.3015826560725,0.29269928,0.06951204323991551,0.2068744105,0.42673553349999993,0.22344986679265275,0.07813278927984726,1.0071980086277448,1343.636684745427,1895.7366933590763
psi_b_sd,per90_received_pass,0.249520189085,0.238820025,0.06033745264006092,0.1714691865,0.363791636,0.17898476522881537,0.07053542385618464,1.0031074755911653,1285.6170125822862,1707.270575113251
psi_b_sd,per90_passes,0.21655115342475,0.20678753,0.05728213372477616,0.1419444905,0.3217068729999999,0.1856788915162906,0.030872261908459403,1.007999455258863,1330.8954703070997,2044.5301991307183
psi_b_sd,per90_forward_passes,0.1921878663645,0.184330605,0.04829413194060215,0.1290522555,0.276151958,0.21620584287913516,-0.024017976514635164,1.0004349694310772,1482.418042651835,2282.880631104818
psi_b_sd,per90_back_passes,0.169719978366,0.161908,0.04479893791302504,0.11259093,0.2531245555,0.22088505306746808,-0.05116507470146808,1.001708201174819,1377.2830538327075,2428.237624480349
psi_b_sd,per90_lateral_passes,0.126474584282,0.120157065,0.03557249668545004,0.08179086814999999,0.191023074,0.10017485762713477,0.02629972665486524,1.0033546469889667,1115.7603538165365,1750.132848244752
psi_b_sd,per90_long_passes,0.2634093187675,0.253237515,0.06438033260371212,0.17898311,0.379573061,0.17450804047519342,0.0889012782923066,1.0057145701347248,1043.6858751211282,1919.8887796564088
psi_b_sd,per90_smart_passes,0.08475866206125,0.08066248949999999,0.02415047002698159,0.0541497402,0.129560306,0.12062222574604675,-0.03586356368479675,1.0024063396516405,1244.4916323489117,2039.4232957429108
psi_b_sd,per90_progressive_passes,0.26528670815,0.25644250999999996,0.06465534971404235,0.1805563615,0.3855469074999998,0.1853511393908411,0.07993556875915889,1.007948066477741,1353.0580339383555,2379.6019533466433
psi_b_sd,per90_passes_to_final_third,0.2485417492475,0.238897335,0.06008006059790936,0.1692649205,0.3619803394999999,0.24734192772069943,0.0011998215268005652,1.0010696614405512,1264.2536326926331,2200.362057341723
psi_b_sd,per90_key_passes,0.17619887075649998,0.16885834,0.0455114802397627,0.1172994335,0.2614412084999998,0.24555822980822994,-0.06935935905172996,1.0165809676790434,1020.0293287668042,2329.8248336100833
psi_b_sd,per90_through_passes,0.2368038070925,0.226830915,0.06373788350464177,0.152946827,0.3550270034999999,0.22315610879100858,0.013647698301491429,1.0155849995025743,770.5851640320097,1829.4170052020868
psi_b_sd,per90_crosses,0.173979101037,0.165955605,0.04704296921967235,0.1139762185,0.26375389699999996,0.13634927455335855,0.037629826483641465,1.0084073358572232,1266.7429689807548,1912.4204630635109
psi_b_sd,per90_shot_assists,0.3527729319675,0.340488675,0.07736713014603235,0.25048634999999997,0.497077418,0.24519999346230179,0.1075729385051982,1.0048223379409231,1436.8154041620342,1789.6889107441796
psi_b_sd,rate_successful_passes,0.1707422641045,0.163315475,0.04442109961273524,0.1130370385,0.2528983569999999,0.14459607004188002,0.026146194062619976,1.0043573074298129,1208.7153658896982,2083.8364420582616
psi_b_sd,rate_successful_progressive_passes,0.222094550435,0.2132747,0.05462603913464842,0.151218756,0.3241156954999999,0.19163520442787557,0.030459346007124438,1.0012007520415012,1196.5959703696506,2502.633376908415
psi_b_sd,rate_successful_crosses,0.15834937634675,0.15163384000000002,0.04057013104118603,0.1062107305,0.23518712149999993,0.1856814925558865,-0.027332116209136503,1.0033721874429724,1112.4036340318032,1732.4726032371454
psi_b_sd,per90_dribbles,0.085256099172475,0.08195349,0.03093404098336032,0.04077728625,0.14203645499999998,0.09027112221810966,-0.00501502304563467,1.0368479389748353,157.03736238225062,458.861463853993
psi_b_sd,per90_progressive_run,0.2139659667925,0.20575635,0.05397614807306918,0.14381690600000002,0.31590926699999994,0.23481696123257279,-0.020850994440072795,1.007155916940176,1151.196604137952,2022.4865170144396
psi_b_sd,per90_accelerations,0.16934440044225,0.162580065,0.04322168403588079,0.112704077,0.25191513949999994,0.11592931749066337,0.05341508295158662,1.005353458566388,1038.1769777200177,2173.6011033729274
psi_b_sd,rate_successful_dribbles,0.197935635562,0.189256,0.0506236885975106,0.1340326425,0.289085109,0.14369991421466694,0.054235721347333066,1.002092203035599,1534.965728866542,2203.078580788595
psi_b_sd,per90_touch_in_box,0.09108131791675,0.08667812899999999,0.0258159269364708,0.05820219455,0.13874422549999998,0.1080328935617581,-0.0169515756450081,1.0060218386436746,1244.0891044318062,2244.578831560814
psi_b_sd,per90_losses,0.18409910595875,0.17649641,0.04678069334762008,0.12412515100000002,0.27076151649999997,0.14505035213194786,0.039048753826802146,1.0017994316164296,1381.8003457860816,2278.730964926509
psi_b_sd,per90_own_half_losses,0.20642742604975,0.1973933,0.0545526081845689,0.13697546649999998,0.3124093564999999,0.20468996710609644,0.0017374589436535692,1.0193347111222015,674.0579855069507,1718.142493695753
psi_b_sd,per90_dangerous_own_half_losses,0.128464788114,0.121969405,0.03587519157395547,0.08119283835,0.19553894399999988,0.1378604978346266,-0.009395709720626588,1.0100536988619555,1157.3361485384914,2244.797139391694
psi_b_sd,per90_recoveries,0.2494029957875,0.23938929,0.06028088656689449,0.1697191295,0.36539785899999994,0.24867962765274568,7.233681347543208e-4,1.0010117182285558,1534.6363759231035,2355.3861162314397
psi_b_sd,per90_opponent_half_recoveries,0.2522673788425,0.242413595,0.06047631510250311,0.171488592,0.364809423,0.22812815224518998,0.02413922659731002,1.0017463480668083,1295.9407455213354,1881.1936522772205
psi_b_sd,per90_dangerous_opponent_half_recoveries,0.0973034733035,0.092476437,0.02864504064192257,0.0606934458,0.15228816399999984,0.09112264322582632,0.006180830077673685,1.0012805721172755,1065.7424983424044,2050.9581025416123
psi_b_sd,per90_interceptions,0.27172751577,0.263052665,0.06222922787875713,0.187775062,0.390771204,0.21994989696424452,0.05177761880575546,1.00117962665285,1281.714012823972,2034.598887235331
psi_b_sd,per90_clearances,0.198740121156,0.190379965,0.05134876285443979,0.13155236299999998,0.292722802,0.21740162315778433,-0.01866150200178432,1.0054404129259695,1366.6012477171791,2230.460373358319
psi_b_sd,per90_shots_blocked,0.12060017207925,0.11527744,0.03491698146496853,0.0735638551,0.18705598699999995,0.10137313567800448,0.019227036401245526,1.001519960030074,1070.915118069777,1698.3475856928667
psi_b_sd,per90_defensive_duels,0.33964456187000003,0.32745493000000003,0.07373196243557664,0.240953885,0.48024962549999994,0.22663575252052395,0.11300880934947607,1.0013010490120398,1408.9123231010926,2325.590769838638
psi_b_sd,per90_offensive_duels,0.15735420092025,0.15056349000000002,0.03950448948274408,0.106285005,0.23195463749999992,0.14150893096113576,0.015845269959114228,1.0004082795259162,1264.253372139592,2342.2779209892856
psi_b_sd,per90_aerial_duels,0.1632050526685,0.156437655,0.04099389635995641,0.110925954,0.2387592265,0.20942169435555114,-0.04621664168705114,1.0001834391700866,1384.7960600483834,2201.802213137039
psi_b_sd,per90_pressing_duels,0.216061540075,0.20874701,0.0510856226273328,0.14694979849999998,0.31274016849999986,0.19919559354661032,0.016865946528389686,1.0008174829093328,1687.619369243685,2543.1034286721615
psi_b_sd,per90_loose_ball_duels,0.2402275285075,0.23233531,0.05613116573767028,0.166036295,0.344535908,0.1978814508859068,0.0423460776215932,1.000682049811075,1369.2608583245674,2040.8453868364031
psi_b_sd,per90_sliding_tackles,0.1200783199315,0.11447018,0.03619573598205769,0.073744923,0.18454717049999997,0.08149388128891587,0.03858443864258414,1.0053561267249531,882.1534613435707,1674.5609845710194
psi_b_sd,per90_dribbles_against,0.129614336267,0.124264905,0.03498506964005974,0.083659405,0.19331295449999997,0.11182893404271453,0.01778540222428547,1.0037003970040963,1271.2369981046531,1925.2697913626569
psi_b_sd,rate_defensive_duels_won,0.1206880287905,0.1154278,0.03198939232974834,0.08019895225,0.179696485,0.10391204959712923,0.016775979193370774,1.0017167915055367,1403.3594097506837,2349.5868975228427
psi_b_sd,rate_offensive_duels_won,0.15681679270725,0.14957227499999998,0.03999495872684254,0.105604858,0.22927308599999993,0.1063726402982138,0.050444152409036186,1.003642817529535,1351.9943368693062,2199.9937252676827
psi_b_sd,rate_aerial_duels_won,0.12777919615225,0.121195355,0.03540049819589,0.0828389488,0.194403366,0.19265628041233868,-0.06487708426008867,1.0035901804953125,1233.7520154588144,2232.0004556977465
psi_b_sd,rate_dribbles_against_won,0.114110968682,0.108687095,0.03056119821597639,0.07467029605,0.17079198699999995,0.1636776291183196,-0.04956666043631959,1.0013160117352151,1635.557669533449,2216.0957812431693
psi_b_sd,rate_successful_sliding_tackles,0.2340374481215,0.221648095,0.08133200928568653,0.124907025,0.3916737725,0.22506760247517377,0.008969845646326247,1.029238007839027,208.77970198459693,903.2158009852884
psi_b_sd,per90_fouls,0.349327759045,0.338485305,0.07579782079872756,0.246929942,0.490039773,0.24734626906691118,0.10198148997808884,1.0009955919286628,1661.4363713963,2226.0225429828306
psi_b_sd,per90_fouls_suffered,0.18615222429225,0.17824541,0.0492939405571506,0.1221563925,0.2768470385,0.14193330643931404,0.04421891785293597,1.035437587191333,135.98745442933182,1261.6194063726834
psi_b_sd,per90_yellow_cards,0.069797107095,0.06619330000000001,0.02017165031048676,0.0445615334,0.10708393099999997,0.08535851109772921,-0.015561404002729207,1.001206347784355,1427.9813030308278,2118.060762143279
sigma_epsilon_sd,per90_goals,0.390426448925,0.390362885,0.00489358980302249,0.382212975,0.3985451375,0.39022950173821297,1.9694718678703316e-4,1.012706310501258,708.0195182562236,3361.970162281848
sigma_epsilon_sd,per90_assists,0.53808566588,0.538066945,0.00660666363151204,0.527052234,0.5488144064999999,0.533893080917187,0.00419258496281294,1.001008065895208,3299.58840289314,2890.2998879536217
sigma_epsilon_sd,per90_xg_shot,0.40468720727,0.404609835,0.00461795669016511,0.397306451,0.412285943,0.40557441322598603,-8.872059559860146e-4,1.0011978798999523,2712.642525594745,2882.4235788600513
sigma_epsilon_sd,per90_xg_assist,0.402411904665,0.40241567,0.00475689398205253,0.39461062,0.410201587,0.40231648411136117,9.542055363881419e-5,1.0017387046563886,3082.783729594164,3214.0755769436646
sigma_epsilon_sd,per90_shots,0.616047474825,0.615849885,0.0071100232149251,0.604605062,0.6280394174999999,0.6086949355201796,0.007352539304820382,1.0016822364227973,3174.9178405592725,3402.2297656406654
sigma_epsilon_sd,per90_head_shots,0.59996448805,0.599964215,0.00690606833217569,0.5887847545,0.611486506,0.6125495558371767,-0.012585067787176718,1.0007921822756154,3390.782991764778,3241.904572165254
sigma_epsilon_sd,rate_shots_on_target,0.489796722405,0.489810795,0.00587414024377841,0.480193082,0.4996065655,0.4930883542401716,-0.0032916318351716156,1.00030419348063,3577.6278718364224,2682.43330077782
sigma_epsilon_sd,rate_goal_conversion,0.5104335425775,0.5103337050000001,0.00597789932303697,0.5005634245,0.5203483560000001,0.5074121195590123,0.0030214230184876234,1.0015513266216975,3411.46312201255,3008.9423330590753
sigma_epsilon_sd,per90_received_pass,0.4096590655175,0.40957554,0.00493270105463742,0.4015154865,0.4179677765,0.403233346901834,0.006425718615665987,1.0013775238986666,3296.0976931219307,2949.694015925145
sigma_epsilon_sd,per90_passes,0.5345547408625,0.53457233,0.00621962874398068,0.524464446,0.544761723,0.5315704114036635,0.002984329458836532,1.0005111516852334,3153.805113584104,2533.45302632692
sigma_epsilon_sd,per90_forward_passes,0.460664142015,0.460465405,0.00539043771505689,0.45202012099999994,0.469641577,0.4597886126721278,8.755293428722166e-4,1.0003475245388498,3126.4666946769576,3037.961740473449
sigma_epsilon_sd,per90_back_passes,0.44552347705,0.445479525,0.00513982421913479,0.4371140795,0.454162887,0.44681180655024944,-0.00128832950024943,1.0004809837951152,3258.3800447667268,3204.870945556603
sigma_epsilon_sd,per90_lateral_passes,0.5869418308125,0.5868492700000001,0.00689062468255579,0.5757882535,0.59837603,0.591104886145331,-0.004163055332831012,0.9998611411349564,2825.284501640654,3206.423804985133
sigma_epsilon_sd,per90_long_passes,0.5292701266,0.529155195,0.00649767832486288,0.518613701,0.539971763,0.5288060308201239,4.6409577987605033e-4,1.0008900737260142,4089.6269050735073,3319.43593436843
sigma_epsilon_sd,per90_smart_passes,0.375770383635,0.37580745,0.00450419390042725,0.368397442,0.383313319,0.3754167048959061,3.536787390938656e-4,1.0001506099841977,3695.00763111076,2807.250414203062
sigma_epsilon_sd,per90_progressive_passes,0.52267258893,0.5225364699999999,0.0063332135583088,0.5126441509999999,0.533372949,0.5186596556566656,0.004012933273334407,1.0007490131967611,3038.5499622317625,2713.8578531010426
sigma_epsilon_sd,per90_passes_to_final_third,0.443957344235,0.443852055,0.00531010488286239,0.4355670545,0.4528943655,0.44871773216873406,-0.004760387933734067,1.0018250087319642,2511.1754196248316,3035.5352443373963
sigma_epsilon_sd,per90_key_passes,0.5589847610925,0.5587696,0.00664815413804452,0.5483067035,0.570033107,0.5672098980285227,-0.008225136936022781,1.0019388402129448,3048.428056045438,2919.532290537899
sigma_epsilon_sd,per90_through_passes,0.3854346530475,0.38534735,0.00451335089012445,0.3780612005,0.392886115,0.3832977312384173,0.0021369218090827036,1.0032078264513025,3431.5067424728345,3373.784984004584
sigma_epsilon_sd,per90_crosses,0.4500985735375,0.44997633,0.00533756827750927,0.441507057,0.4589116925,0.44755454019177704,0.0025440333457229514,1.0026424210049223,2937.8424942197944,2983.7221841281607
sigma_epsilon_sd,per90_shot_assists,0.601847267605,0.6018221699999999,0.0071493254322874,0.5904504555,0.6135046909999999,0.6032801979221404,-0.001432930317140424,1.002183434028475,3359.022788389449,3353.2430694671057
sigma_epsilon_sd,rate_successful_passes,0.528058334025,0.527937075,0.00634181036488186,0.517906103,0.5385553184999999,0.5310720786219463,-0.003013744596946255,1.002720502565954,3292.34649406728,3157.810303165973
sigma_epsilon_sd,rate_successful_progressive_passes,0.37064568798,0.370556725,0.00447712529569805,0.363413303,0.378119363,0.3727725320495665,-0.0021268440695664803,1.000179376855523,3565.702540772994,2859.4019188770667
sigma_epsilon_sd,rate_successful_crosses,0.594345756285,0.59446387,0.00680233294503719,0.583097648,0.6054657630000001,0.5965807593194768,-0.002235003034476879,1.000625543901904,3195.5003624298042,2904.179577638355
sigma_epsilon_sd,per90_dribbles,0.37184190568,0.371835515,0.00446670166298525,0.364514809,0.37919203299999993,0.37124657919630405,5.953264836959238e-4,1.0009139254823547,3682.6790957770113,3000.762475154393
sigma_epsilon_sd,per90_progressive_run,0.5713731079225,0.571233375,0.00679297950443196,0.5603411555000001,0.5825732199999999,0.580991642549634,-0.009618534627134023,1.0007647963840167,3618.749195801151,3110.3245388041446
sigma_epsilon_sd,per90_accelerations,0.4109618326075,0.411003915,0.00487540011837604,0.4028927225,0.41909126,0.42079228174407035,-0.00983044913657033,1.0000090205710472,4168.587053142429,3069.553883655478
sigma_epsilon_sd,rate_successful_dribbles,0.3712870065525,0.371289785,0.0045027967025404,0.364098507,0.37876476499999995,0.37287730583921075,-0.001590299286710728,1.0003189473042566,3179.23315459412,3114.407004014266
sigma_epsilon_sd,per90_touch_in_box,0.4105435766475,0.410517155,0.00480426066686437,0.4027476035,0.41856463,0.40873510597739365,0.0018084706701063658,1.0015705947771911,3696.871873535271,3664.024107659198
sigma_epsilon_sd,per90_losses,0.469755536365,0.46960161499999997,0.00570265312766789,0.4604940725,0.4792975745,0.45897453352808953,0.01078100283691047,1.0006916304760725,3554.3101677830173,3423.2533970746367
sigma_epsilon_sd,per90_own_half_losses,0.6417675187525,0.641690995,0.00771365750301528,0.6292718005,0.6545350575,0.6409873377298937,7.801810226063521e-4,1.0004456889933795,3177.493229637904,2704.8234336165424
sigma_epsilon_sd,per90_dangerous_own_half_losses,0.522141929665,0.522198745,0.00601099393769407,0.5122723875,0.532406436,0.5225868782727048,-4.4494860770483147e-4,1.000071062019016,3359.8500664997377,3182.5859054908874
sigma_epsilon_sd,per90_recoveries,0.492084587215,0.492121075,0.0056582073949744,0.482843995,0.5014282425,0.4956804625457153,-0.0035958753307153146,1.0013636058996005,2992.1667768776115,3053.7441515065093
sigma_epsilon_sd,per90_opponent_half_recoveries,0.5443865652,0.54419823,0.0064049705813271,0.533966701,0.5554049474999999,0.5375033325050026,0.006883232694997354,1.000516355950282,3430.268129496483,3113.989848850036
sigma_epsilon_sd,per90_dangerous_opponent_half_recoveries,0.4160738093925,0.41597661,0.00513987587552205,0.407699682,0.4245891040000001,0.4109584866790101,0.0051153227134899115,1.0018398832854989,3262.339218617094,3227.016688540355
sigma_epsilon_sd,per90_interceptions,0.442661302445,0.442700795,0.00525913493168988,0.434145335,0.4513704015,0.44087031425442547,0.0017909881905745495,0.9997887130697568,3010.709533718013,2997.2030670700487
sigma_epsilon_sd,per90_clearances,0.553874103735,0.5537595049999999,0.00639046092633873,0.543393671,0.5644057594999999,0.5571974234189838,-0.0033233196839838053,1.0011420050662962,3711.7556867313783,3012.8396559879
sigma_epsilon_sd,per90_shots_blocked,0.5948655289425,0.59476748,0.00710266972620845,0.583269223,0.6065877454999999,0.5962989558232948,-0.0014334268807948414,1.0008157444071448,3365.8802094773387,3037.894140323425
sigma_epsilon_sd,per90_defensive_duels,0.497045489255,0.497018635,0.00585268907693354,0.4874341125,0.5067376579999999,0.5063372637610882,-0.009291774506088257,1.00167114110973,2920.728245830048,3119.0867393007293
sigma_epsilon_sd,per90_offensive_duels,0.3699534061325,0.369907655,0.00447256406874026,0.3626878025,0.377450875,0.3756499465787783,-0.00569654044627832,1.0004549308900312,3082.213515344519,3164.9817397085303
sigma_epsilon_sd,per90_aerial_duels,0.4157419048475,0.415597925,0.00503939130110912,0.4076261465,0.4241956065,0.42048718123696743,-0.004745276389467423,1.0006824768442044,3419.029528407881,3139.728265412196
sigma_epsilon_sd,per90_pressing_duels,0.6117731313925,0.6117738349999999,0.00712491485150579,0.600272827,0.623580452,0.6235986579209566,-0.011825526528456587,1.000532987699624,2656.7868377703485,3026.2559363355595
sigma_epsilon_sd,per90_loose_ball_duels,0.402601794945,0.402531875,0.00484654138426611,0.3946639689999999,0.4104688585,0.4004091427195817,0.0021926522254182568,1.0012189710471997,4036.4548643248463,3157.9495593896145
sigma_epsilon_sd,per90_sliding_tackles,0.480129337035,0.480148695,0.0056224168100079,0.4708712185,0.489517676,0.4847294167149812,-0.004600079679981217,1.0016563236131992,2656.655026120095,2772.804867246198
sigma_epsilon_sd,per90_dribbles_against,0.547740227995,0.5477061249999999,0.0065080057659354,0.5371242315,0.5585559994999999,0.5538183305412531,-0.0060781025462530724,1.0003735277161578,3013.7513734697854,2805.3977811888453
sigma_epsilon_sd,rate_defensive_duels_won,0.46341938254,0.46324277,0.00544916381601624,0.454650793,0.472555557,0.46882937708869576,-0.0054099945486957846,0.999812748883584,2885.3052029296755,2964.59466115594
sigma_epsilon_sd,rate_offensive_duels_won,0.4344490935025,0.4344145,0.00530872364448108,0.4258470055,0.443346464,0.43553028476890177,-0.0010811912664017709,1.0014047332267877,3224.273634023667,3238.69971712641
sigma_epsilon_sd,rate_aerial_duels_won,0.42372853263,0.42372026,0.00507649068816856,0.4153436754999999,0.4321127765,0.4295588437234983,-0.005830311093498297,1.0006658818715122,3247.2465355344234,3147.704889629962
sigma_epsilon_sd,rate_dribbles_against_won,0.582584023095,0.5823343299999999,0.00674547189099421,0.571695322,0.594134966,0.5731113145593554,0.009472708535644636,1.0014402891796652,3048.4335312768103,2992.377464562484
sigma_epsilon_sd,rate_successful_sliding_tackles,0.437947284895,0.437944645,0.00523204761471393,0.429464283,0.446529716,0.44350934207905085,-0.005562057184050839,1.001666739297364,3073.3981722919675,3055.7666691979666
sigma_epsilon_sd,per90_fouls,0.5964451704025,0.596483385,0.00701694162560996,0.5851654585,0.6083163290000001,0.6007185037713498,-0.00427333336884983,1.0008853891533565,3124.7473283509835,2862.5993965786583
sigma_epsilon_sd,per90_fouls_suffered,0.4089036710825,0.408842325,0.00477040794019122,0.401112632,0.41687884099999994,0.4156484494917095,-0.0067447784092095064,1.001431338899547,3035.922683254754,2677.9504274471847
sigma_epsilon_sd,per90_yellow_cards,0.3668973628275,0.366728405,0.00449579568874026,0.35967330649999996,0.374687836,0.3657285953406244,0.0011687674868756104,1.0009284908152531,3562.4756060522873,3442.527879717469
Sigma_a_diag,per90_goals,0.295809109875,0.29530132,0.01321836693856786,0.2752310425,0.3185423105,0.2785747881351361,0.01723432173986389,1.0042543006111742,955.3427646092812,1901.8198057430095
Sigma_a_diag,per90_assists,0.7605573552075,0.7594535099999999,0.0308377169813953,0.7117463039999999,0.8128760294999999,0.7207426461779534,0.03981470902954665,1.0060955901061417,469.9718740815928,1292.6426155662043
Sigma_a_diag,per90_xg_shot,0.1779143987875,0.177758865,0.00849339457806773,0.164191314,0.1920477635,0.16908153466284168,0.008832864124658335,1.0053780938708694,983.1082379065095,1885.009966843073
Sigma_a_diag,per90_xg_assist,0.2980512732275,0.29773107,0.01238248373255116,0.2785081545,0.318948842,0.2721289830458493,0.02592229018165071,1.0049623525678923,563.4062045237807,1230.7175255187285
Sigma_a_diag,per90_shots,0.236321364655,0.236038095,0.01324304553793473,0.2154340535,0.2589678665,0.2366957708593324,-3.744062043324059e-4,1.0041098695533324,1488.330396219145,2660.50086589412
Sigma_a_diag,per90_head_shots,0.1546015798625,0.15445218,0.0101471383729857,0.1383956965,0.17156228950000002,0.14856056309448956,0.006041016768010443,1.0064389329433687,1618.8004224625577,2636.855454529059
Sigma_a_diag,rate_shots_on_target,0.11073574482475,0.1105247,0.0073941232368728,0.0989223019,0.1233034915,0.09916312383397889,0.01157262099077111,1.0021287428866572,1808.4418946637072,2830.534428836324
Sigma_a_diag,rate_goal_conversion,0.1330776029275,0.133016075,0.00782408151818652,0.1202284285,0.1462419585,0.12587885283289052,0.007198750094609491,1.0028879241197477,1051.2962285127237,2451.9713046347783
Sigma_a_diag,per90_received_pass,0.11583350848225,0.115608275,0.00669318623588579,0.105270702,0.12705311449999998,0.12465804298096808,-0.008824534498718076,1.0013827883957187,1497.8023832616334,2408.051844120865
Sigma_a_diag,per90_passes,0.06421298115675,0.06393370500000001,0.00578174092429026,0.05511557105,0.07420650725,0.0572478965559363,0.006965084600813701,1.0010630228356516,1725.5991321502015,2877.4174568841327
Sigma_a_diag,per90_forward_passes,0.032070026686,0.03193654749999999,0.00382586181550594,0.0259835956,0.03837542044999999,0.029689489127732067,0.002380537558267934,1.001028582804694,1452.4578302645684,1917.241582657932
Sigma_a_diag,per90_back_passes,0.11594196493625,0.115812415,0.00686855376640515,0.104925156,0.127505825,0.10403013130667903,0.011911833629570975,1.0028362240733046,1449.423425158296,2784.1705627039064
Sigma_a_diag,per90_lateral_passes,0.12503982935475,0.12467231,0.00905682769590599,0.1107053025,0.14046958049999997,0.11834279499255815,0.0066970343621918504,1.0038049735117742,1539.6930396460375,2243.0360859114494
Sigma_a_diag,per90_long_passes,0.21563537216,0.215474145,0.01158505787333401,0.197123863,0.235164004,0.22594555936003646,-0.010310187200036458,1.0056132923942165,1380.6841515662568,2167.9458930381747
Sigma_a_diag,per90_smart_passes,0.2250527633575,0.224882615,0.00991696015479844,0.2093544225,0.24185042949999996,0.2186021163023788,0.006450647055121189,1.0024459357907285,1026.4346014152609,2005.8135508596995
Sigma_a_diag,per90_progressive_passes,0.10781901008325,0.10760526,0.00791543298407111,0.0952561308,0.1215177975,0.09691694922739097,0.010902060855859028,1.0025508103690972,1749.6551549882456,2616.850080077729
Sigma_a_diag,per90_passes_to_final_third,0.05748969527475,0.0573671905,0.00477907149904304,0.04981219439999999,0.06542930940000001,0.053504512803372754,0.003985182471377247,1.006386753875519,1215.7711628160484,2769.365590997182
Sigma_a_diag,per90_key_passes,0.114520278669,0.114480985,0.00799393334763164,0.101655836,0.12788634000000002,0.11110421231588055,0.0034160663531194457,1.0020563408575571,1585.1162096429018,2621.459922718451
Sigma_a_diag,per90_through_passes,0.1733000426275,0.172962335,0.00828543325442113,0.1600576395,0.187267007,0.16470913231403572,0.00859091031346429,1.0021516661991694,990.7387394594256,2291.9514030175415
Sigma_a_diag,per90_crosses,0.0761185899215,0.075921354,0.00551038770172449,0.06711602405,0.08512806590000001,0.08209951268062102,-0.005980922759121016,1.0032739656091945,1528.3891050291495,2507.972779106726
Sigma_a_diag,per90_shot_assists,0.3526317080525,0.352448505,0.01819475465666051,0.3231250615,0.382645319,0.35897663077535014,-0.006344922722850144,1.0103197943998887,1134.731333346018,2821.4649468403045
Sigma_a_diag,rate_successful_passes,0.16763358643,0.167514165,0.01001205121867657,0.151651421,0.18468981,0.166841463400424,7.92123029576014e-4,1.0042764759373162,1477.528738428496,2437.4699259649888
Sigma_a_diag,rate_successful_progressive_passes,0.2122902157,0.21194991,0.00957230024811134,0.197149999,0.2286011015,0.18269931420146146,0.029590901498538547,1.0057367209154588,1090.836116788389,1943.755831082381
Sigma_a_diag,rate_successful_crosses,0.1540105535975,0.15382352500000002,0.0101067539685523,0.137938835,0.17083159549999996,0.13903001045715074,0.014980543140349245,1.0009895657219143,1318.7448898718326,2190.171430474489
Sigma_a_diag,per90_dribbles,0.1908430878375,0.19076371,0.00883573680716209,0.1768753235,0.205697176,0.182946413845815,0.007896673991685005,1.0057260026352466,1417.7121779971883,2205.0899238781935
Sigma_a_diag,per90_progressive_run,0.3467370844975,0.34612798499999997,0.0165949882621366,0.31982131550000004,0.3748909275,0.32955434870444783,0.017182735793052184,1.005094175386595,722.6994582891396,1811.852075464933
Sigma_a_diag,per90_accelerations,0.2509417020125,0.25076308999999997,0.01120228895939728,0.232729282,0.26981762849999996,0.227454475355619,0.023487226656880994,1.0021057059135583,783.2238481713332,1507.0198225246152
Sigma_a_diag,rate_successful_dribbles,0.1030850651455,0.102987565,0.00576940184364356,0.09379615105,0.112911185,0.0925903547479194,0.010494710397580598,1.0040252371069696,1612.929918207542,2539.6005514779654
Sigma_a_diag,per90_touch_in_box,0.1824132112875,0.182094495,0.00889982106595277,0.16855110350000002,0.197563638,0.17844260950961377,0.003970601777886218,1.004417849996034,1395.792645720992,2350.7463067032077
Sigma_a_diag,per90_losses,0.0995880372615,0.099464362,0.00661283231454265,0.0889074195,0.1109416205,0.10196259227187623,-0.002374555010376228,1.0005158986325255,1580.8855938047525,2532.9639893644207
Sigma_a_diag,per90_own_half_losses,0.14740920698,0.14702661,0.0107988502334388,0.13007776999999998,0.16560692850000003,0.15127689483286771,-0.0038676878528677017,1.0031175434914943,1623.4643894843698,2701.896603803061
Sigma_a_diag,per90_dangerous_own_half_losses,0.1634844066875,0.16308875,0.00910634932433668,0.149291179,0.17895816,0.1556027813370851,0.007881625350414895,1.0013937187354482,1072.3559540426606,1986.3037855203236
Sigma_a_diag,per90_recoveries,0.0600354339515,0.059797109,0.0051036965078859,0.0518508823,0.06862245445,0.05367326488223943,0.00636216906926057,1.0001112288016896,1485.3204075986882,2616.884163334469
Sigma_a_diag,per90_opponent_half_recoveries,0.1901407444125,0.18994933,0.01097072205671945,0.1726297945,0.2080670395,0.18610051235277095,0.00404023205972906,1.0118582103760512,1121.6348596677758,2332.3915224813577
Sigma_a_diag,per90_dangerous_opponent_half_recoveries,0.2715003959225,0.271183595,0.01225265761610722,0.2519477485,0.29198228699999995,0.26902493388905885,0.002475462033441178,1.002036439219817,1176.0060899358475,2045.0847196702784
Sigma_a_diag,per90_interceptions,0.0739739335685,0.0739244345,0.00512992256182206,0.06568329725000001,0.08265683154999999,0.06499732032019373,0.008976613248306273,1.0005390387258979,1824.87709392107,2460.164712044864
Sigma_a_diag,per90_clearances,0.06245904931575,0.0624335895,0.00602881911192565,0.05291130205,0.07267446435,0.05047927529145384,0.011979774024296161,1.0008736482162697,2078.1722021322803,2554.366466681793
Sigma_a_diag,per90_shots_blocked,0.291006516725,0.29052603499999996,0.01549872849789535,0.2662740575,0.3170663295,0.28850090412382456,0.002505612601175433,1.0064055176228537,1020.850130200349,2008.654890409127
Sigma_a_diag,per90_defensive_duels,0.1380366090375,0.137927005,0.00878380067706859,0.124222081,0.153073821,0.13972143618100696,-0.0016848271435069562,1.0028082425228075,1504.6449011167804,2556.398375079894
Sigma_a_diag,per90_offensive_duels,0.177620842105,0.1773611,0.00871176294890828,0.16386423600000002,0.19242325249999995,0.18129061467818497,-0.0036697725731849595,1.0080206246667391,1218.0248736787585,2629.205566329474
Sigma_a_diag,per90_aerial_duels,0.1333364407925,0.13297951000000002,0.00741282081965618,0.1213687535,0.145903802,0.13595685704865787,-0.0026204162561578592,1.0001327949859846,1676.8715147478856,2699.400878838083
Sigma_a_diag,per90_pressing_duels,0.1122148828395,0.11181685,0.00879549578935014,0.0981623478,0.12759522199999998,0.11095808641640229,0.0012567964230977141,1.0037873938383397,1434.0771262402027,2922.574270269731
Sigma_a_diag,per90_loose_ball_duels,0.3254497724975,0.325171955,0.01380176711578263,0.303666678,0.34843998,0.28937919362856035,0.03607057886893966,1.0026614490917056,912.4274790608238,1548.0421911565934
Sigma_a_diag,per90_sliding_tackles,0.1093539514855,0.109240535,0.00697036571313097,0.098197873,0.121016051,0.09989383163546671,0.009460119850033297,1.0033331754945616,1774.3406062812485,2504.4499770377233
Sigma_a_diag,per90_dribbles_against,0.0818851433635,0.081702581,0.00698521944507572,0.07091852559999999,0.0938401876,0.07184553529221897,0.010039608071281028,1.0009709822200277,1598.1493173445722,2921.2541627454784
Sigma_a_diag,rate_defensive_duels_won,0.138607505875,0.13837401,0.00771109358465685,0.126263906,0.151888739,0.13013571705332397,0.00847178882167604,1.0033667700985482,833.9042883574599,1832.9692337516367
Sigma_a_diag,rate_offensive_duels_won,0.1423476596,0.142333555,0.0079221933336657,0.12971846,0.1555609165,0.14710706475153046,-0.004759405151530449,1.003721634032858,1734.353805677166,2649.6076983552093
Sigma_a_diag,rate_aerial_duels_won,0.11548693138025,0.115337345,0.0069741297914033,0.104376709,0.127146259,0.11209112283898752,0.0033958085412624794,1.0019798588753588,1500.3817773970302,2339.2570589753755
Sigma_a_diag,rate_dribbles_against_won,0.05541051505725,0.0551910035,0.00635393398208867,0.04523774795,0.0662350438,0.06888426417748207,-0.013473749120232074,1.0013633333622851,1608.9547298366797,2455.8821320775596
Sigma_a_diag,rate_successful_sliding_tackles,0.12858104621,0.128466365,0.00728439400747844,0.1169287845,0.14079448949999998,0.12631740682357614,0.002263639386423849,1.0058145635917624,1424.9061576209078,2716.372475040898
Sigma_a_diag,per90_fouls,0.3117469964575,0.31109359999999997,0.01603080647029136,0.2862452795,0.33889101,0.29673707603410704,0.015009920423392942,1.0041741276426872,1222.167492723336,2415.064653336933
Sigma_a_diag,per90_fouls_suffered,0.13705346991,0.13689487,0.00716809002065963,0.1254714215,0.14918883949999998,0.12489661188936549,0.012156858020634514,1.004407736726731,1441.446747278616,2282.9683037474574
Sigma_a_diag,per90_yellow_cards,0.11441573611725,0.1143028,0.00608112542741706,0.1046330395,0.1247315885,0.11239467972555933,0.002021056391690673,1.002315752865233,1407.8052452703269,2329.2856514252517
Sigma_b_diag,per90_goals,0.4353285803125,0.42007863,0.13877430445064146,0.2394386955,0.6818287059999999,0.15109754641851642,0.2842310338939836,1.029366457351714,161.90430795762023,1670.8435057263182
Sigma_b_diag,per90_assists,0.04973814422675,0.0441013565,0.02607857062713298,0.02019377625,0.09912982249999988,0.0610303939044852,-0.011292249677735199,1.005924174416023,1437.4119577996887,2042.023842947879
Sigma_b_diag,per90_xg_shot,0.34161249077525,0.32899068,0.11682447003866524,0.1744059295,0.5567504864999999,0.10349509257574266,0.23811739819950736,1.0087925748044535,1375.1895623417247,2267.7949373118377
Sigma_b_diag,per90_xg_assist,0.08375889719225,0.0724773745,0.04552586216970901,0.0351404769,0.16995531,0.043621372176870864,0.04013752501537914,1.0025062025355174,1107.4627485609303,1921.0492655195228
Sigma_b_diag,per90_shots,0.01909579247175,0.015731132,0.0131359554818284,0.006801460095,0.04371244749999999,0.014604068897355183,0.004491723574394818,1.0003746259683477,1541.7256119541,2354.8119951198787
Sigma_b_diag,per90_head_shots,0.01097461447945,0.0089334404,0.00757675064470583,0.00356796646,0.02474261335,0.011602227074588089,-6.276125951380895e-4,1.0018508825252612,1769.0795312936425,2385.331229857595
Sigma_b_diag,rate_shots_on_target,0.030627370031825,0.0261808045,0.01792339190101329,0.01174266865,0.06491543544999986,0.018907664740671265,0.011719705291153733,1.0038693133041745,1180.4533971910014,2025.869963812064
Sigma_b_diag,rate_goal_conversion,0.14724688711675,0.13151596,0.07047503360873718,0.06570245195,0.2823851174999999,0.05282419605843215,0.09442269105831784,1.0092585130308385,1379.0350257666828,2478.198912410062
Sigma_b_diag,per90_received_pass,0.0943526567435,0.081408806,0.05041348639753881,0.0400660369,0.19448475399999993,0.03210866145282696,0.062243995290673045,1.0039661819494443,1291.4165933399838,2240.921749015554
Sigma_b_diag,per90_passes,0.17187387473725,0.15887432,0.07278310839607738,0.07796593014999999,0.3072623905,0.08744114951511521,0.08443272522213478,1.005772318390599,1589.7007259970187,2130.222035585139
Sigma_b_diag,per90_forward_passes,0.051289249365175,0.043705861,0.02960898379806151,0.0200831873,0.1058055815,0.05051696619780613,7.722831673688743e-4,1.002665002552785,1400.7048565339494,2054.1283081055485
Sigma_b_diag,per90_back_passes,0.09176197949375,0.0823390975,0.04296720174946069,0.03930555535000001,0.17479955949999998,0.049866675667812756,0.04189530382593725,1.010783983627218,1511.656625093542,2284.905963131554
Sigma_b_diag,per90_lateral_passes,0.037707825489525,0.03226727799999999,0.02232932166811091,0.01421462985,0.07989387965,0.013814502710443982,0.023893322779081017,1.0061229557499236,1283.1426823850095,1749.85577983439
Sigma_b_diag,per90_long_passes,0.14012387412825,0.126517345,0.06661383765425254,0.0611720302,0.264302227,0.06490464588670647,0.07521922824154353,1.0055350989451508,1531.4724608426106,2299.383955572841
Sigma_b_diag,per90_smart_passes,0.015235529770275,0.012920368,0.00944508668944373,0.005579134015,0.03321758614999999,0.01626201759682175,-0.001026487826546749,1.004408636002702,1491.7297880543017,2121.97557310478
Sigma_b_diag,per90_progressive_passes,0.13645966991975,0.124590575,0.0638698577966212,0.06005520405,0.25359591299999995,0.05896120276363315,0.07749846715611686,1.0045106329157176,1736.9505940785796,2108.037924491244
Sigma_b_diag,per90_passes_to_final_third,0.09960672355,0.086959744,0.05305984438820204,0.041913645,0.199945359,0.06920907201867105,0.03039765153132895,1.0035963483621022,1399.2511748538195,2449.7462172865794
Sigma_b_diag,per90_key_passes,0.11282767430175,0.104233985,0.04853117818573148,0.04984009775,0.2043086544999999,0.0798015323873955,0.033026141914354504,1.0041985455769529,1364.863141631034,2212.1973878186495
Sigma_b_diag,per90_through_passes,0.21862229411275,0.20222984,0.09195261185269046,0.1016449365,0.386859853,0.0842019678936953,0.1344203262190547,1.012835388250695,1335.6638281620665,1806.9775439878
Sigma_b_diag,per90_crosses,0.1163757493635,0.10573663,0.05315472985568886,0.05151030675,0.21644281799999993,0.04530650895369735,0.07106924040980264,1.0061305079290641,1336.9033316158511,2222.462392356036
Sigma_b_diag,per90_shot_assists,0.151232015282,0.13383464,0.07285486047339403,0.0709038906,0.2912408979999999,0.06811031586182703,0.08312169942017297,1.0051313257185892,1599.058808675095,2149.4117753611645
Sigma_b_diag,rate_successful_passes,0.06095461097925,0.052066103,0.03518675123005483,0.0239436956,0.12513041299999983,0.022317261814313153,0.03863734916493684,1.003788095230127,1481.943367292312,2149.1552341746683
Sigma_b_diag,rate_successful_progressive_passes,0.066242491745,0.05646643349999999,0.03721855607443689,0.0266467491,0.1372789179999998,0.03679640428091831,0.0294460874640817,1.0009072986632364,1284.6458663792537,1780.5299760681128
Sigma_b_diag,rate_successful_crosses,0.0346141478249,0.0290002995,0.02081471777510857,0.01338993945,0.07514933974999999,0.03458767459231826,2.647323258173767e-5,1.005980753694711,1008.6878509691804,1457.5901254995438
Sigma_b_diag,per90_dribbles,0.11617624338724998,0.110535025,0.03936699593214304,0.06289645954999999,0.1860493345,0.03573460779831171,0.08044163558893827,1.0531837136517648,60.72285846029916,1648.7084890291069
Sigma_b_diag,per90_progressive_run,0.08360043265174999,0.072323599,0.0455918883590121,0.0340655747,0.1700956365,0.06038729122007441,0.023213141431675577,1.0063975468788395,1570.9428095393184,2271.292242073391
Sigma_b_diag,per90_accelerations,0.05985180426100001,0.051846099,0.03278700062244549,0.0245746625,0.12215421549999995,0.02122590186073862,0.03862590240026138,1.0066141015449142,1386.0659146386229,2394.116345269674
Sigma_b_diag,rate_successful_dribbles,0.05535553965774999,0.047133694,0.03272839576375504,0.0220671813,0.116694482,0.020651516952469366,0.03470402270528063,1.003147845715884,1489.0896619706382,2119.9024925284516
Sigma_b_diag,per90_touch_in_box,0.022322667884275,0.018749494,0.01380342696542143,0.00837612750499999,0.04798389019999998,0.018649905640075907,0.0036727622441990945,1.0115281188865182,768.7430858681288,1365.689665423752
Sigma_b_diag,per90_losses,0.08201565435324999,0.07337542450000001,0.04086403930271305,0.03516537355,0.1583432919999998,0.03098214539703183,0.051033508956218165,1.0108386503772302,1500.0469365501317,2297.278468328768
Sigma_b_diag,per90_own_half_losses,0.1125921141515,0.102471885,0.05261583278635394,0.04861204855,0.2115177984999999,0.06060991136433036,0.05198220278716964,1.0017495916721988,1693.3955581408102,2477.14435648515
Sigma_b_diag,per90_dangerous_own_half_losses,0.11016074192225,0.10300423,0.04275983256646522,0.05314348849999999,0.19215803,0.06136278918908859,0.04879795273316141,1.0141575127781797,1009.13002732034,1824.050364569348
Sigma_b_diag,per90_recoveries,0.10067335644,0.08902647450000001,0.05229852061262135,0.04274928714999999,0.197641898,0.07676307841116647,0.023910278028833526,1.0051474294349183,1752.91521262486,2432.4047746625292
Sigma_b_diag,per90_opponent_half_recoveries,0.14710952792,0.13441873999999998,0.06643267254619557,0.06665425225,0.26802670799999995,0.05555112236020916,0.09155840555979085,1.0075544965377023,1700.15588332811,2064.8454623692037
Sigma_b_diag,per90_dangerous_opponent_half_recoveries,0.04985685144775,0.0454880475,0.02228205079800621,0.02206593305,0.09399868214999998,0.01651921930994975,0.03333763213780025,1.0179532635284383,408.0241641114486,2034.7193648201287
Sigma_b_diag,per90_interceptions,0.093899954594749993,0.080750849,0.05041856204906823,0.03965455785,0.18711455549999997,0.05578919513624485,0.038110759458505145,1.0013172434717323,1338.6901289392054,1876.4505680656996
Sigma_b_diag,per90_clearances,0.10510854701175,0.093679557,0.05152319037195219,0.0452058175,0.2050668355,0.05391307710320733,0.05119546990854267,1.003690233042516,1450.6786753152949,1940.79551429342
Sigma_b_diag,per90_shots_blocked,0.08945450046475001,0.083102285,0.03730371030325729,0.04097192415,0.15894294399999995,0.042969863398506364,0.046484637066243645,1.0167206884641775,721.245870822735,1977.820000885123
Sigma_b_diag,per90_defensive_duels,0.14308445789225,0.12687546500000002,0.06757484162642644,0.06546168364999999,0.27789857349999986,0.05665411085069734,0.08643034704155265,0.999955101886334,1552.3466110250088,2599.9272182444324
Sigma_b_diag,per90_offensive_duels,0.04587522601455,0.039301657500000003,0.02595206069458952,0.0179076356,0.09538050684999996,0.02794010702775867,0.01793511898679133,1.0041727471635609,1289.009557950081,2111.87564315637
Sigma_b_diag,per90_aerial_duels,0.044261215089125,0.037527505,0.02653726171766033,0.0176161553,0.09036689219999994,0.05305806993352987,-0.008796854844404872,1.002723350178194,1304.5737226059443,2393.0787180565267
Sigma_b_diag,per90_pressing_duels,0.1009371820785,0.08967722,0.04933217349212828,0.04315093635,0.19435860999999996,0.049808360214166125,0.05112882186433387,1.004500710917002,1611.8165224864142,2541.1461799478875
Sigma_b_diag,per90_loose_ball_duels,0.08193363868325,0.0713438045,0.04385944548152438,0.0352983937,0.16346167249999996,0.04649366533075654,0.035439973352493465,1.0011613765673344,1563.2325527044989,2102.951306152251
Sigma_b_diag,per90_sliding_tackles,0.1227012989895,0.11504928,0.0469526849235159,0.0598466336,0.2095889349999999,0.044176090212329676,0.07852520877717031,1.0220835077561845,301.8514138333084,1993.3428232103115
Sigma_b_diag,per90_dribbles_against,0.03055426332644999,0.0255256,0.01907310673257884,0.0113705633,0.0652252,0.02111904680859062,0.00943521651785937,1.0065549412772925,1218.5882238265228,1834.2589130902663
Sigma_b_diag,rate_defensive_duels_won,0.019723905711525,0.0164540705,0.01221387051578548,0.00752491668999999,0.0423657409,0.01906279338847368,6.611123230513202e-4,1.002509113324147,1425.7989786456146,2263.2099154307753
Sigma_b_diag,rate_offensive_duels_won,0.03733319819104999,0.0313659715,0.02292906485544141,0.01464350005,0.07940809414999997,0.011991590319548431,0.02534160787150156,1.0087802367751677,1398.8147108923165,2286.068532472804
Sigma_b_diag,rate_aerial_duels_won,0.02561413910537499,0.021187993,0.01671226761552948,0.00914699266,0.05664891929999997,0.03716511240768575,-0.011550973302310762,1.002759665568584,1369.3983983406874,1970.7720015402551
Sigma_b_diag,rate_dribbles_against_won,0.017624734256875,0.0145350525,0.01137239717797795,0.00642835994,0.03844130884999999,0.026901590316888935,-0.009276856060013935,1.0025643782772369,1674.756141443636,2497.805149567226
Sigma_b_diag,rate_successful_sliding_tackles,0.5716794492625,0.552501065,0.1850955178604985,0.30573352150000005,0.9157035279999994,0.1394482328899953,0.4322312163725047,1.050728676709151,56.65541213669008,1214.5570916809672
Sigma_b_diag,per90_fouls,0.16034630742025,0.14452430500000002,0.07298376205468238,0.07539079875,0.2959877154999999,0.06420816010704025,0.09613814731320974,1.0031279392902792,1744.8722560899455,2626.84669740307
Sigma_b_diag,per90_fouls_suffered,0.09678168721975,0.08714846200000001,0.04716348734594989,0.040040236,0.18712106699999995,0.03578731841250405,0.06099436880724595,1.0041257445131075,1305.2584664902165,2149.1072826278923
Sigma_b_diag,per90_yellow_cards,0.00832400341595,0.0068846105,0.00561348319106009,0.00293090104,0.01854043009999998,0.008177037513490455,1.4696590245954523e-4,1.0017749933368123,1599.4187144622174,2308.188086179335
