feature,icc_player,icc_season,icc_residual,sigma_a_diag_mean,var_b_mean,var_e_mean,group,icc_player_q05,icc_player_q95,icc_season_q05,icc_season_q95
per90_goals,0.6513918452975,0.0052832774344675,0.34332487734,0.6077773993,0.004938008883175,0.319998783895,Attacking output,0.631201129,0.6710502695,0.001518188385,0.01217654754999999
per90_assists,0.389845080045,0.01104759462390249,0.59910732538,0.3859140922575,0.010949436758095,0.59224689274,Attacking output,0.3581505675,0.42235695,0.003561197305,0.0249367601
per90_xg_shot,0.8010288069075,0.00162510057923515,0.197346092545,0.7256148099375,0.00147051042958218,0.178256365135,Attacking output,0.783508532,0.817792387,2.7642932150000004e-4,0.004115769415
per90_xg_assist,0.6511706933275,0.007962716350875,0.34086659036,0.611306331765,0.00748152326679,0.319213145395,Attacking output,0.6249386520000001,0.6766415754999999,0.00282216533499999,0.01702145765
per90_shots,0.84778843233,0.010352299842625,0.1418592679425,0.7716947636875,0.009398413829175,0.12835785518,Attacking output,0.8281339655000001,0.8662542545,0.004201310185,0.02173902265
per90_head_shots,0.742666605355,0.00122861516950273,0.2561047794525,0.77398778521,0.00127880854491921,0.26656004411,Attacking output,0.7263517135,0.7587963885,4.0972119400000005e-5,0.00353518547499999
rate_shots_on_target,0.1580616488875,0.00215395252022999,0.8397843985425,0.1584939290675,0.00216232042969164,0.841413992155,Shooting rates,0.130771105,0.1845013735,2.616805025e-5,0.00659281488999999
rate_goal_conversion,0.175782786975,0.00311311832864576,0.821104094655,0.17652723922,0.00313242848417862,0.82404500172,Shooting rates,0.14966353300000002,0.20244173049999997,1.2535342750000003e-4,0.00869715805499999
per90_received_pass,0.80483932249,0.0314710183831,0.163689659145,0.8631429708049999,0.03367002162825,0.173217545235,Passing volume,0.7647557484999999,0.8377719094999999,0.01420531615,0.06308721599999997
per90_passes,0.8670890082725,0.00885943449935,0.12405155720375,0.924621215495,0.009367828515925,0.13061737484,Passing volume,0.8457690425,0.8870667295,0.00364167748,0.01848932789999999
per90_forward_passes,0.8513568000575,0.0041355729085475,0.144507627,0.8316673996975,0.0040368030673225,0.14096373652,Passing volume,0.8400721245,0.861977836,0.00162107069,0.00872411843999999
per90_back_passes,0.8256006239,0.00744071120772499,0.166958664835,0.825249516875,0.007444996395525,0.16664241367,Passing volume,0.8118008004999999,0.8383657935000001,0.0029735809,0.01551048909999999
per90_lateral_passes,0.8049896735825,0.017919446779725,0.1770908797675,0.818043130375,0.01820270433375,0.1787610712275,Passing volume,0.779122452,0.8295651085,0.007528713185,0.03681197574999999
per90_long_passes,0.834262952925,0.00440490483545749,0.161332142235,0.805952798305,0.004247924600545,0.1553304720875,Passing volume,0.8185578225,0.8499002465000001,0.00156216113,0.00980942083499999
per90_smart_passes,0.4426931877425,0.365924212715,0.19138259947625,0.4798317849575,0.42190049386,0.2072456918275,Passing volume,0.327186519,0.5373398659999999,0.231268415,0.532023507
per90_progressive_passes,0.7748928023725,0.04855868121,0.176548516485,0.7684740488075,0.0487297686422,0.1747619075225,Passing volume,0.7371598859999999,0.802397602,0.02224235305,0.09434615369999996
per90_passes_to_final_third,0.7934034476825,0.020813559176175,0.1857829931175,0.789728164155,0.020759323387775,0.1837083503475,Passing volume,0.764648542,0.8204768734999999,0.00868532073,0.0432344976
per90_key_passes,0.638681296175,0.0052923423480825,0.3560263614125,0.597107672345,0.00494465086342,0.3320149553925,Passing volume,0.612103053,0.664527498,0.001715358,0.01165047899999999
per90_through_passes,0.591027874935,0.12413454761475,0.2848375774,0.58329521199,0.125954156436,0.28067639781,Passing volume,0.5219712205000001,0.6400163835,0.0621328037,0.223282407
per90_crosses,0.8423486135075,0.00777134051855,0.1498800460575,0.81864423347,0.007565043259825,0.145453285175,Passing volume,0.829059759,0.8544487494999999,0.002807451945,0.01687241284999999
per90_shot_assists,0.7486582960175,0.0113396006873,0.2400021032275,0.706519903385,0.0107209804765,0.226028622935,Passing volume,0.7283767130000001,0.768346336,0.004566390285,0.02376752789999999
rate_successful_passes,0.748217692555,0.03671369897924999,0.2150686084675,0.771040965825,0.038234154964875,0.22137011184,Passing quality,0.716812207,0.770898729,0.0163811768,0.07225613280000001
rate_successful_progressive_passes,0.47631178416,0.08543398393150001,0.4382542320675,0.5183036276625,0.0949398702715,0.476002162795,Passing quality,0.4299098385,0.517402347,0.0411335129,0.16028173599999984
rate_successful_crosses,0.02548178990655,0.00388822622958272,0.97062998394,0.025589316716175,0.00391331788362878,0.9740601680575,Passing quality,0.0145847548,0.04173775899999998,2.752000405e-4,0.01046868694999998
per90_dribbles,0.7902575013825,0.101575808816,0.108166689723,0.8540402554975001,0.112297868424,0.116358982035,Progressive actions,0.712798797,0.84061343,0.0497191303,0.1850042314999998
per90_progressive_run,0.751072645795,0.044220250523,0.2047071037625,0.738719536255,0.0439397558003,0.201022814285,Progressive actions,0.7150938365,0.7769279675,0.0199868553,0.08494764794999994
per90_accelerations,0.59486795336,0.15682665424025,0.2483053923425,0.63073670261,0.17172141374525,0.262795075515,Progressive actions,0.5140307935,0.6541175545,0.0816235572,0.26887179699999997
rate_successful_dribbles,0.2257302478725,0.00786030932977,0.7664094427625,0.225368833595,0.0078643144498475,0.7645543957225,Progressive actions,0.1987358745,0.25296733749999994,0.002324671715,0.01786603519999997
per90_touch_in_box,0.8618827485475,0.00113707529754226,0.136980176245,0.7642187366225,0.00100629910925661,0.120721166105,Attacking output,0.8462215085000001,0.8773396295,2.62926521e-4,0.00266275505999999
per90_losses,0.7421040113125,0.074773546567,0.1831224422225,0.7485393782625,0.0765718936605,0.18422936502,Defending,0.6879486415,0.7794070154999999,0.03627414274999999,0.1368328534999999
per90_own_half_losses,0.67824151492,0.01810980299125,0.303648682125,0.71236784591,0.019102260732,0.3184002894925,Defending,0.653946724,0.701589316,0.007446327295,0.0371546332
per90_dangerous_own_half_losses,0.4719122866875,0.01505348457115,0.5130342288175,0.4837306986075,0.015514970005,0.52531416774,Defending,0.4446478105,0.498468659,0.00561261443,0.03158954444999996
per90_recoveries,0.88454586041,0.0116899135389,0.1037642261185,0.842698251555,0.01116716982825,0.0987226840775,Defending,0.8716687645,0.894867556,0.00499751214,0.02427066809999999
per90_opponent_half_recoveries,0.7993484905575,0.0049316662499775,0.1957198432575,0.8357151539525001,0.00514888500135999,0.20395081701,Defending,0.780089617,0.8175423295,0.001691900185,0.01067203614999999
per90_dangerous_opponent_half_recoveries,0.464839118165,0.007765519913215,0.527395362015,0.4692934877,0.0078588559495275,0.5319217974225,Defending,0.4375946645,0.49108598999999997,0.0025383816,0.01729514694999999
per90_interceptions,0.7792264322925,0.06593922944025,0.154834338345,0.7928559938475,0.06814818397575,0.15736817737,Defending,0.7290612565000001,0.811223504,0.0316612817,0.125018329
per90_clearances,0.832678054575,0.0307945958938,0.136527349605,0.8313000409525,0.030938393342125,0.135937596295,Defending,0.802375992,0.8543555085,0.01330363675,0.06256472929999997
per90_shots_blocked,0.6499706456175,0.0157361120462,0.33429324232,0.65775227731,0.01598044092265,0.337710576245,Defending,0.62460549,0.674471497,0.00624438343,0.03225397184999999
per90_defensive_duels,0.793463637175,0.07434368356375,0.132192679203,0.8848301040475,0.0844806134935,0.1470417184975,Dueling,0.7335416294999999,0.8314160744999999,0.03435960555,0.14291464349999988
per90_offensive_duels,0.8611977873525,0.0553286714925,0.083473541102,0.875265753595,0.05677934435775,0.08422924735575,Dueling,0.810485786,0.894182019,0.02522543165,0.10744501299999996
per90_aerial_duels,0.8128067857675,0.06060779824974999,0.126585415949,0.89015707213,0.0673109044845,0.138474482845,Dueling,0.766227109,0.8428144865,0.028787548,0.11315395699999996
per90_pressing_duels,0.4503353877025,0.31406081010575,0.23560380218075,0.43247391036,0.319057611475,0.225829250515,Dueling,0.3423429665,0.5365348685,0.190528383,0.472886183
per90_loose_ball_duels,0.7110545236225,0.1176188704585,0.17132660592525,0.7380319418275,0.125393369171,0.17755527925,Dueling,0.6363816765,0.7623908435,0.05851014515,0.207821353
per90_sliding_tackles,0.608747107755,0.11635668203575,0.2748962102425,0.656458376675,0.12939309120125,0.2961166857125,Defending,0.5405569325,0.6561208949999999,0.05614642114999999,0.21216066649999987
per90_dribbles_against,0.7077268309475,0.123378392112,0.1688947769275,0.7803308605825,0.13981728261375,0.1858227567625,Defending,0.6273394305,0.7617386815000001,0.06213566055,0.220116935
rate_defensive_duels_won,0.215841904665,0.128207253196,0.65595084228,0.2223235132875,0.13587420638875,0.6751600341775,Defending,0.18314444549999995,0.248115027,0.06657901225,0.22721819799999993
rate_offensive_duels_won,0.402130399495,0.012914099066325,0.5849555013325,0.4005816029375,0.012923092554325,0.581988855745,Dueling,0.3733495265,0.4305070375,0.00474181245,0.02747694539999998
rate_aerial_duels_won,0.7624782962,0.004161673968825,0.2333600298275,0.757235042225,0.004126231295955,0.2310628137825,Dueling,0.7415518664999999,0.7828408014999999,0.00140759596,0.00921031280999999
rate_dribbles_against_won,0.14500133305325,0.00613536667797845,0.8488633003125,0.14409839362425,0.0061080930499455,0.84263190343,Defending,0.1158953485,0.17467030949999995,0.001464367265,0.01468945044999999
rate_successful_sliding_tackles,0.047350024505225,0.0118171094185075,0.940832866065,0.0476423530052,0.0119420667007625,0.9461312430875,Defending,0.02658407094999999,0.06908197219999998,0.003678557015,0.02647085009999999
per90_fouls,0.726702260765,0.026505422750225,0.246792316525,0.7646633430125,0.02809605199655,0.25936975447,Discipline,0.7008864365,0.7464160745,0.01113781415,0.05379033134999998
per90_fouls_suffered,0.7727022109975,0.01968773542505,0.2076100534875,0.790551999675,0.0202331381482,0.2119039174175,Discipline,0.749573792,0.7930168775,0.008316499645,0.03982222179999999
per90_yellow_cards,0.4406751302025,0.01649114286155,0.5428337269275,0.454237855915,0.01710812327947499,0.55895163895,Discipline,0.4124526245,0.46865514499999994,0.006112239915,0.03500071289999998
