player_name,player_id,season_id,season_index,feature,eps_std,eps_raw,abs_std
José Antonio Reyes,3477,8504,1,per90_smart_passes,14.427789517443882,6.408204792949979,14.427789517443882
Aitor Fernández,6362,186267,7,rate_defensive_duels_won,12.241413802477801,9.126641580371,12.241413802477801
Sergio Álvarez,3821,9630,2,rate_defensive_duels_won,11.649934152559394,8.685661244766631,11.649934152559394
Fernando Pacheco,3299,10837,3,rate_defensive_duels_won,10.526789631788985,7.848295753375902,10.526789631788985
Dani Cárdenas,404298,189974,11,rate_defensive_duels_won,10.470622980945306,7.806420452100135,10.470622980945306
Kiko Casilla,3785,181144,4,rate_defensive_duels_won,10.445597381380233,7.78776250284283,10.445597381380233
Álex Remiro,230858,189012,10,rate_defensive_duels_won,10.294494547010496,7.675107099363893,10.294494547010496
Juan Soriano,302547,189974,11,rate_defensive_duels_won,10.22343242207134,7.622126409819035,10.22343242207134
A. Aréola,25418,9630,2,rate_defensive_duels_won,10.104049901338463,7.533120230036955,10.104049901338463
G. Mamardashvili,475709,188124,9,rate_defensive_duels_won,9.781202218099802,7.2924196755490405,9.781202218099802
Jesús Owono,627298,189974,11,rate_defensive_duels_won,9.667363053274448,7.207546369905253,9.667363053274448
Roberto Jiménez,3719,185828,6,rate_defensive_duels_won,9.466933212640802,7.058114993187647,9.466933212640802
Joan García,556979,191659,12,rate_defensive_duels_won,9.41702197236819,7.020903441634041,9.41702197236819
Roberto Jiménez,3719,181144,4,rate_defensive_duels_won,9.080498819958981,6.770007079082052,9.080498819958981
S. Savić,8311,10837,3,rate_goal_conversion,9.075975988479707,8.354919810036325,9.075975988479707
Omar Mascarell,4509,191659,12,rate_goal_conversion,8.914031127876315,8.205840931279234,8.914031127876315
Luis Hernández,5472,189012,10,rate_goal_conversion,8.825246740405689,8.124110168808967,8.825246740405689
Y. Bounou,120631,186267,7,rate_goal_conversion,8.605683445077636,7.921990448789689,8.605683445077636
S. Mitrović,128171,189012,10,rate_goal_conversion,8.424049933688446,7.754787117225323,8.424049933688446
M. Musacchio,3526,8504,1,rate_goal_conversion,8.328998414781845,7.667287126117499,8.328998414781845
Nolito,70125,8504,1,per90_smart_passes,8.308804648259521,3.6904143705649832,8.308804648259521
Alexis,3466,9630,2,rate_goal_conversion,8.156128936236582,7.508151554066432,8.156128936236582
Juanmi Latasa,558779,188124,9,per90_aerial_duels,8.151538406601052,3.132561856669599,8.151538406601052
A. Alcáraz,8609,9630,2,rate_goal_conversion,8.099595720334975,7.456109714592535,8.099595720334975
José Antonio Reyes,3477,8504,1,per90_through_passes,8.038859215285633,4.978666332433013,8.038859215285633
Pol Lirola,354123,188124,9,rate_goal_conversion,7.954447816160103,7.3224933298075605,7.954447816160103
M. Krohn-Dehli,56025,8504,1,per90_smart_passes,7.705590311056797,3.4224924548643805,7.705590311056797
Unai Simón,344059,188124,9,rate_defensive_duels_won,7.597986477779006,5.664713278555983,7.597986477779006
Edu Expósito,499843,191659,12,per90_xg_assist,7.501184897608531,4.701860785029234,7.501184897608531
L. Messi,3359,8504,1,per90_smart_passes,7.195815821183953,3.1960725084562944,7.195815821183953
A. Sørloth,55224,189974,11,per90_head_shots,7.159130879837831,3.547590070703085,7.159130879837831
M. Dmitrović,140046,187526,8,rate_offensive_duels_won,-7.009378406914298,-5.022124535251752,7.009378406914298
A. Sørloth,55224,189974,11,per90_xg_shot,7.002118210142243,2.7915337650739094,7.002118210142243
Rui Silva,222746,189974,11,rate_offensive_duels_won,-6.951648795565149,-4.980762051913556,6.951648795565149
Álvaro Rodríguez,788748,189974,11,per90_aerial_duels,6.830707672747038,2.624978653401193,6.830707672747038
Aitor Fernández,6362,189012,10,rate_aerial_duels_won,-6.830582494430839,-3.8707785953720064,6.830582494430839
Fernando Pacheco,3299,185828,6,rate_offensive_duels_won,-6.82545949315614,-4.890349128694937,6.82545949315614
K. Gameiro,25445,8504,1,per90_xg_shot,6.80617683442856,2.713417836455694,6.80617683442856
Juanmi Latasa,558779,189974,11,per90_aerial_duels,-6.588544984398433,-2.5319177411180456,6.588544984398433
T. Courtois,3429,187526,8,rate_offensive_duels_won,-6.5709421085875865,-4.70799087558237,6.5709421085875865
Ander Barrenetxea,596052,185828,6,per90_dribbles,6.4951860738212135,2.3227999541358018,6.4951860738212135
Gorka Iraizoz,3399,181144,4,rate_defensive_duels_won,6.453443184675694,4.811393835400072,6.453443184675694
Fernando Calero,450769,191659,12,per90_shots_blocked,6.389495144224871,3.9842568434390895,6.389495144224871
Miguel Ángel Moyà,3994,8504,1,rate_successful_passes,-6.3893214656038495,-3.5546274908595024,6.3893214656038495
Adrián Marín,286994,9630,2,per90_sliding_tackles,6.341782097796497,3.766798280112026,6.341782097796497
Joselu,3327,189012,10,per90_aerial_duels,-6.2507484683729375,-2.402105621167724,6.2507484683729375
K. Navas,3915,181144,4,rate_defensive_duels_won,6.245170907550967,4.656115494587809,6.245170907550967
Carles Aleñà,282442,185641,5,per90_received_pass,6.234110990386198,3.152284988521388,6.234110990386198
A. Sørloth,55224,189974,11,per90_goals,6.2319360085922515,3.6223083865121755,6.2319360085922515
Fernando,70094,186267,7,rate_goal_conversion,6.204822301795648,5.71186975734952,6.204822301795648
Aitor Paredes,549129,189974,11,rate_goal_conversion,6.160450364728452,5.671023023457433,6.160450364728452
M. Wakaso,3538,10837,3,per90_sliding_tackles,6.134091932242619,3.6434375360277476,6.134091932242619
Kike García,3874,191659,12,per90_xg_shot,6.130321376916006,2.44397460894448,6.130321376916006
Iñaki Peña,367389,191659,12,per90_long_passes,6.091464568023763,2.804885751698276,6.091464568023763
B. Espinosa,3692,9630,2,per90_clearances,6.076847126876135,2.4885597131626076,6.076847126876135
Diego López,634666,188124,9,per90_xg_shot,6.060673835205975,2.4162082304711303,6.060673835205975
Aymeric Laporte,134502,191659,12,per90_shots_blocked,6.015232591259009,3.750880323974167,6.015232591259009
M. Diakhaby,292654,189974,11,per90_head_shots,5.975904448642305,2.9612615890539584,5.975904448642305
J. Cillessen,33,187526,8,rate_offensive_duels_won,-5.937543306823252,-4.254169227174593,5.937543306823252
Sergio Rico,3458,10837,3,rate_offensive_duels_won,-5.88822347766218,-4.218832238682159,5.88822347766218
Rubén Peña,225948,185641,5,per90_crosses,5.8521875200821105,2.22578643472599,5.8521875200821105
David Soria,278320,185828,6,rate_offensive_duels_won,-5.801554974757609,-4.156735432146329,5.801554974757609
A. Ezzalzouli,643199,187526,8,per90_dribbles,5.759838281868401,2.059825837919763,5.759838281868401
Jaime Mata,7629,188124,9,per90_head_shots,5.738995003790169,2.843864993249265,5.738995003790169
Aitor Fernández,6362,188124,9,rate_offensive_duels_won,-5.722173675045429,-4.099859807835411,5.722173675045429
O. Dembélé,286390,187526,8,per90_assists,5.703324003023315,5.07730530781539,5.703324003023315
R.García Escudero,3503,188124,9,per90_head_shots,5.696527694038097,2.8228210133396066,5.696527694038097
Juanpe,4360,189974,11,rate_successful_dribbles,-5.694894291300043,-5.325976172920767,5.694894291300043
Fernando Pacheco,3299,187526,8,rate_defensive_duels_won,5.676897098873384,4.232436379168735,5.676897098873384
Carles Aleñà,282442,185641,5,per90_passes,5.667951762074893,2.5766334592385345,5.667951762074893
Andrés Fernández,3486,185641,5,rate_offensive_duels_won,-5.631530893417776,-4.034915484511869,5.631530893417776
S. Savić,8311,185641,5,rate_successful_dribbles,-5.616142525640436,-5.2523259862756415,5.616142525640436
Rafa Mir,364845,186267,7,per90_head_shots,5.5721389525543845,2.7611822094678065,5.5721389525543845
Álvaro Odriozola,278289,186267,7,rate_goal_conversion,5.546464417264238,5.105816222330586,5.546464417264238
Iborra,3928,8504,1,per90_aerial_duels,5.524261991057067,2.1229234944684174,5.524261991057067
Carles Aleñà,282442,185641,5,per90_lateral_passes,5.520387405093096,2.7170303623576815,5.520387405093096
Willian José,40770,10837,3,per90_head_shots,5.509074376976075,2.72993159177554,5.509074376976075
Á. Correa,254408,189974,11,per90_xg_shot,5.504428327966715,2.1944498898478697,5.504428327966715
David Zurutuza,3680,9630,2,per90_offensive_duels,5.5012068059796055,1.7335368015695063,5.5012068059796055
David Soria,278320,189974,11,rate_offensive_duels_won,-5.497098276543713,-3.9385963383126343,5.497098276543713
Unai García,6317,185828,6,per90_shots_blocked,5.493628814185177,3.425627174631301,5.493628814185177
M. Díaz,5167,185641,5,per90_xg_shot,5.491057859716539,2.189119486610582,5.491057859716539
Iker Muniain,3425,181144,4,per90_smart_passes,5.489947450024976,2.4383990021311597,5.489947450024976
Ferrán Torres,397303,191659,12,per90_goals,5.466117585445857,3.1771769710284423,5.466117585445857
Léo Baptistão,7623,8504,1,per90_head_shots,5.448731080158908,2.7000294592101244,5.448731080158908
J. Mathieu,3274,8504,1,rate_goal_conversion,5.413491565184338,4.98340762214813,5.413491565184338
Álvaro Soberón,3695,8504,1,rate_successful_dribbles,-5.407192108784696,-5.056911482586674,5.407192108784696
L. Suárez,7972,8504,1,per90_smart_passes,5.400671199184638,2.398746323677543,5.400671199184638
Xabier Etxeita,4113,10837,3,rate_offensive_duels_won,-5.400583416510219,-3.869444750475336,5.400583416510219
K. Navas,3915,181144,4,rate_offensive_duels_won,5.39750813150619,3.867241350491054,5.39750813150619
Arnau Martínez,678620,191659,12,per90_dangerous_own_half_losses,5.386201822607468,4.682757097149776,5.386201822607468
P. Gazzaniga,8992,191659,12,rate_successful_dribbles,-5.367109041406694,-5.019425016486865,5.367109041406694
Oihan Sancet,545942,189974,11,per90_goals,5.3556423158107975,3.112963298880729,5.3556423158107975
Borja Iglesias,275338,189012,10,per90_xg_shot,-5.346756270796817,-2.1315907866180925,5.346756270796817
S. Weissman,238564,188124,9,rate_successful_progressive_passes,-5.343786699282808,-4.390719890507819,5.343786699282808
Denis Suárez,8323,181144,4,per90_touch_in_box,5.34266996078751,1.9294065720216116,5.34266996078751
Yoel Rodríguez,3823,10837,3,rate_offensive_duels_won,-5.342616654314562,-3.8279123517729428,5.342616654314562
D. Cheryshev,4513,8504,1,per90_smart_passes,5.318927210449978,2.3624391527300492,5.318927210449978
Sergio Álvarez,3821,9630,2,rate_offensive_duels_won,-5.317870600235628,-3.810182139744742,5.317870600235628
Jesé Rodríguez,3326,9630,2,per90_assists,5.308851944030191,4.726132013461265,5.308851944030191
Gorka Iraizoz,3399,9630,2,rate_offensive_duels_won,-5.307782581157165,-3.8029542109349546,5.307782581157165
L. Cabrera,3885,189974,11,rate_successful_dribbles,-5.300252510580999,-4.956899485376347,5.300252510580999
Aitor Paredes,549129,191659,12,rate_successful_dribbles,-5.29446165191225,-4.951483761446646,5.29446165191225
E. Mor,281255,181144,4,per90_accelerations,5.263344428010298,2.9352312848969637,5.263344428010298
Joel Robles,4320,185641,5,rate_offensive_duels_won,-5.2586552678350245,-3.7677551574293338,5.2586552678350245
Pere Milla,7693,191659,12,per90_head_shots,5.2524484277097505,2.6027648050827685,5.2524484277097505
Unai López,230863,8504,1,per90_smart_passes,5.250203378869182,2.3319149767020106,5.250203378869182
Carlos Martínez,3672,8504,1,per90_clearances,5.246522276184429,2.148529278115059,5.246522276184429
Sergio Álvarez,3821,9630,2,rate_successful_dribbles,-5.234627016148335,-4.895525243501749,5.234627016148335
G. Bale,8278,9630,2,per90_goals,5.218443866372286,3.033216797419163,5.218443866372286
Diego Mariño,3520,8504,1,rate_offensive_duels_won,-5.189901576390249,-3.7184940702617,5.189901576390249
Leo Román,542911,189974,11,rate_aerial_duels_won,-5.169306812850898,-2.9293610289324556,5.169306812850898
Miguel Torres,4003,181144,4,rate_successful_dribbles,-5.162152595520372,-4.827745752317787,5.162152595520372
A. Lozano,5147,185641,5,per90_head_shots,5.159180460998227,2.556547391520417,5.159180460998227
José Antonio Reyes,3477,10837,3,per90_smart_passes,-5.151942423243239,-2.2882716780497323,5.151942423243239
Raúl Torrente,694310,189012,10,rate_successful_dribbles,-5.1513680708903165,-4.81765985462102,5.1513680708903165
Jaume Doménech,215265,186267,7,rate_defensive_duels_won,5.1451018044922074,3.8359539855286746,5.1451018044922074
Sergio Asenjo,3428,10837,3,rate_successful_dribbles,-5.137983755792171,-4.805142582191138,5.137983755792171
A. Januzaj,261127,186267,7,per90_through_passes,5.114753512560468,3.1676946230452803,5.114753512560468
Álvaro Rodríguez,788748,191659,12,per90_aerial_duels,-5.111335660049961,-1.9642396719055617,5.111335660049961
F. Valverde,364005,187526,8,per90_accelerations,5.110100845276157,2.8497712956442767,5.110100845276157
T. Vermaelen,7860,185641,5,rate_successful_dribbles,-5.099687546060632,-4.769327220200144,5.099687546060632
Sabin Merino,167119,10837,3,per90_head_shots,5.088327750907773,2.521437491307922,5.088327750907773
Víctor Laguardia,4358,186267,7,rate_successful_dribbles,-5.083094246800245,-4.753808843217103,5.083094246800245
A. Christensen,135103,189012,10,rate_successful_dribbles,-5.080114314777216,-4.751021952690298,5.080114314777216
Adrián González,3705,10837,3,per90_xg_shot,5.0751134156959585,2.023294956799515,5.0751134156959585
É. Banega,3280,8504,1,per90_smart_passes,5.07084370355573,2.252251107914906,5.07084370355573
Imanol Agirretxe,3681,9630,2,per90_goals,5.070435560463542,2.947187074548532,5.070435560463542
F. Orellana,3843,10837,3,per90_dribbles,-5.069636309525922,-1.8129967107045726,5.069636309525922
M. Arambarri,286448,188124,9,rate_successful_dribbles,-5.069035496153344,-4.74066082551275,5.069035496153344
Aritz Elustondo,278288,10837,3,per90_head_shots,5.059123998120112,2.5069660498500563,5.059123998120112
T. Vermaelen,7860,185641,5,rate_offensive_duels_won,-5.043111409346374,-3.6133209070155057,5.043111409346374
M. Gómez,395636,189012,10,per90_loose_ball_duels,5.036597602859159,2.5316503426411856,5.036597602859159
Javi Rodríguez,879052,191659,12,rate_successful_dribbles,-5.010223619371066,-4.685658811707914,5.010223619371066
Aitor Fernández,6362,186267,7,rate_successful_dribbles,-5.003077398534412,-4.678975526653687,5.003077398534412
E. Pérez,86234,9630,2,per90_sliding_tackles,4.9918922963582615,2.965010627369266,4.9918922963582615
Hugo Sotelo,746346,191659,12,rate_successful_dribbles,-4.983999471726997,-4.6611334775466045,4.983999471726997
Denis Suárez,8323,9630,2,per90_smart_passes,4.979905134491472,2.2118600990609845,4.979905134491472
Aleix Vidal,4256,181144,4,per90_xg_shot,4.977542265658934,1.9843962761929914,4.977542265658934
Edu Expósito,499843,191659,12,per90_shot_assists,4.975683519661213,2.7041500988648344,4.975683519661213
Denis Suárez,8323,181144,4,per90_xg_assist,4.967999424422165,3.114020250478757,4.967999424422165
Unai Simón,344059,188124,9,rate_successful_dribbles,-4.958731184380707,-4.637502082571909,4.958731184380707
Koke,3443,8504,1,per90_smart_passes,4.9522869768386455,2.199593298936869,4.9522869768386455
Marc Bartra,3335,9630,2,per90_dangerous_own_half_losses,4.94994809866653,4.303478657680998,4.94994809866653
Raúl Asencio,787348,191659,12,rate_successful_dribbles,-4.943150242374819,-4.622930481830909,4.943150242374819
E. Mor,281255,181144,4,per90_crosses,4.941272184630742,1.879334276473364,4.941272184630742
Rubén García,225084,8504,1,per90_sliding_tackles,4.940295897224981,2.9343641585190126,4.940295897224981
K. Benzema,3321,9630,2,per90_goals,4.937227027318123,2.86975970910345,4.937227027318123
N. Krstičić,20618,10837,3,rate_goal_conversion,4.9304739081199696,4.538764115298084,4.9304739081199696
P. Gazzaniga,8992,191659,12,rate_offensive_duels_won,-4.916465248355387,-3.5225806508209083,4.916465248355387
A. Lozano,5147,185641,5,per90_fouls,4.906055081638088,3.019185838943496,4.906055081638088
NA,3565,8504,1,per90_smart_passes,4.87976086965985,2.1673803153003086,4.87976086965985
Dani Ceballos,326523,9630,2,per90_smart_passes,4.868039347670003,2.16217411837699,4.868039347670003
A. Danjuma,397060,187526,8,per90_xg_shot,4.867810700861121,1.9406496042525203,4.867810700861121
Andrés Fernández,3486,185641,5,rate_successful_dribbles,-4.866781465831815,-4.551508913068076,4.866781465831815
K. Benzema,3321,9630,2,per90_xg_shot,4.8656726297232895,1.939797219646282,4.8656726297232895
Ilaix Moriba,590503,186267,7,per90_head_shots,4.855618543597171,2.406122254434507,4.855618543597171
Sergio Rico,3458,10837,3,rate_successful_dribbles,-4.850233473162447,-4.536032907692285,4.850233473162447
Isco,3563,8504,1,per90_smart_passes,4.845210319008949,2.1520344437783767,4.845210319008949
Andrés Castrín,809746,191659,12,rate_successful_dribbles,-4.843153024774238,-4.52941113431419,4.843153024774238
Ferrán Torres,397303,191659,12,per90_xg_shot,4.841642326717417,1.9302170611552862,4.841642326717417
K. Benzema,3321,187526,8,per90_xg_shot,4.840989497697407,1.9299567978753067,4.840989497697407
T. Courtois,3429,188124,9,rate_defensive_duels_won,4.839799648037716,3.608334578111004,4.839799648037716
Rafa Marín,601275,191659,12,rate_successful_dribbles,-4.835298383331314,-4.522065320497109,4.835298383331314
Rodrigo Riquelme,471991,189974,11,per90_progressive_run,4.8319134231828045,2.452770614347544,4.8319134231828045
Vinícius Júnior,493295,185641,5,per90_accelerations,4.818206995052071,2.686989632242733,4.818206995052071
Rubén Peña,225948,185641,5,per90_progressive_passes,4.807505579785204,2.550567596018146,4.807505579785204
O. Dembélé,286390,187526,8,per90_xg_assist,4.798042741393258,3.0074887259269447,4.798042741393258
Miguel Torres,4003,181144,4,rate_offensive_duels_won,-4.793213240804142,-3.4342722595188273,4.793213240804142
C. Stuani,3714,188124,9,rate_successful_progressive_passes,-4.790931454025802,-3.9364666318125754,4.790931454025802
G. Mamardashvili,475709,188124,9,rate_successful_dribbles,-4.7903846740272025,-4.480061143886382,4.7903846740272025
Álex Suárez,519494,189974,11,rate_successful_dribbles,-4.789775564510414,-4.47949149279065,4.789775564510414
A. Ezzalzouli,643199,187526,8,per90_progressive_run,4.788850764224282,2.4309111944410593,4.788850764224282
Fer Niño,486425,187526,8,rate_successful_progressive_passes,-4.7885932441855035,-3.934545442769727,4.7885932441855035
C. Bacca,37831,187526,8,per90_xg_shot,-4.765858222346584,-1.9000042198609708,4.765858222346584
A. Sanabria,225946,181144,4,per90_goals,4.757245308372247,2.765145462574337,4.757245308372247
Zakaria Bakkali,239843,9630,2,per90_xg_assist,4.751864398048896,2.9785434133327056,4.751864398048896
Moi Gómez,3536,191659,12,rate_aerial_duels_won,4.751070229660948,2.692353245872502,4.751070229660948
Koke,3443,9630,2,per90_smart_passes,4.746715002236962,2.108287051964943,4.746715002236962
J. Geis,15455,181144,4,rate_successful_dribbles,-4.742556474234209,-4.435331278947479,4.742556474234209
A. Griezmann,3682,186267,7,per90_touch_in_box,4.733112862023682,1.709276284916248,4.733112862023682
Juanmi Latasa,558779,188124,9,per90_losses,4.729391904662613,2.51966497858787,4.729391904662613
Xavi Torres,3933,10837,3,rate_successful_dribbles,-4.723066450549166,-4.417103828805907,4.723066450549166
C. Stuani,3714,8504,1,per90_aerial_duels,4.720900815047933,1.814199122261873,4.720900815047933
Pablo Ínsua,6950,8504,1,rate_offensive_duels_won,-4.718946792421636,-3.3810613567945755,4.718946792421636
A. Sørloth,55224,189974,11,per90_shots,4.716615843563019,1.8994924120143306,4.716615843563019
Iván Ramis,3642,8504,1,per90_shots_blocked,4.707518424102989,2.935437319144136,4.707518424102989
Jon Martín,831472,189974,11,rate_offensive_duels_won,-4.706092255757048,-3.371851255666516,4.706092255757048
W. Swedberg,652912,189012,10,per90_goals,4.703380552926903,2.7338366116621833,4.703380552926903
Kike García,3874,185828,6,per90_head_shots,4.698766660583396,2.3283968723887813,4.698766660583396
H. Hassan,589806,191659,12,per90_progressive_run,4.697418360816697,2.3844983776879043,4.697418360816697
Neymar,40810,8504,1,per90_smart_passes,4.679683727685025,2.0785146371163674,4.679683727685025
A. Solari,212625,186267,7,per90_xg_assist,4.67832842084507,2.9324499051439252,4.67832842084507
Jordi Alba,3269,188124,9,per90_crosses,4.674806093993978,1.7779881374751636,4.674806093993978
E. Mor,281255,186267,7,per90_crosses,-4.6717039878318545,-1.7768083007404314,4.6717039878318545
Adrián López,3451,181144,4,per90_head_shots,4.658849621068303,2.3086166371322334,4.658849621068303
K. Benzema,3321,188124,9,per90_xg_shot,4.655274729759948,1.8559179099543113,4.655274729759948
Joel Robles,4320,185641,5,rate_successful_dribbles,-4.653714188699887,-4.35224424138359,4.653714188699887
R. De Paul,213948,8504,1,per90_offensive_duels,4.6488847345520545,1.4649536106951708,4.6488847345520545
Raúl Carnero,6513,186267,7,per90_crosses,4.6378449328298155,1.7639305477536094,4.6378449328298155
