feature,p99,p99_excess,max_abs_std,n_gt5sd,genuinely_underfitting,skewness,recommended_transform,icc_player,icc_season,verdict
rate_offensive_duels_won,3.706602638093025,0.336,7.009378406914298,18,TRUE,0.7530749149013002,none,0.4094234239425,0.012330071454725,contamination-driven
rate_successful_crosses,3.678723938811537,0.308,4.002493894640791,0,TRUE,1.1367900478001751,sqrt,0.026345904576775,0.00386628425492687,drop_candidate_rate
rate_dribbles_against_won,3.4948838120405186,0.124,4.3760402194964065,0,TRUE,0.1530795118826627,none,0.15478400741,0.00599377464469842,drop_candidate_rate
rate_goal_conversion,3.469357043999889,0.098,9.075975988479708,13,TRUE,2.370237384437768,log1p,0.176508680465,0.00294843948304499,drop_candidate_rate
rate_defensive_duels_won,3.453188784141457,0.082,12.2414138024778,18,TRUE,1.9667647618742357,sqrt,0.21956395802,0.13070246963124998,GK-contaminated
per90_xg_shot,3.4131240045939797,0.042,7.002118210142243,8,TRUE,1.8697431121864363,sqrt,0.8093402956975,0.00154038747260292,contamination-driven
per90_head_shots,3.335987554227988,-0.035,7.159130879837831,11,FALSE,2.3274789159976117,log1p,0.74149544797,0.00119627582496393,unremarkable_p99
rate_shots_on_target,3.282943945814371,-0.088,3.908025236228037,0,FALSE,0.46817059876087,none,0.1610181042175,0.00208189564138492,unremarkable_p99
per90_smart_passes,3.245821306806221,-0.125,14.427789517443882,10,FALSE,3.130602606645216,log1p,0.44033595837,0.368352308885,unremarkable_p99
per90_goals,3.0445722678732743,-0.326,6.2319360085922515,5,FALSE,2.293489375295159,log1p,0.64933393634,0.00605142503328749,unremarkable_p99
per90_touch_in_box,2.91679014434819,-0.454,5.34266996078751,1,FALSE,1.22884502008856,sqrt,0.87106685668,0.00104985629289682,unremarkable_p99
per90_crosses,2.911197074348677,-0.46,5.8521875200821105,1,FALSE,1.2018043088269952,sqrt,0.8442934492625,0.0077810389354275,unremarkable_p99
per90_dribbles,2.8989457936573704,-0.472,6.4951860738212135,3,FALSE,1.613770029357501,sqrt,0.802209070335,0.09474225897425,unremarkable_p99
per90_aerial_duels,2.8986797531243984,-0.472,8.151538406601052,6,FALSE,1.9451529938625691,sqrt,0.810303223145,0.06235049734575,unremarkable_p99
per90_accelerations,2.8133060078478547,-0.558,5.263344428010298,2,FALSE,1.71294788261713,sqrt,0.6028725191875,0.1536822384545,unremarkable_p99
per90_offensive_duels,2.710204655624675,-0.661,5.5012068059796055,1,FALSE,0.8758238921247132,none,0.8706201427075,0.051638343788,unremarkable_p99
per90_assists,2.70295522493851,-0.668,5.703324003023315,2,FALSE,1.7091669543404868,sqrt,0.3816502063675,0.014722958842525,unremarkable_p99
rate_successful_dribbles,2.681770306077776,-0.689,5.694894291300043,16,FALSE,-0.5426430196450888,none,0.2288792289375,0.0079764621640675,unremarkable_p99
per90_xg_assist,2.656519904729461,-0.714,7.501184897608531,1,FALSE,1.3593801936391243,sqrt,0.6589285731725,0.008554317806325,unremarkable_p99
per90_shots_blocked,2.598609935995249,-0.772,6.389495144224871,3,FALSE,1.454527670316798,sqrt,0.6581380535775,0.015376079376,unremarkable_p99
per90_sliding_tackles,2.5983793103962594,-0.773,6.341782097796497,2,FALSE,1.840125282112188,sqrt,0.6093377836475,0.11267841295125,unremarkable_p99
per90_key_passes,2.5543017240337984,-0.817,4.45400101667406,0,FALSE,1.1747730249082382,sqrt,0.648058729305,0.0049711491278225,unremarkable_p99
per90_shot_assists,2.5393487696041825,-0.832,4.975683519661213,0,FALSE,1.081264264466122,sqrt,0.75263654082,0.01140201460645,unremarkable_p99
per90_progressive_run,2.5192066705231237,-0.852,4.8319134231828045,0,FALSE,1.721921134646274,sqrt,0.754005465255,0.043902848386975,unremarkable_p99
per90_lateral_passes,2.5116102158812894,-0.859,5.520387405093096,1,FALSE,0.9820692601858554,none,0.7930684253225,0.019203019177075,unremarkable_p99
per90_clearances,2.496511467763269,-0.874,6.076847126876135,2,FALSE,1.1796773173063395,sqrt,0.8397913331975,0.028625279452325,unremarkable_p99
per90_shots,2.4791450900194114,-0.892,4.716615843563019,0,FALSE,1.2075213356861263,sqrt,0.8570035421675,0.0100585951664,unremarkable_p99
per90_through_passes,2.4622138222174845,-0.909,8.038859215285633,2,FALSE,2.664161340432361,log1p,0.57776786549,0.130844606406,unremarkable_p99
per90_pressing_duels,2.451141747204028,-0.92,4.430159413059992,0,FALSE,1.4729726046083258,sqrt,0.4653666637375,0.3049849803025,unremarkable_p99
per90_received_pass,2.4251073350731267,-0.946,6.234110990386198,1,FALSE,0.909200771432259,none,0.785387695715,0.03514498597065,unremarkable_p99
rate_successful_progressive_passes,2.4028892397266253,-0.968,5.343786699282808,1,FALSE,-1.018050902473135,none,0.465975769415,0.08666407002925,unremarkable_p99
per90_dangerous_opponent_half_recoveries,2.3923011033804737,-0.979,4.062625170500468,0,FALSE,0.7267699940621233,none,0.4599007598225,0.00776110149475,unremarkable_p99
per90_long_passes,2.3622842773875483,-1.009,6.091464568023763,1,FALSE,0.8763484978827446,none,0.84156844033,0.004405431260235,unremarkable_p99
per90_passes,2.3340505757573276,-1.037,5.667951762074893,1,FALSE,0.5502622487113626,none,0.854161799485,0.009567488789925,unremarkable_p99
per90_dangerous_own_half_losses,2.3183046681053576,-1.053,5.386201822607468,1,FALSE,0.8561595111749498,none,0.4767370513475,0.01499787352045,unremarkable_p99
rate_successful_passes,2.3110745123937844,-1.06,6.3893214656038495,1,FALSE,-0.5456087312442423,none,0.7478408394925,0.0364206151654,unremarkable_p99
per90_back_passes,2.3095596542907693,-1.061,4.417602955805929,0,FALSE,0.2993609653957574,none,0.8203870508125,0.00773331251575,unremarkable_p99
per90_fouls_suffered,2.293494612536789,-1.077,4.5942370542098745,0,FALSE,0.8594738998418555,none,0.778851362315,0.019207917731875,unremarkable_p99
per90_yellow_cards,2.264418128172893,-1.107,3.9113632540593937,0,FALSE,0.8533236685033699,none,0.4406178883525,0.016402708916625,unremarkable_p99
per90_loose_ball_duels,2.240125490784975,-1.131,5.036597602859159,1,FALSE,0.6556265282913809,none,0.7182396514175,0.1133905076205,unremarkable_p99
per90_dribbles_against,2.23661355672034,-1.134,4.224157680710369,0,FALSE,0.326762913237217,none,0.69932018073,0.1277122281165,unremarkable_p99
per90_forward_passes,2.2089943182404803,-1.162,4.049369111194048,0,FALSE,0.2443144338509335,none,0.8503167652,0.004307332679915,unremarkable_p99
rate_aerial_duels_won,2.2027956182712876,-1.168,6.830582494430839,2,FALSE,0.5928982540039834,none,0.77050427556,0.0039308212506,unremarkable_p99
per90_passes_to_final_third,2.1905295661460964,-1.18,4.107444743403625,0,FALSE,0.8773152324211305,none,0.7815386401925,0.021985786619525,unremarkable_p99
per90_fouls,2.088526300145003,-1.282,4.906055081638088,0,FALSE,0.5235155725581069,none,0.7282816387925,0.025891511436325,unremarkable_p99
per90_progressive_passes,2.0754339744049286,-1.296,4.807505579785204,0,FALSE,0.23289670773686572,none,0.7719214687175,0.04865863993599999,unremarkable_p99
per90_opponent_half_recoveries,2.0657046967617134,-1.305,3.7528235571906423,0,FALSE,0.3197576854378654,none,0.7903941958925,0.00498496762591,unremarkable_p99
per90_defensive_duels,2.037331476603121,-1.334,3.2935997547232194,0,FALSE,-0.2645869726139634,none,0.7860174982225,0.077482891283,unremarkable_p99
per90_recoveries,2.0173213638396117,-1.354,4.005935965125446,0,FALSE,0.2123744212248248,none,0.887367626605,0.0110822054284,unremarkable_p99
per90_interceptions,1.9784086727499632,-1.393,4.193078491163786,0,FALSE,0.31102630665506814,none,0.7806371912825,0.0663148090305,unremarkable_p99
per90_losses,1.949710129967507,-1.421,4.729391904662613,0,FALSE,0.01539274650748082,none,0.7507918417275,0.07141682098425,unremarkable_p99
rate_successful_sliding_tackles,1.8986291315005608,-1.472,2.0649141004010167,0,FALSE,0.1644954936968359,none,0.0490659732185,0.0118090440586275,unremarkable_p99
per90_own_half_losses,1.872650817436908,-1.498,3.013598603425571,0,FALSE,-0.1931101231539692,none,0.673475739015,0.01802978284975,unremarkable_p99
