param,mean,sd,q05,q50,q95,ess_bulk,rhat
nu,4.902319264125,0.06569889555118692,4.792683235,4.90231835,5.01071933,2733.6838935218816,1.000255949590222
Lambda_a.1.1,0.6973235775325,0.01775238734042083,0.6685301634999999,0.697249835,0.726271436,654.7635144597466,1.0012456672373902
Lambda_a.2.1,0.29646363681,0.018056642596007613,0.266824942,0.296619935,0.326055529,310.121043628189,1.0029794619489276
Lambda_a.3.1,0.8110112518625,0.018096965607189458,0.782081754,0.81068126,0.841699218,421.16964341732734,1.005239927053862
Lambda_a.4.1,0.350731286725,0.022584060346364752,0.312816967,0.350903735,0.38789577049999996,219.15299967396564,1.004696131951038
Lambda_a.5.1,0.7742582953925,0.01956026663217384,0.74185768,0.774096015,0.8063906215000001,418.0296159622084,0.9999505134883573
Lambda_a.6.1,0.4875404541225,0.024003433434648978,0.4482450935,0.48763747999999996,0.5273621470000001,265.58635207827786,1.0109195868012015
Lambda_a.7.1,-0.3429649292025,0.02558774587317938,-0.383717355,-0.34290327,-0.301065825,214.9701531051437,1.0135699407672505
Lambda_a.8.1,-0.47005428353,0.025256001515138998,-0.510521475,-0.46992438000000003,-0.4283700755,214.9788821966821,1.0131475361184468
Lambda_a.9.1,-0.73188638613,0.021567351156833756,-0.7668313535,-0.732172545,-0.6952154795000001,259.7801112215646,1.0089905693707664
Lambda_a.10.1,0.2527407193675,0.025586391326751307,0.21159248100000003,0.253025455,0.29447333200000003,215.69048358487763,1.0074454629521992
Lambda_a.11.1,-0.449509969025,0.024664901185449367,-0.48928708049999997,-0.44964281,-0.408874754,253.64649422531824,1.0099722824017192
Lambda_a.12.1,-0.7483970205925,0.020574562649293325,-0.7831268349999999,-0.74823239,-0.7154259525000001,424.4584131480556,1.0038308856199416
Lambda_a.13.1,0.2921062823025,0.01849965672725681,0.261999995,0.29252336,0.32256096799999995,244.68334583683185,1.0037072679641192
Lambda_a.14.1,-0.7359871910775,0.02058432322863045,-0.7690669520000001,-0.7360840900000001,-0.7024209985000001,278.6193637959111,1.0117430300492951
Lambda_a.15.1,-0.4596991565725,0.02258390489660114,-0.4969318145,-0.459422285,-0.42364261350000004,291.93382724102077,1.0072598624428808
Lambda_a.16.1,0.3318188678925,0.023495661634617172,0.2933772505000001,0.33165514,0.3703853455,217.53134103095567,1.0050216314778015
Lambda_a.17.1,0.11514749358675,0.02236956991434294,0.07845025135,0.115139395,0.15138551600000003,302.5235270559806,1.006155210172897
Lambda_a.18.1,0.037634855977765946,0.02777504574361582,-0.007932187834999998,0.037998326,0.08355429454999998,203.45792912149165,1.0041888386913043
Lambda_a.19.1,0.37039616334,0.024697320251934416,0.33021276549999995,0.370382995,0.41093736849999996,195.85731863919185,1.0072970087095225
Lambda_a.20.1,-0.2152565522825,0.025172382069699118,-0.2561339285,-0.215931135,-0.172466522,313.444910780591,1.002981230499348
Lambda_a.21.1,0.05932055755615,0.02044733221755286,0.0247814441,0.0595865695,0.09194887719999999,311.571329565703,1.0094169367412205
Lambda_a.22.1,0.4265498656225,0.026223075123864622,0.3833529095,0.426546325,0.47132318549999996,216.0624447479539,1.00191200105131
Lambda_a.23.1,0.21338230708,0.02389878847521854,0.17512695150000002,0.21295688000000002,0.2530821485,249.44717055437064,1.0051104573554022
Lambda_a.24.1,0.1838592349825,0.022155520715983913,0.148179925,0.184226375,0.22019221449999998,285.161013666703,1.0026502559795385
Lambda_a.25.1,-0.20047495646,0.018065547014174618,-0.22977606099999998,-0.200235125,-0.171316134,866.9775466431342,1.0015700068433517
Lambda_a.26.1,0.7735140832425,0.018607878142592075,0.7428928260000001,0.77334713,0.8048783255,405.9786470688588,1.000111000826776
Lambda_a.27.1,0.30488193634,0.02318953529247082,0.26615743550000004,0.30463501,0.34319833749999995,400.4323053120627,1.0017368649499876
Lambda_a.28.1,-0.576853880775,0.019202032747786913,-0.6086707874999999,-0.5766892299999999,-0.545952627,765.1576120002419,1.0009671569977212
Lambda_a.29.1,-0.46820257068,0.01790769331175534,-0.497381039,-0.46790596500000003,-0.437942975,439.7566321069905,0.9998805146854255
Lambda_a.30.1,-0.8329849079,0.019527632008285212,-0.8659375565,-0.83273934,-0.8015544895,324.2556577603382,1.0010979460645533
Lambda_a.31.1,-0.19301230197,0.02423064720020074,-0.232989119,-0.192280695,-0.1527328835,490.3957200156207,1.0064583937075517
Lambda_a.32.1,0.154440915756,0.020960686716942855,0.12013605399999999,0.154488835,0.188461286,475.1166624837804,1.0012836351831471
Lambda_a.33.1,-0.814836626775,0.01829485707574662,-0.8458198775000001,-0.814838105,-0.784754593,386.76292770051214,0.9999415081265024
Lambda_a.34.1,-0.69239058773,0.021642998476870696,-0.7280817399999999,-0.6918163150000001,-0.6577618085,258.40262165099284,0.9998705811214095
Lambda_a.35.1,-0.524623972445,0.02207392439886089,-0.560557972,-0.52475859,-0.48896186700000005,284.3311553700385,1.0011497310516937
Lambda_a.36.1,-0.6045975541875,0.021226859346304475,-0.639771413,-0.60489317,-0.5700214255,439.28720867470315,1.0069042023304537
Lambda_a.37.1,0.603771219255,0.02341558460436155,0.56534823,0.604232855,0.6429345864999999,284.4071924307637,0.9999858059363912
Lambda_a.38.1,0.2468254379475,0.023877057474229565,0.2088699,0.24661199,0.2872958755,292.7280980194547,1.0070613455999966
Lambda_a.39.1,0.4505437278175,0.0164192238470906,0.42315876799999996,0.450491555,0.477062902,535.7333299523211,1.001838011569766
Lambda_a.40.1,0.401372819265,0.021046124752903773,0.36789687099999996,0.40086072500000003,0.436456227,707.7198048630324,1.0020455647261628
Lambda_a.41.1,-0.2635241193475,0.020718880079844584,-0.297077601,-0.26360715999999995,-0.23032505649999999,1093.70716484487,0.9999025808499873
Lambda_a.42.1,-0.6800040502275,0.018899989111094893,-0.7104528805,-0.67990894,-0.6492331855,351.2918724097501,1.0026928521479823
Lambda_a.43.1,-0.3751011485875,0.0186602972370892,-0.4055020225,-0.37509400000000004,-0.3440207635,521.1160458425242,1.001345185017663
Lambda_a.44.1,-0.4184900903625,0.01874589993920042,-0.4499082135,-0.41858175,-0.38779595750000007,650.2965794540647,1.0044330728885396
Lambda_a.45.1,-0.48392382275,0.022698761785370468,-0.5213357765000001,-0.483657565,-0.44780554,368.30107225935404,0.9997855372901309
Lambda_a.46.1,0.092918012724375,0.02415033964608138,0.0534386562,0.09253579549999999,0.13510331,929.017789013513,1.0034332256116638
Lambda_a.47.1,0.4038598086625,0.02406501996489221,0.36414197200000004,0.40403024,0.443038208,501.9216640772369,0.9998781898257998
Lambda_a.48.1,-0.190520066255,0.019956993893214522,-0.223037172,-0.19057496499999999,-0.15747980600000003,1794.4872923448174,1.0024634159677828
Lambda_a.1.2,0,0,0,0,0,NA,NA
Lambda_a.2.2,0.44515244109,0.014824479903504707,0.4208018155,0.44476037,0.470069138,775.1951010955073,1.0010231188338958
Lambda_a.3.2,-0.025914361277490198,0.01839096316022807,-0.0553152165,-0.026273839,0.003820940999999952,305.58365405906306,1.001746161682232
Lambda_a.4.2,0.6557656526125,0.016446430937906042,0.6296076445,0.65549219,0.683286125,496.9441913130946,1.003312523080118
Lambda_a.5.2,0.24625899793,0.018908788875395342,0.21607739199999998,0.24568930500000002,0.278073907,387.58225678242377,1.000091969678221
Lambda_a.6.2,-0.5195546374775,0.020774144456768208,-0.554858048,-0.51918116,-0.4859378485,582.1375863772884,1.001683654699404
Lambda_a.7.2,0.3658158551425,0.029736036549371056,0.3145107625,0.36612989500000004,0.413808462,131.86837328206164,1.0022529825414832
Lambda_a.8.2,0.3079931780375,0.02959424081540307,0.256523522,0.309095905,0.35538227199999994,133.73876797860396,1.0030981030301072
Lambda_a.9.2,0.08128306936232,0.025263472336482216,0.03845267205,0.08184238099999999,0.1214413385,153.93818434837956,1.0029912336317826
Lambda_a.10.2,0.679367232775,0.02091994930301113,0.6457423699999999,0.67891393,0.7140047070000001,361.2436465998145,1.0038407576909487
Lambda_a.11.2,0.094945323884675,0.03068509830206037,0.0423516211,0.095843969,0.14402886449999996,129.60010293997038,1.0012715231490927
Lambda_a.12.2,-0.0106473110838229,0.022285609453901532,-0.04779340955,-0.010482680500000001,0.026028489949999994,232.25008986679538,1.0013491054253165
Lambda_a.13.2,0.4812709170125,0.01522507388255638,0.45664665050000003,0.48079579,0.5066096435,595.2562821652434,1.0024023945763882
Lambda_a.14.2,0.2699771872975,0.021888673961555073,0.232918017,0.27032628000000003,0.3064054255,190.76067014668152,1.004147870910971
Lambda_a.15.2,0.19039994898,0.025723772622378863,0.147249224,0.19050213,0.2318792005,183.74697631901927,1.0021608583318737
Lambda_a.16.2,0.68653654397,0.017231615266052474,0.657792172,0.686259695,0.715179429,454.69732027832407,1.0015085415676386
Lambda_a.17.2,0.45804096693,0.02086048647614336,0.42301934350000003,0.45818558,0.49201211500000003,420.4232296097034,1.0009676598525634
Lambda_a.18.2,0.7616298597,0.023589751325073897,0.722931585,0.76159329,0.8010249469999999,193.8876463370725,1.0013254472725441
Lambda_a.19.2,0.7577848957875,0.01715570598817619,0.7303746215,0.75745693,0.7867457884999999,444.9383541174836,1.0038813227853947
Lambda_a.20.2,-0.16238482509899999,0.030863146460132173,-0.214920839,-0.161809445,-0.11176836450000001,136.77171186018342,1.0000962261121196
Lambda_a.21.2,0.352889415665,0.020125324688914405,0.3194711595,0.35345977500000003,0.384617305,268.1193521593919,1.0006936596378897
Lambda_a.22.2,0.68142927043,0.02152497842006658,0.6464294905,0.681671065,0.717795503,257.37010522198216,1.0010143364626893
Lambda_a.23.2,0.594901104925,0.019520300276280822,0.5633054145,0.594566205,0.6271464945,552.1514791683984,1.0027722340023002
Lambda_a.24.2,0.5337587054575,0.018709196501809727,0.5035252295,0.533700525,0.564469574,516.0386031181341,1.0012551538686074
Lambda_a.25.2,-0.0722305514069,0.019377416985849966,-0.10394611100000001,-0.072298478,-0.0403202447,438.69327284473974,1.0001998757867705
Lambda_a.26.2,0.18933908313,0.019055696260166212,0.15794201400000002,0.189153515,0.22068229150000002,289.1213209101658,1.0010234380181897
Lambda_a.27.2,0.358388527725,0.024069754936152935,0.32090033300000004,0.35790729,0.3985266324999999,232.12582333115503,1.0005921062583059
Lambda_a.28.2,-0.11398383400325,0.01906241874452401,-0.1457180005,-0.11398895,-0.08256161365,575.3344857525304,1.0003447715944773
Lambda_a.29.2,-0.2712523564425,0.01726231575674967,-0.3002833265,-0.270922235,-0.24348261750000003,460.84029882334545,1.0001262923483492
Lambda_a.30.2,-0.201261097085,0.02025000185263093,-0.235311238,-0.20090217,-0.168654735,210.99596714692936,1.0007127652469043
Lambda_a.31.2,0.3433504759825,0.02370104540318605,0.30478303650000005,0.342779645,0.3827503975,519.5783297125773,0.9999959883572553
Lambda_a.32.2,0.388399839365,0.018483365430560894,0.358232041,0.388281255,0.41889668049999995,1279.4676789482776,1.0011963142913
Lambda_a.33.2,-0.1941689898675,0.018310049384875963,-0.2244482635,-0.19394367,-0.16385312300000002,277.67723288746373,1.0013996069586748
Lambda_a.34.2,-0.461150044375,0.018580436516983316,-0.49137771350000004,-0.46129871,-0.431101917,384.84707412273696,1.0005222268114913
Lambda_a.35.2,-0.460153491245,0.02011354377609026,-0.49373720149999994,-0.45965763000000004,-0.42772758749999995,296.83217257766836,1.0004461392350719
Lambda_a.36.2,0.231050456415,0.021276613668318543,0.196714833,0.23102834,0.2662772614999999,450.79168270480477,1.0011803594473996
Lambda_a.37.2,0.515679620945,0.021294413712664523,0.481126219,0.5153622499999999,0.5507479265,244.61643261904987,1.0004478111942379
Lambda_a.38.2,-0.5435216827125,0.02035854638514039,-0.5770364915,-0.54336664,-0.5097818215,535.8563723710532,1.0033429084339283
Lambda_a.39.2,0.09672360520625,0.016659204517452023,0.0687516505,0.09654734649999999,0.12360596049999999,329.38843215269134,1.0017085797964318
Lambda_a.40.2,-0.1360953038345,0.022187355948625923,-0.171649632,-0.1368735,-0.09894154360000003,376.30360744272826,1.0025805921664965
Lambda_a.41.2,-0.0405332045852999,0.020509783511865186,-0.07325921205,-0.040509724,-0.006723362425000015,837.9983716844341,1.000953763487774
Lambda_a.42.2,0.2526375254,0.019434635820048864,0.220350924,0.25277906,0.28486296,373.5147600634958,1.0014947543163921
Lambda_a.43.2,-0.21323097028,0.019149516315984435,-0.2441679355,-0.213216675,-0.181905752,332.97001686415575,1.000549555002451
Lambda_a.44.2,0.15723276522725,0.019488072324545424,0.1254158135,0.15732523,0.18947386749999998,563.8542323388923,1.0014349873336328
Lambda_a.45.2,-0.4077998470475,0.02125146973609038,-0.442658961,-0.40712004999999996,-0.3737238145,381.234225743499,1.0007233873543921
Lambda_a.46.2,-0.07919544110702,0.024430233738197835,-0.120543869,-0.07882520900000001,-0.03995584120000003,708.7193574351962,1.0013255175657139
Lambda_a.47.2,0.364381028245,0.02253000363135769,0.32766166399999996,0.36451899,0.402018644,698.4502627753914,1.0001813903721666
Lambda_a.48.2,-0.12025830852525,0.020284824252515835,-0.15421478300000002,-0.120335895,-0.0869135826,2397.9397251872374,1.0001966887117648
Lambda_a.1.3,0,0,0,0,0,NA,NA
Lambda_a.2.3,0,0,0,0,0,NA,NA
Lambda_a.3.3,0.14075129524024999,0.012984222587316479,0.11917428349999999,0.14059436,0.16238462449999996,444.6094029447036,1.0016939413947987
Lambda_a.4.3,0.0633676178002975,0.019595274196927418,0.030454200749999997,0.06422443750000001,0.09507668644999999,156.39169564605163,1.003314789454809
Lambda_a.5.3,0.12746150922,0.016701332247998597,0.0999998138,0.12722362,0.15514475799999997,627.7245693567569,1.0023470905949825
Lambda_a.6.3,-0.007144639591335003,0.02491953711716477,-0.047587112749999994,-0.0079742702,0.033595619399999985,213.50344363251403,1.0000420074419207
Lambda_a.7.3,-0.7479237966075,0.01984337121492379,-0.7803525969999999,-0.747904095,-0.7151415865,196.30182363575489,1.0010993008888966
Lambda_a.8.3,-0.740875353315,0.019393137113251236,-0.772704868,-0.740848575,-0.7091509695,225.0727236438133,1.0004101234818452
Lambda_a.9.3,-0.5614484267425,0.017045799158796674,-0.5899080409999999,-0.5610153250000001,-0.5342027495,304.45905603818915,1.0018915380989577
Lambda_a.10.3,-0.1802643981,0.024225242539706055,-0.220490935,-0.17970322,-0.14146737250000002,189.91714944753429,1.0013506517648398
Lambda_a.11.3,-0.7716453368,0.01765679834020297,-0.801281909,-0.771301115,-0.7432098575,338.4226118321527,0.9998148529164577
Lambda_a.12.3,-0.3438489156525,0.018844056580368817,-0.37520277,-0.34359366999999996,-0.31334147,481.92771489061585,1.0009064927405074
Lambda_a.13.3,-0.072444463103,0.016752306973735486,-0.1002410765,-0.0721701255,-0.044958489850000005,221.07334116366675,1.002108838609266
Lambda_a.14.3,-0.4054660440125,0.019341716060994274,-0.43729647599999993,-0.4051309,-0.37370975200000006,205.98469148862887,1.0020211265956809
Lambda_a.15.3,-0.553575643015,0.019828694731502235,-0.5867423165,-0.553007765,-0.5214018575,399.509440566987,1.0001581623510987
Lambda_a.16.3,0.1255163595125,0.020832956755920444,0.090498738,0.12589603,0.1587887925,156.8497452439288,1.0026109592369505
Lambda_a.17.3,-0.2535363209875,0.020792849951317426,-0.28792107149999996,-0.25306377,-0.21923823900000003,343.835511683644,1.0040343911471956
Lambda_a.18.3,0.4114133145525,0.025245871034915972,0.36806289150000004,0.411925635,0.451490525,154.45457010336716,1.0022229759985986
Lambda_a.19.3,0.07291268835374999,0.021558527409045083,0.03568377115,0.07362207200000001,0.107160085,143.2629738615874,1.0037186957250546
Lambda_a.20.3,-0.7352342074175,0.019040475485862456,-0.7670647070000001,-0.73519303,-0.7041193935000001,825.9480259400578,1.0011402808782803
Lambda_a.21.3,-0.342313890525,0.017792329060043806,-0.3724893905,-0.34202128,-0.3137312785,364.06639293331233,1.0005678934368603
Lambda_a.22.3,0.319437325915,0.02263420474316138,0.28117731849999994,0.31987408,0.356232233,190.05594933814064,1.0031730138470882
Lambda_a.23.3,0.09139517924475,0.02229900170789406,0.0539828539,0.09202122800000001,0.12713043649999997,250.95172778359878,1.0034845336395828
Lambda_a.24.3,0.187299114365,0.02104163866201903,0.15261826050000002,0.187771115,0.221645176,230.9730561031806,1.0007672237337575
Lambda_a.25.3,-0.2674407101525,0.018202348453832614,-0.298080319,-0.26707703,-0.23839918750000003,2396.959325277715,1.0010855980386608
Lambda_a.26.3,0.1877743639175,0.01574614469385194,0.161576536,0.18801221499999998,0.2136797465,641.5676824280586,1.003838270366305
Lambda_a.27.3,0.391663742085,0.021548755665760786,0.3562556875,0.39156746,0.42804243299999994,464.05526038282375,1.001425800546835
Lambda_a.28.3,0.022177102226708576,0.018533073855507443,-0.007666508764999999,0.022041048,0.05342789609999999,1067.5995118091325,1.0004499808601774
Lambda_a.29.3,-0.1631914420075,0.016073328502974764,-0.190098208,-0.16299198,-0.13711957700000002,699.628214971255,1.000883989483246
Lambda_a.30.3,-0.30739657585,0.015462615729554978,-0.3331307225,-0.30678145,-0.2822249,435.5414095151541,1.0014738124369544
Lambda_a.31.3,-0.1747007829595,0.02567066538140237,-0.217020309,-0.17475563500000002,-0.1314503135,404.4691307455719,1.0010672111614762
Lambda_a.32.3,-0.0610856942596325,0.020484547394314993,-0.09539874324999999,-0.060490676,-0.027809781750000012,453.68207190975335,1.0015769692511431
Lambda_a.33.3,-0.12009826411675,0.01565032087512543,-0.1467394385,-0.12000782,-0.09499341525000002,515.0880077780056,1.0000716313340408
Lambda_a.34.3,-0.067950883459925,0.01882776714427712,-0.09828636645,-0.0675160525,-0.037177990750000015,329.4718567419682,1.0020842811719488
Lambda_a.35.3,-0.2535376884075,0.018881143916499497,-0.28488425999999994,-0.253513375,-0.22231292649999998,306.39728589550464,1.0037380989467142
Lambda_a.36.3,0.12690423769925,0.022244465147502734,0.0900628205,0.127349145,0.16411775499999998,389.63620048749897,0.999899323431309
Lambda_a.37.3,0.2735963021975,0.0198002589635147,0.24051270800000002,0.27382088,0.30554498049999995,255.3589192919121,1.0019832671509192
Lambda_a.38.3,0.116585425336,0.024233894675663812,0.07631676215,0.11710501000000001,0.15576744999999997,192.72990700784257,0.9999413565755236
Lambda_a.39.3,0.2201049796775,0.014495122306671522,0.19662333299999998,0.219868945,0.244147972,1066.170279830874,0.999927448278035
Lambda_a.40.3,0.2389156467825,0.02159844775588937,0.203394909,0.23888733,0.274726417,621.6814666385478,1.002110380517465
Lambda_a.41.3,-0.06489963225482,0.020336850994306835,-0.09815242679999998,-0.0652955315,-0.031222951250000002,881.349224446697,1.000927494115091
Lambda_a.42.3,0.106296406425,0.01974727447157569,0.07402088424999999,0.106654205,0.13849576649999998,310.8787774107685,1.0028847768486175
Lambda_a.43.3,-0.273249469145,0.016332827230546392,-0.30012900299999995,-0.273063475,-0.24642725350000003,929.3395074812939,1.000603559840899
Lambda_a.44.3,-0.18932994806,0.01955103017518191,-0.22202111,-0.188899435,-0.156843514,643.2476513732688,1.000546103105953
Lambda_a.45.3,-0.2190977240175,0.020756424462644394,-0.25265492300000003,-0.219259465,-0.18487641700000002,569.7680930193566,1.0000342008179268
Lambda_a.46.3,0.1918820936025,0.023678316777973125,0.1525278485,0.19210472,0.22978448499999996,795.3216433619515,1.0002069292879205
Lambda_a.47.3,0.13940718560675,0.02359618210761606,0.10055054199999999,0.13923023499999998,0.1773428385,583.7767575140656,0.9999616088916999
Lambda_a.48.3,0.0240816538682125,0.020613195443370785,-0.009946723055,0.023800043,0.05794980414999998,2375.5177653288347,1.000161652587783
psi_a.1,0.3212865693325,0.015848932310082716,0.2956563365,0.32111285,0.34729034400000003,558.3157849235129,1.0009760133842538
psi_a.2,0.15285751821125,0.026585451431572052,0.106336877,0.154650025,0.1937236965,658.8922541513158,1.0028947191881465
psi_a.3,0.302241328955,0.012425173233052825,0.2818640005,0.302381465,0.322738344,528.1658996944948,1.0010187284924221
psi_a.4,0.187876305205,0.01545032533722968,0.1616000535,0.187999965,0.21253641899999998,851.6688197313433,1.001002989544662
psi_a.5,0.3708320990375,0.011053667250592487,0.352494263,0.37068071,0.389139904,896.1748403675305,1.003753015900175
psi_a.6,0.4982753663125,0.01615706136588638,0.47190144800000006,0.498182175,0.525346849,924.8111887931614,1.0020224498043226
psi_a.7,0.020367792569035776,0.0141458672660628,0.0018350267100000002,0.018298121,0.046426148599999995,1081.9062168794017,1.0002443156423997
psi_a.8,0.00649262778691657,0.004885028172034959,5.644367280000002e-4,0.0054239003,0.0160770136,3124.657971946308,1.0007440562123373
psi_a.9,0.1627353855725,0.008300012190406669,0.149337568,0.162672545,0.17638411599999998,1406.4926814755233,1.0006738644233795
psi_a.10,0.4657869329925,0.013178497311899745,0.44431363999999995,0.46555529500000004,0.48768374849999996,1297.2587561968417,0.9999795827624686
psi_a.11,0.16288917149,0.009724397639459299,0.146742923,0.162941275,0.17886553900000002,1375.7015352200715,1.0003186913270563
psi_a.12,0.4244945961325,0.011657918368392776,0.405861115,0.42426248,0.443876006,1075.1582419009035,0.999847356170214
psi_a.13,0.3105087209475,0.011102270298000863,0.2926374625,0.310326355,0.32920623099999996,1225.4026848089502,1.0000312243313279
psi_a.14,0.2086333139075,0.009876151164479225,0.1925461945,0.20865684,0.22506663249999997,736.0794519926578,1.0001464333930739
psi_a.15,0.4097620161525,0.0110539913528574,0.39188821349999997,0.40951446,0.4277894355,1221.0177652705092,1.0008691720091827
psi_a.16,0.1955917668125,0.015293544008084909,0.17020339399999998,0.19555524000000002,0.2208910985,808.0331903517852,1.0020367504830205
psi_a.17,0.465523413685,0.014693731182126996,0.4416690815,0.4655298,0.4894594625,1305.3071978957737,0.9999731678084034
psi_a.18,0.384074505985,0.013271518152333224,0.36262004100000006,0.383876025,0.40620525199999996,857.7532269491796,1.0011957045057327
psi_a.19,0.18128970251,0.014319100124086184,0.15743341800000002,0.181346435,0.20438744949999998,606.2623898684794,0.9999461966273493
psi_a.20,0.3934393406025,0.01329704570359219,0.371515641,0.3933162,0.41566600899999995,891.9421027514409,1.000969170928663
psi_a.21,0.3308094910225,0.016810883725908388,0.3033882405,0.33071297499999996,0.3585949665,1223.3442277617323,0.999859647470577
psi_a.22,0.39128437722,0.01077109644986592,0.37358151050000005,0.39114973,0.409534913,1117.853722777382,0.9998303273386792
psi_a.23,0.5054434459875,0.013945788073405675,0.4830189245,0.505084155,0.5286390525,1205.131059209053,1.0007232869031935
psi_a.24,0.4560659117,0.013647284060646855,0.4340416425,0.45564825,0.47899302599999993,938.6030589410442,1.000220747692518
psi_a.25,0.4085146899625,0.019089582443977144,0.37754944500000004,0.40836972000000005,0.44029560149999986,1099.64135431409,1.002975516863456
psi_a.26,0.3561810733275,0.010385836421182692,0.33938071750000004,0.356027845,0.3736986685,1266.239208602031,1.0000540621208145
psi_a.27,0.5488997068925,0.015295678190954662,0.5242327945,0.548708415,0.5746904250000001,931.3239547759897,1.0012492855823683
psi_a.28,0.4108277402225,0.016965674902325423,0.38354984200000003,0.410138625,0.4396111425,1181.229736875226,1.0011349820112487
psi_a.29,0.2666890112775,0.0188211792104762,0.23561699700000002,0.26647090500000004,0.2979329395,1097.2070131033327,1.0005009713538526
psi_a.30,0.224801244275,0.008610586976259244,0.2111984795,0.224588925,0.239273295,1053.9748347550858,1.0005607633297469
psi_a.31,0.719325053765,0.017398637359921074,0.6915635254999999,0.7189785449999999,0.748261334,1231.0135837355517,0.9998277926129796
psi_a.32,0.42888013567,0.018798183453277537,0.397793362,0.42841246,0.4597810195,1335.1708091120745,1.0001126341038198
psi_a.33,0.2613987645525,0.010830658090113127,0.24380578449999998,0.26122289,0.2793729825,845.422315725271,1.0005694777832541
psi_a.34,0.3763868025025,0.011130155736636687,0.358427965,0.37630253999999996,0.394652172,1166.259310451913,1.000428345987012
psi_a.35,0.30715527573,0.01570577054212519,0.281577437,0.30727101,0.332737419,1115.622840245969,1.0005445123679448
psi_a.36,0.54895242456,0.015548031358976566,0.5231633545,0.548855725,0.5741639315,812.3021940253325,1.001036629729236
psi_a.37,0.439288105375,0.010939199145527254,0.421946632,0.439079095,0.45734547449999996,1007.3550594059783,1.0001348685189415
psi_a.38,0.5833653841650001,0.014586222905081554,0.5603038189999999,0.58326569,0.6075933285,1116.1581883504946,0.9998934549850685
psi_a.39,0.368342825205,0.011609210122601374,0.34942029,0.36821701,0.38776987649999994,1114.5307949228948,0.9998510007146542
psi_a.40,0.61312081356,0.015218243459929979,0.5888764584999999,0.6130694649999999,0.638902301,1287.1369225797705,0.9999259298515543
psi_a.41,0.65714435754,0.01677182733840104,0.6289634344999999,0.6571233599999999,0.6841565439999999,1089.1871238247058,1.0000422498638033
psi_a.42,0.36991691726,0.013835286824141117,0.34740158849999997,0.369880965,0.39246303549999995,835.5403265001682,1.0001783283571468
psi_a.43,0.3550070771875,0.017013105473745148,0.3277875085,0.354737935,0.3834542635,1062.544856336733,1.0009080034802014
psi_a.44,0.456989273705,0.01672712520496099,0.430403074,0.45685816,0.4845384015,1271.3458075608091,1.0000766663999427
psi_a.45,0.491963269305,0.015458254518225282,0.4664693155,0.491993865,0.5173722555,1040.4127019491564,1.001070888578105
psi_a.46,0.7733271129975,0.018039133996283024,0.7441270985,0.772995525,0.803226305,808.6499135098661,1.001854737377652
psi_a.47,0.68721104166,0.016401232897061864,0.660889488,0.68693903,0.714827596,986.9488298794516,1.0037178396183497
psi_a.48,0.5686231868875,0.019252388530580165,0.537368795,0.568664805,0.59955144949999994,1239.1203369780283,0.9998007027952633
sigma_b.1,0.0349734776538075,0.015845402518704463,0.01140006015,0.033941917,0.06255540239999999,1023.3246687455891,0.9998150039946416
sigma_b.2,0.09370489719775,0.02737657496198877,0.05878387655,0.08904658600000001,0.143787757,1631.2327681646727,1.000010417900142
sigma_b.3,0.020491735764755582,0.010435958763958902,0.005036515199999999,0.019508581,0.038729708749999994,1277.098078847033,0.9998017106251531
sigma_b.4,0.07773149639975,0.021593521102457974,0.049757549750000005,0.07420918,0.11753075499999997,1497.3100737250834,1.0008650636295504
sigma_b.5,0.0806949350475,0.02281822502160538,0.0518801947,0.07675978450000001,0.123546869,1607.6389817647341,1.00090544966929
sigma_b.6,0.023502197638238225,0.015144195584876357,0.00275679151,0.021375317999999997,0.051444601899999984,1136.1629884012912,1.0050738469977885
sigma_b.7,0.19582694886475,0.04948256127815654,0.1345871145,0.185998835,0.286680398,1660.898001845773,1.0003820033144757
sigma_b.8,0.094583966193,0.024805095463767596,0.0627181719,0.089966134,0.14278634499999998,1847.7514087146712,0.9997654199643907
sigma_b.9,0.054271910425,0.015686956919106317,0.0343559544,0.051484027,0.083577891,1825.5891944478053,1.0001046370865072
sigma_b.10,0.10487683536225,0.026967467194597472,0.06984495119999999,0.10057254,0.155582807,1775.377735512155,0.9997940781689804
sigma_b.11,0.11645561749875,0.030681175133353826,0.07751704350000001,0.11120622499999999,0.1732558295,1825.9959703175625,1.0016930503017225
sigma_b.12,0.06474165748475,0.019774166899984503,0.039493258350000005,0.061317294999999994,0.10150133149999999,1611.2055180159905,1.0003150921852557
sigma_b.13,0.6987081891675,0.14252642609562774,0.5060893575000001,0.6794106,0.9540581959999999,1987.0529111651974,1.0000151581594368
sigma_b.14,0.2064923453625,0.05060974919635194,0.1408600485,0.198420135,0.2996962549999999,1491.7889385837284,1.0001017493395907
sigma_b.15,0.13101827690425,0.0333724653574211,0.0875110886,0.12605345499999998,0.1948426055,1759.2321626559178,1.0009391267955883
sigma_b.16,0.061465192815,0.019580688054928855,0.03578545545,0.0581181805,0.09842700624999995,1571.2291930679942,1.0008610951922412
sigma_b.17,0.3929217408075,0.09206769077183455,0.270393556,0.378812185,0.5642317474999999,1790.9248925431857,1.0011933579115342
sigma_b.18,0.11536923292925,0.030597542392319314,0.07630450865,0.110085665,0.172417359,1634.2040009329596,1.0006794315849985
sigma_b.19,0.11270479183325,0.03029492826716959,0.0749635348,0.10725141,0.16995343099999993,1560.2064613121652,1.0002207543853607
sigma_b.20,0.17540868505025,0.04365911859701068,0.1201682645,0.16807956,0.25760334249999994,1492.2805295883163,1.0001383577307505
sigma_b.21,0.3006308146875,0.07187174922864484,0.208962179,0.287583075,0.43640588199999997,1418.1217173431544,1.0000836327228586
sigma_b.22,0.3598528560375,0.08482127303877467,0.25131877550000004,0.34539390000000003,0.5147516179999998,1315.8906634789575,1.0002357812606053
sigma_b.23,0.20187062168325,0.05130477881513722,0.137490932,0.193363785,0.2944766259999999,1712.364557265978,1.0006479860797992
sigma_b.24,0.37496600742,0.08714876368952398,0.261913654,0.36009308,0.5307420634999999,1487.3977645586153,1.000350353336497
sigma_b.25,0.1218558558325,0.03512591307837186,0.07597068,0.1163943,0.187535715,1325.2990890957462,1.0020314480527066
sigma_b.26,0.035175646140025,0.01143624387590095,0.0199391339,0.033469534999999995,0.05612212819999998,1590.0737239124257,1.000452354227328
sigma_b.27,0.3226917089475,0.07777893817166194,0.223604452,0.309457475,0.4660835314999999,1639.4410720442597,1.00110474495316
sigma_b.28,0.16662101738750001,0.043067046745775994,0.1112845705,0.15907018499999998,0.24729436249999998,1586.7045651752917,1.00301121609649
sigma_b.29,0.118403230076,0.03415379421260197,0.07475305905,0.112481285,0.18102420949999998,1662.4907448135727,0.999822222070262
sigma_b.30,0.08819999698525,0.022285328934096647,0.0592092489,0.08471127549999999,0.13030881349999998,1782.8707443023993,1.0000059628745708
sigma_b.31,0.07593526607625,0.0219752661395572,0.046872854750000005,0.07235762300000001,0.116924822,1873.9203613149155,0.999754754681274
sigma_b.32,0.08270396144425,0.026118727894154953,0.04923321704999999,0.0785913435,0.13093668599999997,1571.3202631472373,1.001489143222281
sigma_b.33,0.2512676673,0.06254098255460884,0.17178596599999998,0.240132855,0.3648542569999999,1598.825667919727,0.9997736227661862
sigma_b.34,0.136028078302,0.03480564596322625,0.09166100599999999,0.12941922500000003,0.20179665499999994,2005.465891244633,1.0005523711318423
sigma_b.35,0.114892453071,0.03076230268791137,0.07517334500000002,0.110014045,0.1708041104999999,1721.8140283820549,1.0010501459995844
sigma_b.36,0.3336998756775,0.07618475475367921,0.2315307885,0.32266747,0.47864466449999993,1449.680075892138,1.0025691315135787
sigma_b.37,0.2181073482125,0.054856178046526,0.14738654250000002,0.20826810499999998,0.3183259329999999,1380.2153544505102,1.0006452459914708
sigma_b.38,0.2387526670875,0.05795332504763425,0.163618645,0.22902023999999999,0.34516153,1339.9741078086192,1.0001327614087832
sigma_b.39,0.54065033049,0.11462353346159519,0.387751948,0.5232823799999999,0.7515480914999999,1380.25211215472,1.0007464593532018
sigma_b.40,0.405030195755,0.09422329693931393,0.28245526,0.38951565499999996,0.5769272759999999,1603.2825325597667,1.0001949709321147
sigma_b.41,0.335058954775,0.08132887120495132,0.228819295,0.32233101,0.48477259699999975,1360.0518060002507,1.0004537036881582
sigma_b.42,0.3910283057425,0.08609359014356675,0.278208555,0.376086695,0.547730555,1478.5919992637048,1.0004252846160808
sigma_b.43,0.4757255976125,0.10324546382724233,0.336187861,0.46200184,0.6643927805000001,1842.9224564900856,0.9998426373871061
sigma_b.44,0.140543043598,0.03691657374172437,0.0926287291,0.134226685,0.208036334,1771.677469315334,0.9997834640758188
sigma_b.45,0.076443022537,0.022802165717681074,0.04712937185,0.07250898650000001,0.11908741499999999,1753.1454546617063,0.9999820945941733
sigma_b.46,0.18233013075575,0.046478675871467985,0.1231716835,0.17502404500000002,0.26587272549999996,1543.4867001731566,1.0011212496299604
sigma_b.47,0.15373984911875,0.03939336224382832,0.1025550075,0.147424055,0.22862277149999996,1527.8657363011446,1.000526921244013
sigma_b.48,0.14507229320425,0.04075800331136408,0.0925952904,0.138637685,0.2203892605,1586.8971609134744,1.0038928910842524
sigma_e.1,0.4400572072125,0.00721343002035378,0.428255706,0.44004543500000004,0.4520988505,3143.450090853453,0.9997759163844635
sigma_e.2,0.60817204174,0.00933120470077866,0.593216293,0.60791109,0.6235114669999999,2209.6097972455514,1.0008261887687853
sigma_e.3,0.30269137915,0.005176343949737199,0.2941714355,0.30271039,0.311117191,2952.582045796596,1.0006972704108423
sigma_e.4,0.448339242,0.006855066830865592,0.43690771750000007,0.448508855,0.459494756,3394.3469533267203,0.999762838932322
sigma_e.5,0.312070505035,0.004848215373879112,0.3040030385,0.31203728,0.31990416749999995,3438.705325410778,1.0005426138009008
sigma_e.6,0.459333501495,0.007238261051357177,0.4474307345,0.459335095,0.471103048,3355.818044270835,0.9998525217210708
sigma_e.7,0.3359868772925,0.004822042918456377,0.3282958185,0.33595973,0.343893375,7814.754203698755,1.0004722274565554
sigma_e.8,0.2941808596475,0.004131559081561573,0.287462318,0.29420276,0.30104515,7359.606558443472,0.9997840301393793
sigma_e.9,0.2771345658725,0.004278228975473072,0.27028797000000004,0.27713549000000004,0.28425898,5639.035133506966,1.0003016234466293
sigma_e.10,0.364763333495,0.005705728616112367,0.3555619565,0.364617275,0.3743200185,3490.6393212368444,1.0016577095495718
sigma_e.11,0.3223845533525,0.0048365229551923464,0.31451362450000003,0.32236822499999995,0.3302066315,4718.688348077184,1.0021457423514497
sigma_e.12,0.3128723566625,0.004880635465020486,0.30499141249999995,0.3127816,0.3208958695,3545.6261116458077,1.0001284532740384
sigma_e.13,0.32249104767,0.005106912994209794,0.314284022,0.32240574,0.3312159765,3766.0131316175557,0.9997922140554133
sigma_e.14,0.306315392245,0.004723520225813058,0.2987606095,0.306252985,0.31417284149999997,4336.83196170157,0.999798769478746
sigma_e.15,0.3522448769525,0.005622246576987598,0.3429642515,0.35211078500000004,0.361551803,3181.8924644304966,1.000140891348736
sigma_e.16,0.4647774298725,0.007076421392881218,0.45309437150000004,0.46455705999999997,0.476653076,3141.482409858854,1.000387711588411
sigma_e.17,0.4671725266775,0.007160911218388188,0.45551107299999993,0.46708781499999996,0.4788911229999999,3475.727251824187,0.9998101125470998
sigma_e.18,0.2895026302075,0.004673213026213144,0.2818822025,0.28950285,0.297355324,4157.500919856115,0.9998487639148177
sigma_e.19,0.38270272518,0.006072468410839858,0.3727511385,0.38263893000000004,0.3926020605,3083.0231854599956,1.0013936448375014
sigma_e.20,0.351901663405,0.005679936124598753,0.34256851549999995,0.35185993000000004,0.361425746,3877.4719112708613,0.9999771709120736
sigma_e.21,0.532661918925,0.0084511755756359,0.5186101375000001,0.532643145,0.5463546375,3591.9580075197055,0.9999651535010077
sigma_e.22,0.25686183986,0.004090293417035709,0.250209726,0.25687198499999997,0.2635127375,4043.421224982611,1.0005082210280838
sigma_e.23,0.3559800072475,0.005896777967829872,0.34641878049999997,0.35589549499999995,0.36580746550000004,3546.9569592275193,0.9999879617836073
sigma_e.24,0.382216602465,0.00626221471165645,0.3722123535,0.38214576499999997,0.3926048415,3405.4991374959855,0.9998986438642978
sigma_e.25,0.62487424438,0.010057470750529027,0.6084392465,0.62494166,0.6413809665000001,3166.7064060483062,1.0002488292011482
sigma_e.26,0.2609124739675,0.004389825082413747,0.253795218,0.26089494,0.268088317,4154.396054803059,1.0000196268346766
sigma_e.27,0.404117051635,0.006449575007210774,0.3935121175,0.404074485,0.41448011549999997,2998.8728804230695,1.0019571058116818
sigma_e.28,0.5530482852625,0.008299679614265039,0.53945449,0.553003535,0.5666921185,3461.538354753903,1.0002820125947127
sigma_e.29,0.5959851931175,0.009310147837394665,0.580995254,0.59605103,0.6111639915,3102.5048964175235,1.0005767161097858
sigma_e.30,0.24861093705,0.003838888009626555,0.242367063,0.248614435,0.25493886050000003,4036.1640782675495,1.0002487823520774
sigma_e.31,0.43010129744,0.006799413071541723,0.419014301,0.42992761,0.44127145599999995,3979.941083951752,0.9998847317870232
sigma_e.32,0.6310904622975,0.009845692800278184,0.6149997045,0.63099008,0.6474473654999999,3563.534642503237,1.000191922177836
sigma_e.33,0.3224314165425,0.005113536363174342,0.3143148435,0.322386375,0.3309357605,3793.3902719863845,1.0001829554603547
sigma_e.34,0.3007211530925,0.004838308181643606,0.292772571,0.30072321,0.308750657,2819.665605862601,0.999787236806299
sigma_e.35,0.5112922683175,0.008018351622554662,0.4982848855,0.5113228350000001,0.5245644195,3314.0283436592176,0.9999384267791861
sigma_e.36,0.3831385281075,0.00620380032067772,0.3731186055,0.38311302,0.3930458105,3662.152812044467,1.0002349328689906
sigma_e.37,0.2244490958975,0.0037989159404621382,0.2181271135,0.22445701,0.2307908935,2878.863016326667,1.000313129481769
sigma_e.38,0.275040234125,0.004619849999437877,0.267666244,0.274970485,0.2827236195,2868.540463543874,1.0007802513869173
sigma_e.39,0.36475021559,0.005859340947212929,0.355051027,0.36460313,0.3743867265,3045.8822982041124,1.0000298432567043
sigma_e.40,0.3857088181225,0.006205365354049902,0.37559538950000004,0.385738385,0.39597474199999994,2889.3116290018693,1.0001527010039843
sigma_e.41,0.4113278345275,0.006729616991054794,0.40043405600000004,0.41144067,0.4223359705,2847.3503215183027,0.9999801313128085
sigma_e.42,0.37011672725,0.005868101772989988,0.3606265765,0.36999252,0.379883225,2565.630233481265,1.000295167609831
sigma_e.43,0.533151813245,0.008378368023383131,0.5194657265,0.53303738,0.5468135644999998,2535.129557862045,1.0006130495213148
sigma_e.44,0.529798199025,0.008358091874766991,0.5159528265,0.52978714,0.5436127355,2872.8795939431443,1.0002731652626207
sigma_e.45,0.4509251929925,0.00739399537967,0.438898629,0.450895945,0.4632227335,2668.275122712022,1.001287905699878
sigma_e.46,0.4654409885775,0.007487618955840258,0.453331577,0.46532888,0.4780797115,3594.0261922916334,1.0001344551587117
sigma_e.47,0.397933543985,0.006238661599758014,0.38808579649999997,0.39776054,0.408082981,3704.657189363084,0.9999285573415067
sigma_e.48,0.6135012043325,0.009593439225820111,0.5978638815,0.61334086,0.6294955565,2994.9623688535694,0.9997855875159963
LLt.1.10,0.1762794588648393,0.01879152649988017,0.14611958759430604,0.175792710883179,0.20735089760443975,236.84880477698957,1.0051717851713544
