player_index,player_id
1,12
2,38
3,118
4,145
5,151
6,253
7,254
8,267
9,312
10,1720
11,1751
12,3269
13,3270
14,3274
15,3275
16,3276
17,3277
18,3280
19,3281
20,3282
21,3284
22,3285
23,3286
24,3287
25,3290
26,3291
27,3293
28,3294
29,3300
30,3301
31,3304
32,3305
33,3306
34,3309
35,3310
36,3313
37,3317
38,3321
39,3322
40,3324
41,3325
42,3326
43,3327
44,3334
45,3335
46,3336
47,3337
48,3338
49,3339
50,3340
51,3341
52,3344
53,3346
54,3347
55,3348
56,3349
57,3351
58,3352
59,3353
60,3355
61,3357
62,3358
63,3359
64,3360
65,3361
66,3368
67,3372
68,3374
69,3375
70,3378
71,3380
72,3381
73,3384
74,3394
75,3400
76,3403
77,3404
78,3407
79,3408
80,3409
81,3412
82,3413
83,3414
84,3418
85,3419
86,3420
87,3421
88,3423
89,3424
90,3425
91,3426
92,3431
93,3433
94,3434
95,3436
96,3440
97,3441
98,3442
99,3443
100,3446
101,3447
102,3448
103,3450
104,3451
105,3460
106,3464
107,3465
108,3466
109,3468
110,3470
111,3474
112,3476
113,3477
114,3479
115,3483
116,3484
117,3493
118,3496
119,3501
120,3503
121,3505
122,3510
123,3511
124,3523
125,3526
126,3527
127,3529
128,3534
129,3536
130,3537
131,3538
132,3539
133,3541
134,3542
135,3548
136,3556
137,3557
138,3560
139,3561
140,3562
141,3563
142,3565
143,3566
144,3567
145,3568
146,3571
147,3572
148,3576
149,3577
150,3585
151,3588
152,3594
153,3595
154,3598
155,3602
156,3603
157,3604
158,3605
159,3608
160,3629
161,3642
162,3644
163,3645
164,3650
165,3651
166,3653
167,3655
168,3656
169,3657
170,3665
171,3667
172,3670
173,3671
174,3672
175,3674
176,3675
177,3676
178,3677
179,3678
180,3680
181,3681
182,3682
183,3685
184,3691
185,3692
186,3695
187,3704
188,3705
189,3708
190,3714
191,3735
192,3738
193,3750
194,3779
195,3780
196,3781
197,3787
198,3788
199,3790
200,3791
201,3795
202,3797
203,3798
204,3801
205,3802
206,3803
207,3804
208,3806
209,3808
210,3812
211,3814
212,3816
213,3819
214,3826
215,3827
216,3828
217,3829
218,3835
219,3837
220,3840
221,3843
222,3856
223,3866
224,3874
225,3875
226,3885
227,3908
228,3916
229,3918
230,3919
231,3920
232,3922
233,3928
234,3933
235,3934
236,3937
237,3943
238,3969
239,3970
240,3972
241,3974
242,3975
243,3977
244,3979
245,3984
246,3987
247,3988
248,4000
249,4003
250,4007
251,4009
252,4012
253,4013
254,4014
255,4015
256,4017
257,4034
258,4048
259,4065
260,4078
261,4086
262,4093
263,4094
264,4102
265,4110
266,4113
267,4116
268,4127
269,4131
270,4180
271,4232
272,4234
273,4238
274,4239
275,4242
276,4243
277,4248
278,4249
279,4252
280,4256
281,4257
282,4268
283,4272
284,4278
285,4285
286,4288
287,4303
288,4325
289,4326
290,4329
291,4332
292,4336
293,4337
294,4338
295,4342
296,4344
297,4355
298,4358
299,4360
300,4361
301,4362
302,4363
303,4365
304,4366
305,4371
306,4375
307,4379
308,4424
309,4425
310,4440
311,4452
312,4487
313,4488
314,4492
315,4498
316,4501
317,4507
318,4509
319,4511
320,4513
321,4515
322,4580
323,4590
324,4592
325,4593
326,4597
327,4602
328,4683
329,4720
330,4757
331,4778
332,4780
333,4786
334,4789
335,4790
336,4791
337,4805
338,4821
339,4879
340,4880
341,4889
342,4892
343,4902
344,4908
345,4911
346,4918
347,4923
348,4936
349,4969
350,4997
351,5055
352,5112
353,5121
354,5138
355,5147
356,5167
357,5171
358,5195
359,5268
360,5280
361,5281
362,5284
363,5286
364,5289
365,5290
366,5291
367,5297
368,5318
369,5327
370,5383
371,5400
372,5472
373,5481
374,5538
375,5542
376,5653
377,5677
378,5725
379,5791
380,5875
381,5901
382,5902
383,5907
384,5910
385,5911
386,6035
387,6106
388,6165
389,6210
390,6281
391,6286
392,6287
393,6292
394,6317
395,6325
396,6338
397,6365
398,6369
399,6370
400,6386
401,6456
402,6513
403,6525
404,6528
405,6531
406,6572
407,6579
408,6684
409,6914
410,6925
411,6950
412,7069
413,7072
414,7302
415,7458
416,7585
417,7593
418,7612
419,7623
420,7624
421,7629
422,7693
423,7818
424,7857
425,7860
426,7864
427,7899
428,7908
429,7926
430,7941
431,7972
432,8032
433,8200
434,8213
435,8278
436,8287
437,8297
438,8309
439,8311
440,8317
441,8320
442,8323
443,8609
444,8945
445,11063
446,14687
447,14723
448,14724
449,14740
450,14748
451,14757
452,14763
453,14808
454,14817
455,14836
456,14852
457,14866
458,14893
459,14922
460,14943
461,15101
462,15111
463,15190
464,15214
465,15455
466,15817
467,20393
468,20401
469,20402
470,20406
471,20423
472,20433
473,20436
474,20441
475,20443
476,20450
477,20460
478,20475
479,20536
480,20547
481,20612
482,20618
483,20623
484,20636
485,20643
486,20672
487,20685
488,20722
489,20728
490,20733
491,20764
492,20766
493,20803
494,20808
495,20823
496,20884
497,20932
498,20936
499,20948
500,21077
501,21174
502,21550
503,21793
504,21842
505,21894
506,22202
507,22386
508,22566
509,22578
510,25391
511,25392
512,25397
513,25405
514,25407
515,25440
516,25441
517,25445
518,25452
519,25461
520,25470
521,25472
522,25477
523,25537
524,25553
525,25568
526,25577
527,25586
528,25590
529,25623
530,25638
531,25701
532,25707
533,25784
534,25785
535,25795
536,25798
537,25809
538,25831
539,25867
540,25888
541,25942
542,26032
543,26038
544,26065
545,26084
546,26167
547,26195
548,26307
549,26332
550,26384
551,26515
552,26518
553,26638
554,26652
555,26792
556,28115
557,28232
558,28292
559,28529
560,28922
561,29642
562,32577
563,32601
564,32652
565,32793
566,32968
567,32978
568,33219
569,37762
570,37814
571,37831
572,37836
573,38093
574,38094
575,38436
576,40542
577,40550
578,40574
579,40614
580,40756
581,40770
582,40800
583,40810
584,41029
585,41124
586,41339
587,41363
588,42183
589,43051
590,48354
591,50102
592,50213
593,51004
594,51217
595,55224
596,55968
597,55990
598,56009
599,56025
600,56408
601,57347
602,69403
603,69404
604,69409
605,69513
606,69610
607,70083
608,70085
609,70086
610,70094
611,70096
612,70112
613,70120
614,70121
615,70123
616,70125
617,70129
618,70136
619,70139
620,70140
621,70159
622,70164
623,70235
624,70315
625,70327
626,70391
627,70451
628,70507
629,70767
630,70956
631,70975
632,71004
633,71057
634,71911
635,71997
636,85113
637,86183
638,86198
639,86200
640,86220
641,86234
642,86239
643,86298
644,86307
645,86325
646,86328
647,86338
648,86507
649,86517
650,86548
651,86623
652,86716
653,86737
654,86796
655,86800
656,86828
657,86882
658,88642
659,88969
660,89073
661,89133
662,89550
663,89700
664,89712
665,90774
666,91064
667,91268
668,91282
669,91519
670,91702
671,92874
672,92886
673,92893
674,92910
675,93000
676,93003
677,93033
678,94764
679,94828
680,98072
681,101605
682,101635
683,101649
684,101707
685,101795
686,101847
687,101948
688,105330
689,105376
690,105378
691,105541
692,105616
693,105618
694,109110
695,112366
696,112370
697,112459
698,112522
699,112545
700,112556
701,112596
702,114055
703,114709
704,116161
705,116170
706,116259
707,116283
708,116299
709,116319
710,116405
711,116898
712,122859
713,125250
714,127591
715,127598
716,127609
717,127719
718,127928
719,128171
720,128230
721,128742
722,130196
723,134163
724,134170
725,134174
726,134175
727,134177
728,134249
729,134476
730,134502
731,134503
732,134513
733,134702
734,134769
735,135103
736,135561
737,135807
738,135848
739,135903
740,135909
741,135919
742,135923
743,135927
744,135938
745,136164
746,137298
747,139075
748,140125
749,141176
750,142755
751,144628
752,146302
753,149389
754,167118
755,167119
756,167120
757,167131
758,167145
759,167149
760,167641
761,169000
762,169002
763,170595
764,171643
765,189976
766,190172
767,193984
768,207001
769,208694
770,208942
771,208945
772,208972
773,209012
774,211853
775,211885
776,212074
777,212621
778,212625
779,212644
780,212651
781,213124
782,213131
783,213308
784,213365
785,213714
786,213948
787,214062
788,215983
789,217031
790,218549
791,220656
792,222439
793,222464
794,222770
795,223681
796,224080
797,225022
798,225084
799,225085
800,225089
801,225939
802,225946
803,225948
804,225996
805,226005
806,227756
807,227894
808,228902
809,228963
810,230626
811,230857
812,230862
813,230863
814,230883
815,230895
816,230897
817,230934
818,230955
819,230970
820,231713
821,234527
822,237018
823,237034
824,237262
825,237269
826,238564
827,239843
828,240445
829,240567
830,240609
831,240680
832,241945
833,242697
834,247141
835,247169
836,247207
837,247212
838,247219
839,247220
840,247222
841,247671
842,248846
843,249917
844,250805
845,250885
846,250899
847,251447
848,251565
849,251570
850,252924
851,254188
852,254189
853,254408
854,254649
855,254898
856,255254
857,255256
858,255433
859,255738
860,256854
861,256998
862,257752
863,258022
864,258264
865,258591
866,258625
867,258907
868,259946
869,261127
870,262121
871,263091
872,263105
873,263147
874,265369
875,265376
876,265807
877,265833
878,265864
879,266885
880,268776
881,269060
882,269137
883,270037
884,270866
885,274344
886,274435
887,275293
888,275296
889,275298
890,275338
891,275384
892,275417
893,275419
894,275485
895,276944
896,276979
897,278007
898,278015
899,278049
900,278278
901,278288
902,278289
903,278324
904,278348
905,278383
906,278867
907,279526
908,279533
909,279538
910,279539
911,279545
912,279555
913,279560
914,279566
915,279567
916,279569
917,279571
918,280383
919,281069
920,281255
921,282438
922,282439
923,282441
924,282442
925,282444
926,282448
927,282449
928,282790
929,284322
930,285109
931,285509
932,285590
933,285727
934,285743
935,286030
936,286248
937,286390
938,286448
939,286830
940,286963
941,286994
942,287003
943,287219
944,288081
945,288091
946,288108
947,288112
948,288865
949,290215
950,290954
951,291231
952,291528
953,292654
954,292991
955,293333
956,293862
957,294415
958,295225
959,295234
960,297043
961,297921
962,298353
963,299246
964,300485
965,301016
966,302292
967,302540
968,302542
969,302550
970,303078
971,326523
972,326525
973,326535
974,326547
975,329064
976,330728
977,331385
978,331583
979,333565
980,333571
981,334154
982,334175
983,334817
984,336371
985,336517
986,337068
987,337070
988,338201
989,338429
990,339690
991,339789
992,339790
993,339791
994,339794
995,339799
996,339801
997,339812
998,339857
999,339885
1000,340706
1001,341751
1002,341752
1003,342785
1004,343925
1005,344014
1006,344039
1007,344040
1008,344049
1009,344051
1010,344053
1011,344068
1012,344075
1013,344086
1014,344100
1015,344102
1016,344104
1017,344118
1018,344120
1019,344132
1020,344140
1021,344153
1022,344198
1023,344444
1024,344936
1025,346071
1026,346119
1027,346195
1028,346551
1029,347333
1030,350992
1031,352747
1032,352761
1033,352787
1034,352788
1035,352789
1036,353331
1037,353833
1038,354123
1039,354547
1040,355597
1041,355599
1042,356237
1043,357806
1044,357946
1045,357981
1046,357991
1047,357992
1048,358801
1049,359847
1050,360981
1051,363717
1052,364003
1053,364005
1054,364086
1055,364772
1056,364817
1057,364820
1058,364845
1059,364846
1060,364850
1061,364860
1062,364864
1063,364870
1064,366401
1065,366581
1066,366584
1067,367391
1068,367503
1069,368110
1070,372752
1071,372753
1072,373016
1073,373410
1074,373541
1075,373713
1076,374800
1077,375011
1078,375335
1079,375350
1080,375771
1081,376362
1082,377083
1083,380709
1084,381233
1085,382622
1086,384066
1087,385273
1088,386686
1089,387785
1090,387799
1091,387803
1092,387840
1093,388976
1094,393214
1095,393881
1096,395114
1097,395134
1098,395636
1099,396475
1100,396513
1101,397033
1102,397060
1103,397109
1104,397178
1105,397303
1106,399599
1107,399652
1108,399676
1109,400544
1110,400549
1111,400691
1112,401158
1113,401550
1114,402004
1115,402854
1116,403246
1117,403260
1118,403448
1119,403706
1120,404328
1121,404397
1122,404693
1123,404757
1124,405603
1125,405976
1126,405977
1127,405979
1128,406454
1129,408293
1130,408307
1131,410026
1132,410055
1133,410062
1134,410872
1135,411422
1136,412897
1137,413041
1138,413597
1139,413891
1140,414193
1141,419225
1142,420532
1143,422517
1144,422519
1145,422520
1146,423157
1147,424624
1148,425893
1149,427886
1150,428131
1151,431540
1152,434145
1153,435472
1154,435759
1155,436688
1156,436785
1157,439778
1158,441230
1159,443324
1160,444669
1161,445504
1162,446062
1163,446483
1164,446859
1165,447358
1166,447821
1167,449817
1168,449920
1169,450650
1170,450769
1171,450776
1172,450784
1173,450785
1174,451235
1175,452264
1176,452269
1177,452293
1178,453251
1179,453270
1180,456053
1181,460552
1182,470747
1183,470934
1184,471583
1185,471753
1186,471761
1187,471764
1188,471991
1189,471999
1190,472191
1191,472519
1192,472696
1193,473327
1194,473364
1195,473366
1196,473367
1197,473371
1198,474104
1199,475041
1200,477082
1201,477106
1202,477211
1203,477352
1204,478999
1205,480138
1206,480145
1207,481322
1208,481618
1209,482369
1210,483256
1211,485083
1212,485271
1213,485383
1214,486425
1215,487598
1216,487752
1217,487756
1218,488961
1219,489417
1220,489488
1221,489695
1222,490458
1223,490863
1224,492443
1225,493295
1226,493898
1227,494315
1228,494337
1229,495404
1230,495674
1231,496400
1232,496493
1233,498350
1234,498373
1235,499596
1236,499843
1237,500200
1238,501165
1239,501471
1240,503338
1241,504301
1242,504303
1243,504689
1244,507495
1245,507738
1246,508021
1247,508440
1248,511155
1249,512982
1250,514494
1251,515713
1252,517437
1253,518092
1254,518746
1255,518905
1256,519494
1257,523326
1258,524274
1259,525104
1260,525126
1261,525130
1262,527100
1263,527102
1264,528925
1265,529349
1266,530689
1267,531592
1268,532467
1269,532627
1270,532815
1271,532831
1272,534083
1273,535789
1274,535845
1275,536058
1276,536142
1277,536150
1278,536152
1279,536640
1280,537185
1281,537561
1282,542101
1283,542945
1284,544210
1285,544844
1286,544859
1287,544862
1288,545296
1289,545569
1290,545811
1291,545942
1292,545943
1293,545944
1294,546242
1295,546482
1296,546863
1297,547260
1298,547492
1299,547496
1300,549129
1301,550229
1302,550459
1303,550927
1304,551304
1305,551419
1306,551442
1307,551596
1308,552232
1309,552234
1310,552240
1311,552245
1312,553292
1313,553381
1314,554406
1315,556923
1316,557066
1317,557401
1318,557942
1319,558581
1320,558739
1321,558754
1322,558779
1323,559043
1324,559200
1325,559368
1326,559647
1327,559718
1328,560353
1329,560889
1330,561186
1331,561189
1332,561190
1333,563391
1334,563961
1335,563968
1336,565630
1337,566942
1338,567016
1339,567461
1340,568583
1341,569212
1342,574784
1343,574907
1344,578270
1345,579987
1346,580127
1347,582098
1348,582472
1349,583159
1350,583880
1351,584520
1352,584522
1353,584914
1354,584938
1355,585048
1356,585538
1357,585816
1358,589805
1359,589806
1360,590503
1361,590721
1362,591410
1363,592582
1364,593103
1365,593173
1366,593442
1367,593803
1368,595008
1369,595598
1370,596052
1371,596691
1372,596822
1373,598620
1374,599551
1375,599560
1376,601166
1377,601275
1378,601297
1379,601883
1380,602620
1381,603778
1382,603901
1383,604055
1384,604122
1385,605383
1386,605385
1387,606670
1388,607496
1389,609127
1390,611298
1391,611437
1392,611463
1393,612174
1394,617894
1395,618294
1396,618690
1397,618697
1398,619855
1399,620193
1400,621020
1401,621046
1402,621207
1403,622288
1404,622390
1405,622787
1406,624498
1407,624613
1408,624615
1409,624774
1410,624854
1411,626123
1412,626229
1413,631404
1414,631908
1415,633438
1416,634204
1417,634666
1418,636122
1419,639038
1420,642237
1421,643199
1422,643875
1423,644114
1424,645035
1425,645789
1426,645877
1427,647161
1428,648423
1429,652014
1430,652912
1431,653322
1432,654823
1433,655335
1434,655656
1435,657882
1436,659244
1437,661732
1438,663974
1439,669602
1440,670456
1441,678620
1442,682943
1443,683194
1444,683848
1445,688446
1446,689107
1447,691939
1448,693939
1449,693943
1450,694062
1451,694195
1452,694310
1453,694506
1454,696440
1455,696658
1456,697957
1457,700268
1458,703740
1459,706732
1460,708179
1461,711011
1462,712305
1463,712692
1464,712871
1465,713064
1466,713622
1467,713837
1468,713838
1469,720559
1470,722550
1471,722567
1472,724440
1473,740187
1474,743429
1475,743536
1476,744761
1477,744811
1478,744854
1479,746346
1480,747916
1481,764899
1482,767660
1483,769463
1484,769471
1485,769742
1486,770387
1487,770391
1488,770398
1489,771062
1490,773942
1491,776387
1492,776656
1493,777938
1494,778343
1495,778363
1496,780739
1497,784394
1498,786686
1499,787348
1500,788748
1501,788852
1502,805039
1503,808262
1504,808345
1505,809746
1506,812973
1507,814546
1508,814737
1509,818689
1510,826049
1511,831472
1512,838872
1513,843681
1514,844244
1515,855222
1516,856312
1517,860728
1518,879047
1519,879052
1520,911027
1521,916711
1522,935301
1523,938660
1524,947211
1525,947678
1526,1016232
1527,1075948
1528,1127679
1529,1182657
